treat,age,education,black,hispanic,married,nodegree,re74,re75,re78
1,37.0,11.0,1.0,0.0,1.0,1.0,0.0,0.0,9930.046
1,22.0,9.0,0.0,1.0,0.0,1.0,0.0,0.0,3595.894
1,30.0,12.0,1.0,0.0,0.0,0.0,0.0,0.0,24909.45
1,27.0,11.0,1.0,0.0,0.0,1.0,0.0,0.0,7506.146
1,33.0,8.0,1.0,0.0,0.0,1.0,0.0,0.0,289.7899
1,22.0,9.0,1.0,0.0,0.0,1.0,0.0,0.0,4056.494
1,23.0,12.0,1.0,0.0,0.0,0.0,0.0,0.0,0.0
1,32.0,11.0,1.0,0.0,0.0,1.0,0.0,0.0,8472.158
1,22.0,16.0,1.0,0.0,0.0,0.0,0.0,0.0,2164.022
1,33.0,12.0,0.0,0.0,1.0,0.0,0.0,0.0,12418.07
1,19.0,9.0,1.0,0.0,0.0,1.0,0.0,0.0,8173.908
1,21.0,13.0,1.0,0.0,0.0,0.0,0.0,0.0,17094.64
1,18.0,8.0,1.0,0.0,0.0,1.0,0.0,0.0,0.0
1,27.0,10.0,1.0,0.0,1.0,1.0,0.0,0.0,18739.93
1,17.0,7.0,1.0,0.0,0.0,1.0,0.0,0.0,3023.879
1,19.0,10.0,1.0,0.0,0.0,1.0,0.0,0.0,3228.503
1,27.0,13.0,1.0,0.0,0.0,0.0,0.0,0.0,14581.86
1,23.0,10.0,1.0,0.0,0.0,1.0,0.0,0.0,7693.4
1,40.0,12.0,1.0,0.0,0.0,0.0,0.0,0.0,10804.32
1,26.0,12.0,1.0,0.0,0.0,0.0,0.0,0.0,10747.35
1,23.0,11.0,1.0,0.0,0.0,1.0,0.0,0.0,0.0
1,41.0,14.0,0.0,0.0,0.0,0.0,0.0,0.0,5149.501
1,38.0,9.0,0.0,0.0,0.0,1.0,0.0,0.0,6408.95
1,24.0,11.0,1.0,0.0,0.0,1.0,0.0,0.0,1991.4
1,18.0,10.0,1.0,0.0,0.0,1.0,0.0,0.0,11163.17
1,29.0,11.0,1.0,0.0,1.0,1.0,0.0,0.0,9642.999
1,25.0,11.0,1.0,0.0,0.0,1.0,0.0,0.0,9897.049
1,27.0,10.0,0.0,1.0,0.0,1.0,0.0,0.0,11142.87
1,17.0,10.0,1.0,0.0,0.0,1.0,0.0,0.0,16218.04
1,24.0,11.0,1.0,0.0,0.0,1.0,0.0,0.0,995.7002
1,17.0,10.0,1.0,0.0,0.0,1.0,0.0,0.0,0.0
1,48.0,4.0,1.0,0.0,0.0,1.0,0.0,0.0,6551.592
1,25.0,11.0,1.0,0.0,1.0,1.0,0.0,0.0,1574.424
1,20.0,12.0,1.0,0.0,0.0,0.0,0.0,0.0,0.0
1,25.0,12.0,1.0,0.0,0.0,0.0,0.0,0.0,3191.753
1,42.0,14.0,1.0,0.0,0.0,0.0,0.0,0.0,20505.93
1,25.0,5.0,1.0,0.0,0.0,1.0,0.0,0.0,6181.88
1,23.0,12.0,1.0,0.0,1.0,0.0,0.0,0.0,5911.551
1,46.0,8.0,1.0,0.0,1.0,1.0,0.0,0.0,3094.156
1,24.0,10.0,1.0,0.0,0.0,1.0,0.0,0.0,0.0
1,21.0,12.0,1.0,0.0,0.0,0.0,0.0,0.0,1254.582
1,19.0,9.0,0.0,0.0,0.0,1.0,0.0,0.0,13188.83
1,17.0,8.0,1.0,0.0,0.0,1.0,0.0,0.0,8061.485
1,18.0,8.0,0.0,1.0,1.0,1.0,0.0,0.0,2787.96
1,20.0,11.0,1.0,0.0,0.0,1.0,0.0,0.0,3972.54
1,25.0,11.0,1.0,0.0,1.0,1.0,0.0,0.0,0.0
1,17.0,8.0,1.0,0.0,0.0,1.0,0.0,0.0,0.0
1,17.0,9.0,1.0,0.0,0.0,1.0,0.0,0.0,0.0
1,25.0,5.0,1.0,0.0,0.0,1.0,0.0,0.0,12187.41
1,23.0,12.0,1.0,0.0,0.0,0.0,0.0,0.0,4843.176
1,28.0,8.0,1.0,0.0,0.0,1.0,0.0,0.0,0.0
1,31.0,11.0,1.0,0.0,1.0,1.0,0.0,0.0,8087.487
1,18.0,11.0,1.0,0.0,0.0,1.0,0.0,0.0,0.0
1,25.0,12.0,1.0,0.0,0.0,0.0,0.0,0.0,2348.973
1,30.0,11.0,1.0,0.0,1.0,1.0,0.0,0.0,590.7818
1,17.0,10.0,1.0,0.0,0.0,1.0,0.0,0.0,0.0
1,37.0,9.0,1.0,0.0,0.0,1.0,0.0,0.0,1067.506
1,41.0,4.0,1.0,0.0,1.0,1.0,0.0,0.0,7284.986
1,42.0,14.0,1.0,0.0,1.0,0.0,0.0,0.0,13167.52
1,22.0,11.0,0.0,0.0,0.0,1.0,0.0,0.0,1048.432
1,17.0,8.0,1.0,0.0,0.0,1.0,0.0,0.0,0.0
1,29.0,8.0,1.0,0.0,0.0,1.0,0.0,0.0,1923.938
1,35.0,10.0,1.0,0.0,0.0,1.0,0.0,0.0,4666.236
1,27.0,11.0,1.0,0.0,0.0,1.0,0.0,0.0,549.2984
1,29.0,4.0,1.0,0.0,0.0,1.0,0.0,0.0,762.9146
1,28.0,9.0,1.0,0.0,0.0,1.0,0.0,0.0,10694.29
1,27.0,11.0,1.0,0.0,0.0,1.0,0.0,0.0,0.0
1,23.0,7.0,0.0,0.0,0.0,1.0,0.0,0.0,0.0
1,45.0,5.0,1.0,0.0,1.0,1.0,0.0,0.0,8546.715
1,29.0,13.0,1.0,0.0,0.0,0.0,0.0,0.0,7479.656
1,27.0,9.0,1.0,0.0,0.0,1.0,0.0,0.0,0.0
1,46.0,13.0,1.0,0.0,0.0,0.0,0.0,0.0,647.2046
1,18.0,6.0,1.0,0.0,0.0,1.0,0.0,0.0,0.0
1,25.0,12.0,1.0,0.0,0.0,0.0,0.0,0.0,11965.81
1,28.0,15.0,1.0,0.0,0.0,0.0,0.0,0.0,9598.541
1,25.0,11.0,0.0,0.0,0.0,1.0,0.0,0.0,18783.35
1,22.0,12.0,1.0,0.0,0.0,0.0,0.0,0.0,18678.08
1,21.0,9.0,1.0,0.0,0.0,1.0,0.0,0.0,0.0
1,40.0,11.0,1.0,0.0,0.0,1.0,0.0,0.0,23005.6
1,22.0,11.0,1.0,0.0,0.0,1.0,0.0,0.0,6456.697
1,25.0,12.0,1.0,0.0,0.0,0.0,0.0,0.0,0.0
1,18.0,12.0,1.0,0.0,0.0,0.0,0.0,0.0,2321.107
1,38.0,12.0,0.0,0.0,0.0,0.0,0.0,0.0,4941.849
1,27.0,13.0,1.0,0.0,0.0,0.0,0.0,0.0,0.0
1,27.0,8.0,1.0,0.0,0.0,1.0,0.0,0.0,0.0
1,38.0,11.0,1.0,0.0,0.0,1.0,0.0,0.0,0.0
1,23.0,8.0,0.0,1.0,0.0,1.0,0.0,0.0,3881.284
1,26.0,11.0,1.0,0.0,0.0,1.0,0.0,0.0,17230.96
1,21.0,12.0,0.0,0.0,0.0,0.0,0.0,0.0,8048.603
1,25.0,8.0,1.0,0.0,0.0,1.0,0.0,0.0,0.0
1,31.0,11.0,1.0,0.0,1.0,1.0,0.0,0.0,14509.93
1,17.0,10.0,1.0,0.0,0.0,1.0,0.0,0.0,0.0
1,25.0,11.0,1.0,0.0,0.0,1.0,0.0,0.0,0.0
1,21.0,12.0,1.0,0.0,0.0,0.0,0.0,0.0,9983.784
1,44.0,11.0,1.0,0.0,0.0,1.0,0.0,0.0,0.0
1,25.0,12.0,0.0,0.0,0.0,0.0,0.0,0.0,5587.503
1,18.0,9.0,1.0,0.0,0.0,1.0,0.0,0.0,4482.845
1,42.0,12.0,1.0,0.0,0.0,0.0,0.0,0.0,2456.153
1,25.0,10.0,1.0,0.0,0.0,1.0,0.0,0.0,0.0
1,31.0,9.0,0.0,1.0,0.0,1.0,0.0,0.0,26817.6
1,24.0,10.0,1.0,0.0,0.0,1.0,0.0,0.0,0.0
1,26.0,10.0,1.0,0.0,0.0,1.0,0.0,0.0,9265.788
1,25.0,11.0,1.0,0.0,0.0,1.0,0.0,0.0,485.2298
1,18.0,11.0,1.0,0.0,0.0,1.0,0.0,0.0,4814.627
1,19.0,11.0,1.0,0.0,0.0,1.0,0.0,0.0,7458.105
1,43.0,9.0,1.0,0.0,0.0,1.0,0.0,0.0,0.0
1,27.0,13.0,1.0,0.0,0.0,0.0,0.0,0.0,34099.28
1,17.0,9.0,1.0,0.0,0.0,1.0,0.0,0.0,1953.268
1,30.0,11.0,1.0,0.0,0.0,1.0,0.0,0.0,0.0
1,26.0,10.0,1.0,0.0,1.0,1.0,2027.999,0.0,0.0
1,20.0,9.0,1.0,0.0,0.0,1.0,6083.994,0.0,8881.665
1,17.0,9.0,0.0,1.0,0.0,1.0,445.1704,74.34345,6210.67
1,20.0,12.0,1.0,0.0,0.0,0.0,989.2678,165.2077,0.0
1,18.0,11.0,1.0,0.0,0.0,1.0,858.2543,214.5636,929.8839
1,27.0,12.0,1.0,0.0,1.0,0.0,3670.872,334.0493,0.0
1,21.0,12.0,0.0,0.0,0.0,0.0,3670.872,334.0494,12558.02
1,27.0,12.0,1.0,0.0,0.0,0.0,2143.413,357.9499,22163.25
1,20.0,12.0,1.0,0.0,0.0,0.0,0.0,377.5686,1652.637
1,19.0,10.0,1.0,0.0,0.0,1.0,0.0,385.2741,8124.715
1,23.0,12.0,1.0,0.0,0.0,0.0,5506.308,501.0741,671.3318
1,29.0,14.0,1.0,0.0,0.0,0.0,0.0,679.6734,17814.98
1,18.0,10.0,1.0,0.0,0.0,1.0,0.0,798.9079,9737.154
1,19.0,9.0,1.0,0.0,0.0,1.0,0.0,798.9079,17685.18
1,27.0,13.0,0.0,0.0,1.0,0.0,9381.566,853.7225,0.0
1,18.0,11.0,0.0,0.0,0.0,1.0,3678.231,919.5579,4321.705
1,27.0,9.0,1.0,0.0,1.0,1.0,0.0,934.4454,1773.423
1,22.0,12.0,1.0,0.0,0.0,0.0,5605.852,936.1773,0.0
1,23.0,10.0,1.0,0.0,1.0,1.0,0.0,936.4386,11233.26
1,23.0,12.0,0.0,1.0,0.0,0.0,9385.74,1117.439,559.4432
1,20.0,11.0,1.0,0.0,0.0,1.0,3637.498,1220.836,1085.44
1,17.0,9.0,1.0,0.0,0.0,1.0,1716.509,1253.439,5445.2
1,28.0,11.0,1.0,0.0,0.0,1.0,0.0,1284.079,60307.93
1,26.0,11.0,1.0,0.0,1.0,1.0,0.0,1392.853,1460.36
1,20.0,11.0,1.0,0.0,0.0,1.0,16318.62,1484.994,6943.342
1,24.0,11.0,1.0,0.0,1.0,1.0,824.3886,1666.113,4032.708
1,31.0,9.0,1.0,0.0,0.0,1.0,0.0,1698.607,10363.27
1,23.0,8.0,0.0,0.0,1.0,1.0,0.0,1713.15,4232.309
1,18.0,10.0,1.0,0.0,0.0,1.0,2143.411,1784.274,11141.39
1,29.0,12.0,1.0,0.0,0.0,0.0,10881.94,1817.284,0.0
1,26.0,11.0,0.0,0.0,0.0,1.0,0.0,2226.266,13385.86
1,24.0,9.0,1.0,0.0,0.0,1.0,9154.7,2288.675,4849.559
1,25.0,12.0,1.0,0.0,0.0,0.0,14426.79,2409.274,0.0
1,24.0,10.0,1.0,0.0,0.0,1.0,4250.402,2421.947,1660.508
1,46.0,8.0,1.0,0.0,0.0,1.0,3165.658,2594.723,0.0
1,31.0,12.0,0.0,0.0,0.0,0.0,0.0,2611.218,2484.549
1,19.0,11.0,1.0,0.0,0.0,1.0,2305.026,2615.276,4146.603
1,19.0,8.0,1.0,0.0,0.0,1.0,0.0,2657.057,9970.681
1,27.0,11.0,1.0,0.0,0.0,1.0,2206.94,2666.274,0.0
1,26.0,11.0,1.0,0.0,1.0,1.0,0.0,2754.646,26372.28
1,20.0,10.0,1.0,0.0,0.0,1.0,5005.731,2777.355,5615.189
1,28.0,10.0,1.0,0.0,0.0,1.0,0.0,2836.506,3196.571
1,24.0,12.0,1.0,0.0,0.0,0.0,13765.75,2842.764,6167.681
1,19.0,8.0,1.0,0.0,0.0,1.0,2636.353,2937.264,7535.942
1,23.0,12.0,1.0,0.0,0.0,0.0,6269.341,3039.96,8484.239
1,42.0,9.0,1.0,0.0,1.0,1.0,0.0,3058.531,1294.409
1,25.0,13.0,1.0,0.0,0.0,0.0,12362.93,3090.732,0.0
1,18.0,9.0,1.0,0.0,0.0,1.0,0.0,3287.375,5010.342
1,21.0,12.0,1.0,0.0,0.0,0.0,6473.683,3332.409,9371.037
1,27.0,10.0,1.0,0.0,0.0,1.0,1001.146,3550.075,0.0
1,21.0,8.0,1.0,0.0,0.0,1.0,989.2678,3695.897,4279.613
1,22.0,9.0,1.0,0.0,0.0,1.0,2192.877,3836.986,3462.564
1,31.0,4.0,1.0,0.0,0.0,1.0,8517.589,4023.211,7382.549
1,24.0,10.0,1.0,0.0,1.0,1.0,11703.2,4078.152,0.0
1,29.0,10.0,1.0,0.0,0.0,1.0,0.0,4398.95,0.0
1,29.0,12.0,1.0,0.0,0.0,0.0,9748.387,4878.937,10976.51
1,19.0,10.0,0.0,0.0,0.0,1.0,0.0,5324.109,13829.62
1,19.0,11.0,0.0,1.0,1.0,1.0,5424.485,5463.803,6788.463
1,31.0,9.0,1.0,0.0,0.0,1.0,10717.03,5517.841,9558.501
1,22.0,10.0,1.0,0.0,1.0,1.0,1468.348,5588.664,13228.28
1,21.0,9.0,1.0,0.0,0.0,1.0,6416.47,5749.331,743.6666
1,17.0,10.0,1.0,0.0,0.0,1.0,1291.468,5793.852,5522.788
1,26.0,12.0,1.0,0.0,1.0,0.0,8408.762,5794.831,1424.944
1,20.0,9.0,0.0,1.0,0.0,1.0,12260.78,5875.049,1358.643
1,19.0,10.0,1.0,0.0,0.0,1.0,4121.949,6056.754,0.0
1,26.0,10.0,1.0,0.0,0.0,1.0,25929.68,6788.958,672.8773
1,28.0,11.0,1.0,0.0,0.0,1.0,1929.029,6871.856,0.0
1,22.0,12.0,0.0,1.0,1.0,0.0,492.2305,7055.702,10092.83
1,33.0,11.0,1.0,0.0,0.0,1.0,0.0,7867.916,6281.433
1,22.0,12.0,0.0,0.0,0.0,0.0,6759.994,8455.504,12590.71
1,29.0,10.0,0.0,1.0,0.0,1.0,0.0,8853.674,5112.014
1,33.0,12.0,1.0,0.0,1.0,0.0,20279.95,10941.35,15952.6
1,25.0,14.0,1.0,0.0,1.0,0.0,35040.07,11536.57,36646.95
1,35.0,9.0,1.0,0.0,1.0,1.0,13602.43,13830.64,12803.97
1,35.0,8.0,1.0,0.0,1.0,1.0,13732.07,17976.15,3786.628
1,33.0,11.0,1.0,0.0,1.0,1.0,14660.71,25142.24,4181.942
0,47.0,12.0,0.0,0.0,0.0,0.0,0.0,0.0,0.0
0,50.0,12.0,1.0,0.0,1.0,0.0,0.0,0.0,0.0
0,44.0,12.0,0.0,0.0,0.0,0.0,0.0,0.0,0.0
0,28.0,12.0,1.0,0.0,1.0,0.0,0.0,0.0,0.0
0,54.0,12.0,0.0,0.0,1.0,0.0,0.0,0.0,0.0
0,55.0,12.0,0.0,1.0,1.0,0.0,0.0,0.0,0.0
0,47.0,12.0,0.0,0.0,1.0,0.0,0.0,0.0,0.0
0,25.0,12.0,1.0,0.0,0.0,0.0,0.0,0.0,0.0
0,44.0,12.0,0.0,0.0,1.0,0.0,0.0,0.0,0.0
0,50.0,12.0,1.0,0.0,1.0,0.0,0.0,0.0,0.0
0,23.0,12.0,1.0,0.0,0.0,0.0,0.0,0.0,4728.725
0,49.0,14.0,0.0,0.0,1.0,0.0,0.0,0.0,0.0
0,55.0,14.0,0.0,0.0,1.0,0.0,0.0,0.0,0.0
0,34.0,14.0,1.0,0.0,1.0,0.0,0.0,0.0,0.0
0,34.0,16.0,0.0,0.0,1.0,0.0,0.0,0.0,11821.813
0,55.0,13.0,0.0,1.0,1.0,0.0,0.0,0.0,0.0
0,52.0,12.0,0.0,0.0,1.0,0.0,0.0,0.0,0.0
0,52.0,15.0,0.0,0.0,1.0,0.0,0.0,0.0,0.0
0,30.0,16.0,0.0,0.0,1.0,0.0,0.0,0.0,0.0
0,21.0,12.0,0.0,0.0,0.0,0.0,0.0,0.0,0.0
0,30.0,17.0,0.0,0.0,0.0,0.0,0.0,0.0,0.0
0,44.0,12.0,0.0,0.0,1.0,0.0,0.0,0.0,0.0
0,46.0,12.0,0.0,0.0,0.0,0.0,0.0,0.0,0.0
0,53.0,17.0,0.0,0.0,1.0,0.0,0.0,0.0,0.0
0,26.0,16.0,0.0,0.0,0.0,0.0,0.0,0.0,9014.132
0,49.0,12.0,0.0,0.0,1.0,0.0,0.0,0.0,13299.539
0,39.0,15.0,0.0,0.0,1.0,0.0,0.0,0.0,1921.0446
0,26.0,17.0,0.0,0.0,1.0,0.0,0.0,0.0,11821.813
0,32.0,16.0,0.0,0.0,1.0,0.0,0.0,0.0,0.0
0,34.0,12.0,0.0,0.0,1.0,0.0,0.0,0.0,0.0
0,31.0,14.0,0.0,0.0,1.0,0.0,0.0,0.0,0.0
0,39.0,17.0,0.0,1.0,1.0,0.0,0.0,0.0,8866.359
0,40.0,17.0,0.0,0.0,1.0,0.0,0.0,0.0,0.0
0,31.0,12.0,0.0,0.0,1.0,0.0,0.0,0.0,0.0
0,27.0,13.0,0.0,0.0,1.0,0.0,0.0,0.0,28076.805
0,48.0,12.0,0.0,0.0,1.0,0.0,0.0,0.0,0.0
0,41.0,13.0,0.0,0.0,1.0,0.0,0.0,0.0,0.0
0,26.0,14.0,0.0,0.0,0.0,0.0,0.0,0.0,0.0
0,50.0,17.0,0.0,0.0,0.0,0.0,0.0,0.0,0.0
0,48.0,12.0,0.0,0.0,1.0,0.0,0.0,0.0,12930.108
0,45.0,16.0,0.0,0.0,1.0,0.0,0.0,0.0,0.0
0,37.0,13.0,0.0,0.0,1.0,0.0,0.0,0.0,0.0
0,33.0,12.0,0.0,0.0,1.0,0.0,0.0,0.0,0.0
0,31.0,12.0,0.0,0.0,1.0,0.0,0.0,0.0,0.0
0,36.0,12.0,1.0,0.0,1.0,0.0,0.0,0.0,17732.719
0,44.0,13.0,0.0,0.0,1.0,0.0,0.0,0.0,0.0
0,28.0,17.0,0.0,0.0,1.0,0.0,0.0,0.0,0.0
0,30.0,17.0,0.0,0.0,1.0,0.0,0.0,0.0,0.0
0,42.0,16.0,0.0,0.0,1.0,0.0,0.0,0.0,0.0
0,30.0,12.0,0.0,0.0,1.0,0.0,0.0,0.0,0.0
0,27.0,16.0,0.0,0.0,1.0,0.0,0.0,0.0,0.0
0,37.0,12.0,0.0,0.0,1.0,0.0,0.0,0.0,0.0
0,37.0,12.0,0.0,0.0,1.0,0.0,0.0,0.0,0.0
0,45.0,12.0,0.0,0.0,1.0,0.0,0.0,0.0,22165.898
0,35.0,16.0,0.0,0.0,1.0,0.0,0.0,0.0,0.0
0,37.0,17.0,0.0,0.0,1.0,0.0,0.0,0.0,66497.695
0,27.0,17.0,0.0,0.0,1.0,0.0,0.0,0.0,0.0
0,47.0,14.0,0.0,0.0,1.0,0.0,0.0,0.0,0.0
0,48.0,12.0,0.0,0.0,1.0,0.0,0.0,0.0,0.0
0,42.0,12.0,0.0,0.0,1.0,0.0,0.0,0.0,0.0
0,43.0,12.0,0.0,0.0,1.0,0.0,0.0,0.0,0.0
0,46.0,12.0,0.0,0.0,1.0,0.0,0.0,0.0,0.0
0,46.0,12.0,0.0,0.0,1.0,0.0,0.0,0.0,0.0
0,46.0,12.0,0.0,0.0,1.0,0.0,0.0,0.0,0.0
0,29.0,16.0,0.0,0.0,1.0,0.0,0.0,0.0,8396.442
0,39.0,13.0,0.0,0.0,1.0,0.0,0.0,0.0,0.0
0,32.0,12.0,0.0,0.0,1.0,0.0,0.0,0.0,0.0
0,48.0,16.0,0.0,0.0,1.0,0.0,0.0,0.0,0.0
0,48.0,16.0,0.0,0.0,1.0,0.0,0.0,0.0,0.0
0,41.0,13.0,0.0,0.0,1.0,0.0,0.0,0.0,0.0
0,42.0,13.0,0.0,0.0,1.0,0.0,0.0,0.0,0.0
0,42.0,13.0,0.0,0.0,1.0,0.0,0.0,0.0,0.0
0,42.0,13.0,0.0,0.0,1.0,0.0,0.0,0.0,0.0
0,54.0,13.0,0.0,0.0,1.0,0.0,0.0,0.0,0.0
0,29.0,14.0,0.0,0.0,1.0,0.0,0.0,0.0,0.0
0,54.0,12.0,0.0,0.0,1.0,0.0,0.0,0.0,0.0
0,54.0,12.0,0.0,0.0,1.0,0.0,0.0,0.0,0.0
0,26.0,14.0,0.0,0.0,1.0,0.0,0.0,0.0,0.0
0,43.0,17.0,0.0,0.0,1.0,0.0,0.0,0.0,36943.164
0,54.0,12.0,0.0,0.0,1.0,0.0,0.0,0.0,0.0
0,37.0,12.0,0.0,0.0,1.0,0.0,0.0,0.0,0.0
0,54.0,16.0,0.0,0.0,1.0,0.0,0.0,0.0,0.0
0,48.0,17.0,0.0,0.0,1.0,0.0,0.0,0.0,0.0
0,44.0,12.0,0.0,0.0,1.0,0.0,0.0,0.0,0.0
0,54.0,12.0,0.0,0.0,1.0,0.0,0.0,0.0,0.0
0,38.0,12.0,0.0,0.0,1.0,0.0,0.0,0.0,0.0
0,37.0,13.0,0.0,0.0,1.0,0.0,0.0,0.0,0.0
0,27.0,17.0,0.0,0.0,1.0,0.0,0.0,0.0,0.0
0,51.0,12.0,0.0,0.0,1.0,0.0,0.0,0.0,0.0
0,39.0,12.0,0.0,0.0,1.0,0.0,0.0,0.0,0.0
0,55.0,14.0,0.0,0.0,1.0,0.0,0.0,0.0,0.0
0,54.0,13.0,0.0,0.0,1.0,0.0,0.0,0.0,0.0
0,54.0,13.0,0.0,0.0,1.0,0.0,0.0,0.0,0.0
0,34.0,12.0,0.0,0.0,1.0,0.0,0.0,0.0,0.0
0,50.0,14.0,0.0,0.0,1.0,0.0,0.0,0.0,0.0
0,50.0,12.0,0.0,0.0,1.0,0.0,0.0,0.0,0.0
0,21.0,14.0,0.0,1.0,0.0,0.0,0.0,71.6129,3657.3733
0,26.0,12.0,0.0,0.0,1.0,0.0,0.0,71.6129,0.0
0,21.0,13.0,0.0,0.0,0.0,0.0,0.0,692.85486,2659.9077
0,23.0,16.0,0.0,0.0,1.0,0.0,0.0,1521.7742,0.0
0,21.0,15.0,0.0,0.0,0.0,0.0,0.0,3222.5806,14777.266
0,23.0,14.0,0.0,0.0,0.0,0.0,0.0,3401.6128,5319.816
0,27.0,16.0,0.0,0.0,1.0,0.0,0.0,4833.871,0.0
0,25.0,12.0,0.0,0.0,1.0,0.0,0.0,5729.032,26599.078
0,27.0,17.0,0.0,0.0,0.0,0.0,0.0,6087.0967,7388.633
0,55.0,12.0,0.0,0.0,1.0,0.0,0.0,6266.129,10344.086
0,20.0,12.0,0.0,0.0,1.0,0.0,0.0,7161.2905,0.0
0,18.0,12.0,0.0,0.0,1.0,0.0,0.0,8056.4517,19210.445
0,27.0,12.0,0.0,0.0,1.0,0.0,0.0,8235.484,20688.172
0,28.0,16.0,0.0,0.0,1.0,0.0,0.0,8951.613,36943.164
0,36.0,12.0,1.0,0.0,1.0,0.0,0.0,8951.613,11821.813
0,33.0,13.0,1.0,0.0,1.0,0.0,0.0,10741.935,20688.172
0,36.0,12.0,0.0,0.0,1.0,0.0,0.0,10741.935,0.0
0,27.0,13.0,0.0,0.0,1.0,0.0,0.0,16112.903,29554.531
0,45.0,17.0,0.0,0.0,1.0,0.0,0.0,16112.903,17732.719
0,45.0,17.0,0.0,0.0,1.0,0.0,0.0,16112.903,17732.719
0,45.0,17.0,0.0,0.0,1.0,0.0,0.0,16112.903,17732.719
0,31.0,12.0,0.0,0.0,1.0,0.0,0.0,17903.227,0.0
0,34.0,12.0,0.0,0.0,1.0,0.0,0.0,17903.227,63542.242
0,34.0,12.0,0.0,0.0,1.0,0.0,0.0,17903.227,63542.242
0,47.0,14.0,0.0,0.0,1.0,0.0,0.0,17903.227,22165.898
0,35.0,16.0,0.0,0.0,1.0,0.0,0.0,19693.549,17732.719
0,43.0,17.0,0.0,0.0,1.0,0.0,0.0,21161.613,29554.531
0,25.0,12.0,1.0,0.0,1.0,0.0,0.0,21483.871,1220.6022
0,29.0,15.0,0.0,0.0,0.0,0.0,0.0,21483.871,22313.672
0,31.0,12.0,0.0,0.0,1.0,0.0,0.0,21483.871,20688.172
0,52.0,12.0,0.0,0.0,1.0,0.0,0.0,21483.871,22165.898
0,22.0,16.0,0.0,0.0,0.0,0.0,0.0,22558.064,32509.984
0,53.0,15.0,0.0,0.0,1.0,0.0,0.0,24169.355,28076.805
0,29.0,17.0,0.0,0.0,1.0,0.0,0.0,25959.678,36898.832
0,31.0,13.0,0.0,0.0,1.0,0.0,0.0,25959.678,39898.617
0,35.0,12.0,0.0,0.0,1.0,0.0,0.0,26138.71,29554.531
0,29.0,16.0,0.0,0.0,1.0,0.0,0.0,26854.84,23643.625
0,39.0,12.0,0.0,0.0,1.0,0.0,0.0,28645.16,31032.258
0,37.0,14.0,0.0,0.0,1.0,0.0,0.0,32225.807,0.0
0,30.0,14.0,0.0,0.0,1.0,0.0,0.0,32225.807,22165.898
0,43.0,17.0,0.0,0.0,1.0,0.0,0.0,42251.613,41376.344
0,32.0,17.0,0.0,0.0,1.0,0.0,0.0,46548.387,39898.617
0,44.0,12.0,0.0,0.0,1.0,0.0,0.0,71612.91,81274.96
0,32.0,16.0,0.0,0.0,1.0,0.0,577.9837,6910.645,18609.012
0,43.0,12.0,1.0,0.0,1.0,0.0,715.1324,1879.8387,5910.9062
0,24.0,12.0,1.0,0.0,0.0,0.0,783.7067,0.0,10344.086
0,22.0,13.0,0.0,0.0,0.0,0.0,783.7067,0.0,2305.2534
0,35.0,15.0,0.0,0.0,1.0,0.0,979.6334,537.09674,0.0
0,26.0,15.0,0.0,0.0,0.0,0.0,979.6334,1879.8387,3250.9985
0,29.0,17.0,0.0,0.0,1.0,0.0,979.6334,8951.613,0.0
0,23.0,12.0,1.0,0.0,0.0,0.0,1077.5967,3222.5806,5910.9062
0,19.0,12.0,0.0,0.0,1.0,0.0,1154.008,8593.549,26599.078
0,48.0,16.0,0.0,0.0,1.0,0.0,1240.216,1466.2742,1152.6267
0,48.0,16.0,0.0,0.0,1.0,0.0,1240.216,1466.2742,1152.6267
0,22.0,12.0,1.0,0.0,1.0,0.0,1269.6049,0.0,0.0
0,20.0,12.0,1.0,0.0,0.0,0.0,1367.5682,12532.258,2955.4531
0,24.0,17.0,0.0,0.0,1.0,0.0,1371.4868,0.0,24825.807
0,27.0,16.0,0.0,0.0,1.0,0.0,1469.4501,1253.2258,4363.7266
0,21.0,14.0,0.0,0.0,0.0,0.0,1506.6761,2685.484,11082.949
0,53.0,13.0,0.0,0.0,1.0,0.0,1567.4135,3938.7097,4728.725
0,53.0,13.0,0.0,0.0,1.0,0.0,1567.4135,3938.7097,4728.725
0,53.0,16.0,0.0,0.0,1.0,0.0,1665.3768,0.0,2955.4531
0,22.0,15.0,0.0,0.0,1.0,0.0,1763.3401,5370.968,22165.898
0,21.0,15.0,0.0,0.0,0.0,0.0,1763.3401,9667.742,4137.6343
0,30.0,12.0,0.0,0.0,1.0,0.0,1959.2668,1790.3226,1477.7266
0,21.0,12.0,1.0,0.0,0.0,0.0,1959.2668,5460.484,1152.6267
0,27.0,16.0,0.0,0.0,1.0,0.0,1959.2668,17545.16,21427.035
0,22.0,15.0,0.0,0.0,0.0,0.0,1967.1039,2864.516,5024.2705
0,22.0,12.0,1.0,0.0,1.0,0.0,2006.2892,2470.6453,0.0
0,23.0,13.0,0.0,0.0,1.0,0.0,2155.1936,5370.968,11378.495
0,33.0,12.0,0.0,0.0,1.0,0.0,2351.12,0.0,2770.7373
0,24.0,13.0,0.0,0.0,0.0,0.0,2351.12,3127.6936,14777.266
0,20.0,12.0,1.0,0.0,0.0,0.0,2351.12,4475.8066,17732.719
0,22.0,16.0,0.0,0.0,0.0,0.0,2351.12,23274.193,25860.215
0,19.0,12.0,0.0,0.0,1.0,0.0,2547.0469,10741.935,0.0
0,22.0,15.0,0.0,0.0,1.0,0.0,2547.0469,17187.098,25860.215
0,43.0,14.0,0.0,0.0,1.0,0.0,2645.0103,0.0,6992.602
0,39.0,12.0,0.0,0.0,1.0,0.0,2742.9734,7161.2905,11821.813
0,28.0,12.0,1.0,0.0,0.0,0.0,2938.9001,2864.516,0.0
0,19.0,14.0,0.0,0.0,0.0,0.0,2938.9001,3222.5806,0.0
0,26.0,17.0,0.0,0.0,1.0,0.0,2938.9001,12532.258,23643.625
0,18.0,12.0,0.0,0.0,1.0,0.0,3134.827,11100.0,20688.172
0,23.0,15.0,0.0,0.0,1.0,0.0,3320.9573,2506.4517,9974.654
0,24.0,12.0,1.0,0.0,0.0,0.0,3330.7537,4654.839,11821.813
0,27.0,12.0,0.0,0.0,1.0,0.0,3526.6802,0.0,5910.9062
0,29.0,17.0,0.0,0.0,1.0,0.0,3526.6802,15217.742,24382.488
0,22.0,12.0,1.0,0.0,0.0,0.0,3579.5803,17133.387,11821.813
0,27.0,12.0,0.0,0.0,1.0,0.0,3722.607,254.22581,1090.5623
0,27.0,15.0,0.0,0.0,1.0,0.0,3722.607,4654.839,19210.445
0,20.0,12.0,1.0,0.0,0.0,0.0,3730.444,8951.613,13299.539
0,27.0,12.0,1.0,0.0,1.0,0.0,3918.5337,1994.4194,17732.719
0,23.0,12.0,1.0,0.0,1.0,0.0,3918.5337,2864.516,8866.359
0,23.0,12.0,1.0,0.0,1.0,0.0,3918.5337,11637.097,9752.995
0,22.0,12.0,0.0,0.0,1.0,0.0,3918.5337,15396.774,39898.617
0,31.0,12.0,1.0,0.0,1.0,0.0,3918.5337,18440.322,24973.578
0,26.0,17.0,0.0,0.0,0.0,0.0,4173.2383,11637.097,9457.45
0,20.0,12.0,0.0,0.0,1.0,0.0,4310.387,0.0,4433.1797
0,30.0,17.0,0.0,0.0,1.0,0.0,4310.387,4296.7744,22476.22
0,42.0,16.0,0.0,0.0,0.0,0.0,4398.554,17903.227,16254.992
0,21.0,14.0,0.0,0.0,1.0,0.0,4506.3135,9309.678,23052.535
0,25.0,16.0,0.0,0.0,1.0,0.0,4604.277,2954.0322,0.0
0,27.0,15.0,0.0,0.0,1.0,0.0,4702.24,0.0,0.0
0,26.0,17.0,0.0,0.0,1.0,0.0,4702.24,19693.549,26599.078
0,29.0,16.0,0.0,0.0,1.0,0.0,4800.2036,17187.098,23643.625
0,20.0,12.0,0.0,0.0,0.0,0.0,4811.9595,716.129,0.0
0,52.0,12.0,0.0,0.0,1.0,0.0,4898.167,0.0,0.0
0,23.0,17.0,0.0,0.0,0.0,0.0,4898.167,2148.3872,33987.71
0,21.0,14.0,0.0,0.0,1.0,0.0,4898.167,7161.2905,17141.629
0,24.0,16.0,0.0,0.0,0.0,0.0,4898.167,8951.613,17732.719
0,30.0,17.0,0.0,0.0,1.0,0.0,4898.167,12084.677,5172.043
0,25.0,17.0,0.0,0.0,0.0,0.0,4996.1304,17414.469,5030.181
0,21.0,12.0,0.0,0.0,1.0,0.0,5094.0938,6803.2256,7388.633
0,28.0,12.0,0.0,0.0,1.0,0.0,5094.0938,10741.935,9014.132
0,20.0,12.0,0.0,0.0,1.0,0.0,5182.2607,6266.129,15244.227
0,36.0,16.0,0.0,0.0,0.0,0.0,5290.0205,4833.871,5319.816
0,19.0,12.0,1.0,0.0,0.0,0.0,5387.984,8056.4517,12117.358
0,21.0,12.0,1.0,0.0,1.0,0.0,5868.004,3043.5483,10048.541
0,47.0,12.0,0.0,0.0,1.0,0.0,5868.004,9513.774,5319.816
0,24.0,16.0,0.0,0.0,1.0,0.0,5877.8003,4833.871,33987.71
0,24.0,12.0,1.0,0.0,1.0,0.0,5877.8003,8951.613,17732.719
0,25.0,17.0,0.0,0.0,1.0,0.0,5877.8003,10562.903,30101.29
0,21.0,16.0,0.0,0.0,1.0,0.0,5877.8003,10562.903,16993.855
0,31.0,12.0,1.0,0.0,1.0,0.0,5877.8003,11064.194,15959.447
0,26.0,14.0,0.0,0.0,1.0,0.0,5877.8003,13427.419,31032.258
0,22.0,12.0,1.0,0.0,0.0,0.0,5891.515,10367.758,5763.134
0,20.0,13.0,1.0,0.0,0.0,0.0,5897.393,12532.258,14777.266
0,20.0,13.0,0.0,1.0,1.0,0.0,6073.727,10025.806,27337.941
0,27.0,14.0,0.0,0.0,1.0,0.0,6269.654,0.0,26007.988
0,26.0,12.0,0.0,0.0,0.0,0.0,6269.654,11637.097,10344.086
0,23.0,17.0,0.0,0.0,1.0,0.0,6367.617,5370.968,0.0
0,23.0,12.0,1.0,0.0,0.0,0.0,6494.969,12532.258,14186.175
0,22.0,12.0,1.0,0.0,0.0,0.0,6583.1367,4475.8066,0.0
0,21.0,12.0,1.0,0.0,0.0,0.0,6661.5073,11458.065,11208.556
0,21.0,12.0,0.0,0.0,1.0,0.0,6661.5073,12532.258,25121.352
0,28.0,14.0,0.0,0.0,1.0,0.0,6739.878,7877.4194,13742.857
0,27.0,12.0,1.0,0.0,1.0,0.0,6855.4746,0.0,8275.269
0,25.0,14.0,0.0,0.0,0.0,0.0,6857.4336,1790.3226,0.0
0,30.0,12.0,0.0,0.0,1.0,0.0,6857.4336,3222.5806,3250.9985
0,27.0,13.0,1.0,0.0,1.0,0.0,6857.4336,4096.2583,24514.006
0,22.0,13.0,0.0,0.0,0.0,0.0,6857.4336,6266.129,17363.287
0,23.0,16.0,0.0,0.0,1.0,0.0,6857.4336,14143.548,22165.898
0,24.0,12.0,1.0,0.0,1.0,0.0,6857.4336,14322.581,26599.078
0,19.0,13.0,0.0,0.0,0.0,0.0,6857.4336,15217.742,17732.719
0,21.0,14.0,0.0,0.0,1.0,0.0,6974.9897,11407.935,17141.629
0,29.0,17.0,0.0,0.0,1.0,0.0,7053.3604,7161.2905,8866.359
0,27.0,16.0,0.0,0.0,1.0,0.0,7053.3604,11637.097,25121.352
0,28.0,15.0,0.0,0.0,1.0,0.0,7249.287,15217.742,9161.905
0,26.0,12.0,0.0,0.0,1.0,0.0,7406.0283,0.0,2955.4531
0,54.0,12.0,0.0,0.0,1.0,0.0,7445.214,0.0,0.0
0,28.0,15.0,1.0,0.0,0.0,0.0,7445.214,0.0,12708.449
0,27.0,15.0,0.0,0.0,1.0,0.0,7445.214,10741.935,18471.582
0,26.0,13.0,0.0,0.0,0.0,0.0,7449.1323,5729.032,9605.223
0,21.0,12.0,0.0,0.0,1.0,0.0,7523.5845,7934.7095,0.0
0,53.0,14.0,1.0,0.0,1.0,0.0,7641.1406,8421.678,8127.496
0,21.0,13.0,0.0,0.0,1.0,0.0,7688.163,12743.516,11082.949
0,22.0,13.0,0.0,0.0,0.0,0.0,7739.104,3759.6775,16254.992
0,27.0,16.0,0.0,0.0,0.0,0.0,7837.0674,0.0,0.0
0,37.0,15.0,0.0,1.0,1.0,0.0,7837.0674,179.03226,11821.813
0,33.0,13.0,0.0,0.0,0.0,0.0,7837.0674,3580.6453,16254.992
0,19.0,12.0,1.0,0.0,0.0,0.0,7837.0674,3759.6775,3694.3164
0,28.0,12.0,0.0,0.0,1.0,0.0,7837.0674,4475.8066,15663.902
0,32.0,12.0,1.0,0.0,1.0,0.0,7837.0674,5370.968,8866.359
0,24.0,12.0,0.0,0.0,0.0,0.0,7837.0674,5370.968,5910.9062
0,22.0,12.0,0.0,0.0,0.0,0.0,7837.0674,7497.871,17732.719
0,20.0,12.0,1.0,0.0,1.0,0.0,7837.0674,8951.613,20688.172
0,23.0,12.0,0.0,0.0,1.0,0.0,7837.0674,8951.613,12058.249
0,27.0,12.0,1.0,0.0,1.0,0.0,7837.0674,8951.613,2210.679
0,23.0,12.0,1.0,0.0,1.0,0.0,7837.0674,12532.258,21870.354
0,19.0,12.0,0.0,1.0,1.0,0.0,7837.0674,12532.258,13299.539
0,27.0,14.0,0.0,0.0,0.0,0.0,7837.0674,14322.581,16254.992
0,22.0,16.0,0.0,0.0,1.0,0.0,7837.0674,16112.903,16254.992
0,42.0,12.0,0.0,0.0,1.0,0.0,7837.0674,16112.903,15516.129
0,20.0,13.0,0.0,0.0,0.0,0.0,7837.0674,17491.451,2216.5898
0,29.0,13.0,0.0,0.0,0.0,0.0,7958.542,0.0,0.0
0,23.0,12.0,1.0,0.0,1.0,0.0,7993.8086,13427.419,4433.1797
0,19.0,12.0,0.0,0.0,1.0,0.0,8054.546,9309.678,11963.674
0,21.0,12.0,1.0,0.0,1.0,0.0,8150.55,13092.629,10583.478
0,26.0,12.0,0.0,0.0,1.0,0.0,8228.921,13606.452,11969.585
0,21.0,16.0,0.0,0.0,0.0,0.0,8228.921,22379.031,27337.941
0,24.0,12.0,1.0,0.0,1.0,0.0,8275.943,15416.468,8335.855
0,29.0,12.0,0.0,0.0,1.0,0.0,8389.58,5908.0645,14481.72
0,26.0,12.0,1.0,0.0,1.0,0.0,8616.855,8593.549,10344.086
0,23.0,14.0,1.0,0.0,1.0,0.0,8675.634,10398.194,13003.994
0,25.0,12.0,0.0,0.0,0.0,0.0,8683.471,9130.6455,15811.674
0,21.0,12.0,0.0,0.0,1.0,0.0,8816.7,5729.032,18096.24
0,25.0,12.0,1.0,0.0,0.0,0.0,8816.7,6266.129,10344.086
0,22.0,12.0,0.0,0.0,1.0,0.0,8816.7,9939.871,15486.575
0,22.0,12.0,0.0,0.0,1.0,0.0,8816.7,10741.935,19653.764
0,23.0,12.0,1.0,0.0,1.0,0.0,8816.7,12174.194,18471.582
0,18.0,12.0,0.0,0.0,0.0,0.0,8816.7,14322.581,22165.898
0,27.0,12.0,1.0,0.0,0.0,0.0,8816.7,14322.581,19210.445
0,21.0,12.0,1.0,0.0,0.0,0.0,8816.7,14859.677,5578.418
0,25.0,12.0,0.0,0.0,1.0,0.0,8816.7,16112.903,26599.078
0,21.0,13.0,0.0,0.0,1.0,0.0,8816.7,17903.227,28224.578
0,27.0,12.0,0.0,0.0,1.0,0.0,8816.7,44758.066,0.0
0,23.0,12.0,0.0,0.0,1.0,0.0,8840.212,7161.2905,10416.495
0,21.0,12.0,0.0,0.0,1.0,0.0,8867.642,14995.742,17732.719
0,23.0,14.0,1.0,0.0,1.0,0.0,8934.257,12532.258,8866.359
0,23.0,16.0,1.0,0.0,0.0,0.0,9012.627,16490.66,19210.445
0,31.0,17.0,0.0,0.0,1.0,0.0,9012.627,29465.129,39817.344
0,27.0,12.0,1.0,0.0,1.0,0.0,9067.486,5370.968,6649.7695
0,21.0,12.0,1.0,0.0,1.0,0.0,9169.368,7161.2905,7388.633
0,23.0,12.0,1.0,0.0,1.0,0.0,9169.368,8271.29,10403.195
0,19.0,12.0,0.0,0.0,1.0,0.0,9208.554,5550.0,11526.267
0,46.0,12.0,0.0,0.0,1.0,0.0,9284.966,8504.032,10376.596
0,24.0,12.0,0.0,0.0,1.0,0.0,9371.173,2864.516,2216.5898
0,20.0,13.0,0.0,1.0,0.0,0.0,9404.48,0.0,8275.269
0,24.0,17.0,0.0,0.0,1.0,0.0,9404.48,5370.968,22904.762
0,23.0,12.0,0.0,0.0,1.0,0.0,9404.48,9130.6455,11821.813
0,34.0,12.0,0.0,0.0,1.0,0.0,9404.48,9166.451,23475.164
0,35.0,12.0,0.0,0.0,1.0,0.0,9404.48,9313.258,11821.813
0,23.0,12.0,0.0,0.0,0.0,0.0,9404.48,11834.032,16846.082
0,21.0,14.0,1.0,0.0,0.0,0.0,9420.155,5370.968,9900.768
0,21.0,12.0,0.0,1.0,1.0,0.0,9496.566,8772.581,10512.547
0,26.0,12.0,0.0,0.0,1.0,0.0,9561.222,0.0,13299.539
0,23.0,13.0,0.0,0.0,1.0,0.0,9698.371,8593.549,23643.625
0,27.0,12.0,0.0,1.0,1.0,0.0,9698.371,11279.032,14038.402
0,50.0,12.0,0.0,1.0,1.0,0.0,9788.497,9846.774,13299.539
0,27.0,12.0,1.0,0.0,1.0,0.0,9796.334,0.0,11821.813
0,25.0,12.0,0.0,0.0,1.0,0.0,9796.334,2685.484,25121.352
0,21.0,12.0,1.0,0.0,1.0,0.0,9796.334,4296.7744,14777.266
0,21.0,13.0,0.0,0.0,1.0,0.0,9796.334,8593.549,28787.592
0,33.0,12.0,1.0,0.0,0.0,0.0,9796.334,8951.613,0.0
0,19.0,12.0,0.0,0.0,1.0,0.0,9796.334,9846.774,20688.172
0,20.0,12.0,0.0,0.0,1.0,0.0,9796.334,10204.839,29258.986
0,22.0,12.0,1.0,0.0,1.0,0.0,9796.334,10741.935,11162.747
0,32.0,12.0,0.0,0.0,1.0,0.0,9796.334,11458.065,11821.813
0,24.0,13.0,0.0,0.0,1.0,0.0,9796.334,11458.065,11526.267
0,29.0,12.0,1.0,0.0,1.0,0.0,9796.334,12532.258,19210.445
0,23.0,12.0,1.0,0.0,1.0,0.0,9796.334,12532.258,11821.813
0,26.0,14.0,0.0,0.0,1.0,0.0,9796.334,13427.419,20688.172
0,20.0,12.0,0.0,0.0,1.0,0.0,9796.334,13427.419,10713.518
0,27.0,12.0,1.0,0.0,1.0,0.0,9796.334,14322.581,11821.813
0,24.0,12.0,1.0,0.0,1.0,0.0,9796.334,14322.581,33987.71
0,24.0,17.0,0.0,0.0,0.0,0.0,9796.334,16112.903,36943.164
0,21.0,13.0,0.0,0.0,0.0,0.0,9796.334,16112.903,20688.172
0,25.0,12.0,1.0,0.0,1.0,0.0,9796.334,21483.871,6649.7695
0,30.0,12.0,1.0,0.0,1.0,0.0,9796.334,25064.516,29554.531
0,26.0,12.0,1.0,0.0,0.0,0.0,9913.89,10741.935,15619.57
0,22.0,12.0,0.0,0.0,0.0,0.0,9951.116,14322.581,14777.266
0,47.0,12.0,0.0,0.0,1.0,0.0,9968.749,10523.516,11283.92
0,22.0,12.0,0.0,0.0,0.0,0.0,9992.261,15754.839,19949.309
0,31.0,12.0,1.0,0.0,1.0,0.0,10188.187,8951.613,9605.223
0,35.0,12.0,0.0,0.0,1.0,0.0,10188.187,9309.678,11821.813
0,49.0,12.0,0.0,0.0,1.0,0.0,10231.291,11082.097,6537.4624
0,25.0,13.0,1.0,0.0,0.0,0.0,10246.965,15396.774,12486.79
0,23.0,12.0,0.0,0.0,1.0,0.0,10290.069,10562.903,9221.014
0,25.0,17.0,0.0,0.0,1.0,0.0,10384.114,22004.855,49429.953
0,23.0,16.0,0.0,0.0,1.0,0.0,10384.114,26854.84,11821.813
0,34.0,17.0,0.0,0.0,0.0,0.0,10580.041,7161.2905,5910.9062
0,21.0,12.0,0.0,0.0,1.0,0.0,10580.041,8056.4517,12117.358
0,27.0,12.0,1.0,0.0,0.0,0.0,10623.145,3222.5806,8866.359
0,23.0,12.0,0.0,0.0,1.0,0.0,10775.967,5370.968,11821.813
0,23.0,12.0,0.0,0.0,1.0,0.0,10775.967,7161.2905,16993.855
0,32.0,17.0,0.0,0.0,0.0,0.0,10775.967,7161.2905,0.0
0,27.0,12.0,1.0,0.0,1.0,0.0,10775.967,8951.613,7536.4053
0,24.0,12.0,1.0,0.0,0.0,0.0,10775.967,9309.678,8275.269
0,34.0,12.0,0.0,0.0,1.0,0.0,10775.967,11637.097,14186.175
0,29.0,12.0,0.0,0.0,1.0,0.0,10775.967,12532.258,25860.215
0,28.0,14.0,0.0,0.0,1.0,0.0,10775.967,13427.419,0.0
0,18.0,12.0,0.0,0.0,0.0,0.0,10775.967,14322.581,21427.035
0,20.0,12.0,1.0,0.0,0.0,0.0,10775.967,16372.5,29554.531
0,25.0,13.0,0.0,0.0,1.0,0.0,10775.967,16739.516,18966.621
0,23.0,12.0,1.0,0.0,1.0,0.0,10775.967,20481.29,29391.982
0,26.0,17.0,0.0,0.0,1.0,0.0,10775.967,29182.258,35465.438
0,24.0,12.0,0.0,0.0,0.0,0.0,10873.931,15754.839,20132.547
0,23.0,12.0,0.0,0.0,1.0,0.0,10971.894,10204.839,31032.258
0,23.0,16.0,0.0,0.0,0.0,0.0,10971.894,18798.387,20924.607
0,26.0,12.0,1.0,0.0,1.0,0.0,11167.821,1074.1935,8866.359
0,46.0,12.0,0.0,0.0,1.0,0.0,11167.821,7161.2905,17732.719
0,23.0,12.0,1.0,0.0,1.0,0.0,11167.821,7812.968,14777.266
0,41.0,12.0,0.0,0.0,1.0,0.0,11167.821,10741.935,12412.903
0,19.0,12.0,0.0,0.0,1.0,0.0,11201.128,14143.548,24338.156
0,29.0,12.0,0.0,0.0,1.0,0.0,11259.906,9041.129,26599.078
0,24.0,12.0,1.0,0.0,0.0,0.0,11285.377,13069.355,10344.086
0,23.0,12.0,1.0,0.0,0.0,0.0,11328.481,2685.484,29216.133
0,22.0,12.0,0.0,0.0,1.0,0.0,11363.747,4654.839,13299.539
0,21.0,12.0,0.0,0.0,0.0,0.0,11363.747,9667.742,13299.539
0,27.0,12.0,0.0,0.0,1.0,0.0,11363.747,12532.258,4137.6343
0,37.0,12.0,0.0,0.0,1.0,0.0,11430.363,11372.129,8866.359
0,44.0,12.0,0.0,0.0,1.0,0.0,11559.674,7340.3228,27781.26
0,38.0,16.0,0.0,0.0,1.0,0.0,11559.674,7877.4194,17732.719
0,34.0,12.0,0.0,0.0,1.0,0.0,11755.601,0.0,11821.813
0,49.0,12.0,0.0,0.0,0.0,0.0,11755.601,0.0,0.0
0,23.0,12.0,0.0,0.0,1.0,0.0,11755.601,0.0,17732.719
0,28.0,14.0,1.0,0.0,1.0,0.0,11755.601,0.0,25874.992
0,43.0,12.0,0.0,0.0,1.0,0.0,11755.601,0.0,295.54532
0,28.0,16.0,0.0,0.0,0.0,0.0,11755.601,6445.161,0.0
0,29.0,12.0,1.0,0.0,1.0,0.0,11755.601,9846.774,20688.172
0,53.0,12.0,0.0,0.0,1.0,0.0,11755.601,9893.322,5172.043
0,21.0,12.0,0.0,0.0,1.0,0.0,11755.601,10204.839,12560.676
0,24.0,13.0,1.0,0.0,1.0,0.0,11755.601,10741.935,31097.277
0,21.0,12.0,0.0,0.0,1.0,0.0,11755.601,10741.935,6649.7695
0,24.0,12.0,0.0,0.0,1.0,0.0,11755.601,11074.935,13742.857
0,21.0,12.0,0.0,0.0,0.0,0.0,11755.601,11637.097,10048.541
0,23.0,14.0,0.0,0.0,1.0,0.0,11755.601,11637.097,25121.352
0,28.0,12.0,0.0,0.0,1.0,0.0,11755.601,12532.258,0.0
0,28.0,12.0,0.0,0.0,1.0,0.0,11755.601,12532.258,0.0
0,25.0,17.0,0.0,0.0,1.0,0.0,11755.601,12621.774,28963.441
0,23.0,13.0,0.0,0.0,1.0,0.0,11755.601,13427.419,16254.992
0,30.0,12.0,0.0,0.0,1.0,0.0,11755.601,13635.097,26599.078
0,23.0,12.0,0.0,0.0,1.0,0.0,11755.601,13785.484,14186.175
0,26.0,12.0,0.0,0.0,1.0,0.0,11755.601,14322.581,20688.172
0,21.0,12.0,1.0,0.0,1.0,0.0,11755.601,14322.581,16254.992
0,26.0,12.0,0.0,0.0,1.0,0.0,11755.601,14322.581,17732.719
0,25.0,12.0,1.0,0.0,1.0,0.0,11755.601,14322.581,21427.035
0,22.0,12.0,0.0,0.0,1.0,0.0,11755.601,14465.806,18102.15
0,28.0,16.0,0.0,0.0,1.0,0.0,11755.601,15217.742,20688.172
0,22.0,13.0,1.0,0.0,1.0,0.0,11755.601,15217.742,0.0
0,24.0,16.0,0.0,0.0,1.0,0.0,11755.601,16112.903,31032.258
0,27.0,15.0,1.0,0.0,0.0,0.0,11755.601,16744.887,18442.027
0,19.0,12.0,0.0,0.0,0.0,0.0,11755.601,19335.484,16254.992
0,38.0,14.0,0.0,0.0,1.0,0.0,11755.601,19693.549,0.0
0,38.0,14.0,0.0,0.0,0.0,0.0,11755.601,21483.871,7388.633
0,45.0,12.0,0.0,0.0,1.0,0.0,11771.275,11270.081,16822.44
0,26.0,12.0,1.0,0.0,1.0,0.0,11775.193,14150.71,16342.178
0,31.0,16.0,0.0,0.0,1.0,0.0,11784.99,9846.774,5390.7466
0,25.0,13.0,1.0,0.0,1.0,0.0,11931.935,13824.871,12656.728
0,25.0,14.0,0.0,0.0,1.0,0.0,11973.079,14322.581,14777.266
0,22.0,12.0,0.0,0.0,1.0,0.0,12051.45,16025.177,13151.767
0,36.0,12.0,0.0,0.0,1.0,0.0,12147.454,13964.516,13299.539
0,27.0,12.0,0.0,0.0,1.0,0.0,12147.454,14322.581,20142.89
0,33.0,12.0,0.0,0.0,1.0,0.0,12147.454,16112.903,24382.488
0,27.0,12.0,0.0,0.0,1.0,0.0,12147.454,23274.193,26599.078
0,30.0,12.0,1.0,0.0,1.0,0.0,12225.825,10741.935,18962.188
0,46.0,12.0,0.0,0.0,1.0,0.0,12343.381,11637.097,11230.722
0,23.0,14.0,0.0,0.0,1.0,0.0,12343.381,12532.258,14186.175
0,25.0,16.0,0.0,0.0,1.0,0.0,12343.381,13606.452,21427.035
0,27.0,14.0,0.0,0.0,1.0,0.0,12419.792,16829.031,25178.982
0,49.0,16.0,0.0,0.0,1.0,0.0,12504.041,12353.226,12560.676
0,22.0,12.0,0.0,0.0,1.0,0.0,12539.308,12532.258,14369.413
0,28.0,16.0,0.0,0.0,1.0,0.0,12572.615,21483.871,23495.854
0,24.0,12.0,1.0,0.0,1.0,0.0,12658.823,19693.549,19210.445
0,37.0,17.0,1.0,0.0,1.0,0.0,12735.234,1306.9355,4236.642
0,22.0,13.0,0.0,0.0,0.0,0.0,12735.234,12532.258,17732.719
0,23.0,17.0,0.0,0.0,0.0,0.0,12735.234,14322.581,28076.805
0,23.0,12.0,1.0,0.0,0.0,0.0,12735.234,14322.581,20688.172
0,26.0,12.0,0.0,0.0,1.0,0.0,12735.234,14322.581,14925.038
0,22.0,12.0,0.0,0.0,0.0,0.0,12735.234,16112.903,21131.49
0,31.0,14.0,0.0,0.0,1.0,0.0,12735.234,17724.193,29850.076
0,31.0,14.0,0.0,0.0,1.0,0.0,12735.234,17724.193,29850.076
0,54.0,12.0,0.0,0.0,1.0,0.0,12735.234,17894.273,19343.441
0,25.0,16.0,1.0,0.0,1.0,0.0,12735.234,18261.29,10521.413
0,28.0,12.0,1.0,0.0,1.0,0.0,12735.234,19693.549,17732.719
0,19.0,13.0,0.0,0.0,1.0,0.0,12735.234,19693.549,28815.668
0,26.0,17.0,0.0,0.0,1.0,0.0,12735.234,25064.516,26599.078
0,28.0,12.0,0.0,0.0,1.0,0.0,12813.605,7161.2905,16254.992
0,20.0,12.0,0.0,0.0,1.0,0.0,12931.161,2363.2258,14777.266
0,26.0,12.0,0.0,0.0,1.0,0.0,12931.161,11100.0,22165.898
0,25.0,17.0,0.0,0.0,1.0,0.0,12935.079,22379.031,36943.164
0,24.0,12.0,0.0,0.0,1.0,0.0,13029.124,13964.516,41571.402
0,22.0,12.0,0.0,0.0,1.0,0.0,13127.088,8951.613,13595.084
0,27.0,17.0,0.0,0.0,1.0,0.0,13127.088,10741.935,29554.531
0,26.0,12.0,0.0,0.0,1.0,0.0,13127.088,12174.194,12687.76
0,27.0,12.0,1.0,0.0,1.0,0.0,13127.088,12353.226,11526.267
0,19.0,12.0,0.0,0.0,1.0,0.0,13127.088,12532.258,24382.488
0,29.0,17.0,0.0,0.0,1.0,0.0,13127.088,19693.549,0.0
0,20.0,12.0,0.0,0.0,1.0,0.0,13244.644,8772.581,17289.4
0,25.0,12.0,0.0,0.0,1.0,0.0,13291.666,14202.629,14777.266
0,29.0,16.0,0.0,0.0,1.0,0.0,13323.014,5370.968,17732.719
0,23.0,14.0,0.0,0.0,0.0,0.0,13323.014,12174.194,14777.266
0,28.0,12.0,0.0,0.0,1.0,0.0,13323.014,12532.258,10935.177
0,30.0,14.0,0.0,0.0,1.0,0.0,13323.014,14322.581,14777.266
0,26.0,16.0,1.0,0.0,1.0,0.0,13323.014,19693.549,19934.531
0,24.0,12.0,0.0,1.0,1.0,0.0,13493.47,16470.969,21035.438
0,22.0,12.0,1.0,0.0,1.0,0.0,13518.941,13427.419,12560.676
0,27.0,12.0,0.0,0.0,1.0,0.0,13597.312,15833.613,13246.341
0,22.0,12.0,1.0,0.0,1.0,0.0,13665.886,17903.227,13299.539
0,42.0,13.0,0.0,0.0,1.0,0.0,13701.153,0.0,33987.71
0,22.0,12.0,1.0,0.0,1.0,0.0,13714.868,0.0,664.977
0,47.0,12.0,0.0,0.0,1.0,0.0,13714.868,0.0,12560.676
0,26.0,12.0,0.0,0.0,1.0,0.0,13714.868,716.129,22904.762
0,21.0,12.0,0.0,0.0,1.0,0.0,13714.868,3222.5806,14038.402
0,25.0,16.0,0.0,0.0,0.0,0.0,13714.868,6042.339,0.0
0,25.0,12.0,1.0,0.0,1.0,0.0,13714.868,8235.484,17732.719
0,23.0,12.0,0.0,0.0,0.0,0.0,13714.868,10741.935,15959.447
0,33.0,12.0,1.0,0.0,0.0,0.0,13714.868,11100.0,9605.223
0,55.0,16.0,1.0,0.0,1.0,0.0,13714.868,11995.161,23531.318
0,47.0,12.0,1.0,0.0,1.0,0.0,13714.868,12433.79,14777.266
0,20.0,12.0,1.0,0.0,1.0,0.0,13714.868,12532.258,8866.359
0,26.0,12.0,1.0,0.0,1.0,0.0,13714.868,12532.258,11821.813
0,31.0,12.0,0.0,0.0,1.0,0.0,13714.868,12532.258,14777.266
0,30.0,12.0,0.0,0.0,1.0,0.0,13714.868,12532.258,2563.8557
0,21.0,12.0,1.0,0.0,0.0,0.0,13714.868,13339.694,11651.874
0,28.0,17.0,0.0,0.0,1.0,0.0,13714.868,13427.419,6827.0967
0,24.0,12.0,0.0,0.0,1.0,0.0,13714.868,13427.419,17732.719
0,28.0,12.0,0.0,0.0,1.0,0.0,13714.868,13606.452,19210.445
0,23.0,12.0,0.0,0.0,0.0,0.0,13714.868,14322.581,22165.898
0,35.0,12.0,0.0,0.0,0.0,0.0,13714.868,15038.71,26599.078
0,27.0,14.0,0.0,0.0,1.0,0.0,13714.868,15217.742,13447.312
0,23.0,12.0,0.0,0.0,1.0,0.0,13714.868,15754.839,24205.16
0,24.0,12.0,1.0,0.0,1.0,0.0,13714.868,16112.903,16254.992
0,24.0,12.0,0.0,0.0,1.0,0.0,13714.868,16112.903,16254.992
0,39.0,12.0,1.0,0.0,1.0,0.0,13714.868,17008.064,14629.493
0,33.0,12.0,0.0,0.0,1.0,0.0,13714.868,18082.258,26081.873
0,45.0,14.0,0.0,0.0,1.0,0.0,13714.868,19102.742,30145.621
0,45.0,14.0,0.0,0.0,1.0,0.0,13714.868,19102.742,30145.621
0,27.0,12.0,1.0,0.0,1.0,0.0,13714.868,19425.0,25860.215
0,45.0,17.0,0.0,0.0,1.0,0.0,13714.868,23095.16,6649.7695
0,23.0,16.0,0.0,0.0,0.0,0.0,13714.868,25601.613,31623.35
0,26.0,17.0,0.0,0.0,1.0,0.0,13714.868,29540.322,29554.531
0,27.0,14.0,1.0,0.0,0.0,0.0,13812.831,17036.71,20688.172
0,21.0,14.0,0.0,0.0,1.0,0.0,13832.424,8777.951,591.09064
0,20.0,12.0,0.0,0.0,1.0,0.0,13902.957,14322.581,19653.764
0,29.0,12.0,0.0,0.0,1.0,0.0,13910.794,7161.2905,19210.445
0,22.0,12.0,0.0,1.0,1.0,0.0,13910.794,8611.451,16218.049
0,24.0,12.0,0.0,0.0,0.0,0.0,13910.794,13427.419,19210.445
0,27.0,12.0,0.0,0.0,1.0,0.0,13910.794,14859.677,15072.811
0,23.0,12.0,0.0,0.0,1.0,0.0,14063.617,11100.0,14777.266
0,24.0,16.0,0.0,0.0,1.0,0.0,14067.536,24706.451,37829.8
0,23.0,16.0,0.0,0.0,0.0,0.0,14106.721,6266.129,2955.4531
0,33.0,14.0,0.0,0.0,1.0,0.0,14106.721,14322.581,17732.719
0,21.0,12.0,0.0,0.0,0.0,0.0,14106.721,17903.227,22165.898
0,23.0,12.0,0.0,0.0,1.0,0.0,14106.721,23453.227,0.0
0,20.0,12.0,1.0,0.0,1.0,0.0,14322.24,17903.227,14777.266
0,24.0,12.0,0.0,0.0,1.0,0.0,14373.181,19693.549,7388.633
0,29.0,12.0,1.0,0.0,1.0,0.0,14392.774,15396.774,14777.266
0,34.0,12.0,0.0,0.0,1.0,0.0,14498.574,14322.581,10048.541
0,44.0,12.0,0.0,0.0,1.0,0.0,14498.574,14424.629,14579.25
0,23.0,12.0,0.0,0.0,1.0,0.0,14498.574,19335.484,19210.445
0,26.0,14.0,1.0,0.0,1.0,0.0,14506.411,17187.098,21678.248
0,51.0,12.0,0.0,0.0,1.0,0.0,14533.841,19245.969,17732.719
0,41.0,12.0,0.0,0.0,1.0,0.0,14684.705,23274.193,26599.078
0,37.0,13.0,0.0,0.0,1.0,0.0,14694.501,8951.613,17732.719
0,26.0,16.0,0.0,0.0,1.0,0.0,14694.501,11637.097,20688.172
0,24.0,12.0,1.0,0.0,1.0,0.0,14694.501,11816.129,11821.813
0,22.0,14.0,1.0,0.0,1.0,0.0,14694.501,12532.258,21397.48
0,27.0,12.0,1.0,0.0,1.0,0.0,14694.501,13427.419,14079.779
0,23.0,13.0,0.0,0.0,1.0,0.0,14694.501,14322.581,20688.172
0,27.0,12.0,0.0,0.0,1.0,0.0,14694.501,14322.581,19210.445
0,28.0,12.0,1.0,0.0,1.0,0.0,14694.501,14859.677,19210.445
0,21.0,12.0,0.0,0.0,1.0,0.0,14694.501,15217.742,23643.625
0,28.0,12.0,0.0,0.0,1.0,0.0,14694.501,15933.871,0.0
0,22.0,13.0,0.0,0.0,1.0,0.0,14694.501,16112.903,0.0
0,20.0,12.0,0.0,0.0,1.0,0.0,14694.501,16112.903,26599.078
0,24.0,16.0,0.0,0.0,1.0,0.0,14694.501,16470.969,27337.941
0,22.0,12.0,0.0,0.0,1.0,0.0,14694.501,16829.031,21870.354
0,27.0,12.0,0.0,1.0,1.0,0.0,14694.501,16829.031,37829.8
0,35.0,12.0,1.0,0.0,1.0,0.0,14694.501,17187.098,21279.264
0,23.0,16.0,0.0,0.0,1.0,0.0,14694.501,19693.549,29554.531
0,22.0,16.0,0.0,0.0,1.0,0.0,14694.501,19693.549,2955.4531
0,23.0,16.0,0.0,0.0,1.0,0.0,14694.501,23274.193,25121.352
0,20.0,12.0,0.0,0.0,1.0,0.0,14694.501,26854.84,31032.258
0,22.0,12.0,1.0,0.0,1.0,0.0,14790.505,14680.645,14038.402
0,24.0,12.0,0.0,0.0,1.0,0.0,14890.428,719.70966,27963.02
0,26.0,12.0,0.0,0.0,1.0,0.0,14890.428,10741.935,0.0
0,42.0,12.0,1.0,0.0,1.0,0.0,14988.391,11185.935,0.0
0,28.0,15.0,0.0,0.0,1.0,0.0,15082.436,18619.355,13986.682
0,24.0,13.0,0.0,0.0,1.0,0.0,15282.281,14322.581,32509.984
0,50.0,12.0,0.0,0.0,1.0,0.0,15282.281,14322.581,13151.767
0,50.0,12.0,0.0,0.0,1.0,0.0,15282.281,14322.581,13151.767
0,28.0,13.0,0.0,0.0,1.0,0.0,15282.281,14322.581,14038.402
0,25.0,12.0,0.0,0.0,1.0,0.0,15282.281,16112.903,25121.352
0,31.0,12.0,1.0,0.0,0.0,0.0,15282.281,17903.227,14777.266
0,32.0,16.0,1.0,0.0,1.0,0.0,15282.281,19693.549,28076.805
0,22.0,12.0,0.0,0.0,1.0,0.0,15282.281,19693.549,21870.354
0,22.0,13.0,1.0,0.0,1.0,0.0,15403.756,14320.79,18660.73
0,26.0,12.0,1.0,0.0,1.0,0.0,15411.593,8951.613,11082.949
0,22.0,12.0,0.0,0.0,1.0,0.0,15478.208,8951.613,14186.175
0,29.0,12.0,0.0,0.0,0.0,0.0,15478.208,14370.919,12615.352
0,53.0,17.0,0.0,0.0,1.0,0.0,15478.208,16399.355,15663.902
0,25.0,12.0,0.0,0.0,1.0,0.0,15478.208,17724.193,31327.803
0,26.0,12.0,1.0,0.0,1.0,0.0,15478.208,18175.355,19949.309
0,24.0,16.0,0.0,0.0,0.0,0.0,15587.927,19505.564,19210.445
0,27.0,17.0,0.0,0.0,0.0,0.0,15674.134,0.0,41376.344
0,46.0,12.0,0.0,0.0,1.0,0.0,15674.134,734.0323,20688.172
0,25.0,12.0,1.0,0.0,1.0,0.0,15674.134,3738.1936,10512.547
0,21.0,13.0,0.0,0.0,0.0,0.0,15674.134,4946.661,1733.3733
0,37.0,12.0,0.0,0.0,1.0,0.0,15674.134,8951.613,28076.805
0,37.0,12.0,0.0,0.0,1.0,0.0,15674.134,8951.613,28076.805
0,28.0,15.0,1.0,0.0,1.0,0.0,15674.134,9452.903,31032.258
0,22.0,12.0,0.0,0.0,0.0,0.0,15674.134,10741.935,28963.441
0,22.0,12.0,0.0,0.0,0.0,0.0,15674.134,11637.097,20688.172
0,27.0,12.0,0.0,0.0,1.0,0.0,15674.134,12532.258,19210.445
0,21.0,13.0,1.0,0.0,1.0,0.0,15674.134,12532.258,25121.352
0,49.0,16.0,0.0,0.0,1.0,0.0,15674.134,12890.323,17732.719
0,26.0,12.0,0.0,0.0,1.0,0.0,15674.134,13427.419,0.0
0,33.0,14.0,0.0,0.0,1.0,0.0,15674.134,13427.419,13890.63
0,28.0,15.0,0.0,0.0,1.0,0.0,15674.134,13785.484,15959.447
0,29.0,17.0,0.0,0.0,1.0,0.0,15674.134,14143.548,25860.215
0,54.0,16.0,1.0,0.0,1.0,0.0,15674.134,14322.581,11821.813
0,25.0,14.0,0.0,1.0,1.0,0.0,15674.134,14322.581,20702.95
0,32.0,12.0,0.0,0.0,1.0,0.0,15674.134,14322.581,13299.539
0,40.0,12.0,0.0,0.0,1.0,0.0,15674.134,14322.581,16254.992
0,40.0,12.0,0.0,0.0,1.0,0.0,15674.134,14322.581,16254.992
0,27.0,16.0,0.0,0.0,1.0,0.0,15674.134,14322.581,22165.898
0,24.0,12.0,0.0,0.0,1.0,0.0,15674.134,14680.645,17732.719
0,43.0,12.0,0.0,0.0,1.0,0.0,15674.134,14680.645,13831.521
0,25.0,16.0,0.0,0.0,1.0,0.0,15674.134,15217.742,19062.674
0,26.0,12.0,1.0,0.0,1.0,0.0,15674.134,15217.742,15516.129
0,34.0,12.0,1.0,0.0,1.0,0.0,15674.134,15754.839,17732.719
0,21.0,13.0,0.0,0.0,1.0,0.0,15674.134,15933.871,25121.352
0,21.0,12.0,1.0,0.0,1.0,0.0,15674.134,16112.903,11821.813
0,23.0,12.0,1.0,0.0,1.0,0.0,15674.134,16202.419,19210.445
0,26.0,12.0,0.0,0.0,1.0,0.0,15674.134,16470.969,35022.12
0,28.0,14.0,0.0,0.0,1.0,0.0,15674.134,16757.42,16254.992
0,26.0,17.0,0.0,0.0,1.0,0.0,15674.134,16829.031,19210.445
0,20.0,14.0,0.0,0.0,0.0,0.0,15674.134,17008.064,26599.078
0,26.0,12.0,1.0,0.0,1.0,0.0,15674.134,17983.79,20688.172
0,21.0,12.0,1.0,0.0,1.0,0.0,15674.134,19693.549,19210.445
0,41.0,12.0,0.0,0.0,1.0,0.0,15674.134,19693.549,32509.984
0,28.0,16.0,0.0,0.0,1.0,0.0,15674.134,19693.549,28815.668
0,23.0,16.0,0.0,0.0,0.0,0.0,15674.134,21483.871,26599.078
0,22.0,12.0,0.0,0.0,1.0,0.0,15674.134,22916.129,31771.121
0,27.0,14.0,0.0,1.0,0.0,0.0,15674.134,23274.193,27337.941
0,26.0,16.0,0.0,0.0,1.0,0.0,15674.134,23274.193,29554.531
0,54.0,12.0,0.0,0.0,1.0,0.0,15674.134,25064.516,0.0
0,54.0,12.0,0.0,0.0,1.0,0.0,15674.134,25064.516,0.0
0,54.0,12.0,1.0,0.0,0.0,0.0,15674.134,25064.516,20688.172
0,37.0,16.0,0.0,0.0,0.0,0.0,15674.134,26854.84,29258.986
0,32.0,13.0,0.0,0.0,1.0,0.0,15674.134,30435.484,22018.127
0,29.0,12.0,0.0,0.0,1.0,0.0,15678.053,17487.871,10196.313
0,22.0,13.0,0.0,0.0,1.0,0.0,15870.061,15826.452,35465.438
0,23.0,12.0,1.0,0.0,1.0,0.0,15870.061,30435.484,27781.26
0,36.0,12.0,0.0,0.0,1.0,0.0,15873.98,12727.403,17444.562
0,21.0,13.0,0.0,0.0,1.0,0.0,15960.187,21483.871,14777.266
0,21.0,12.0,0.0,0.0,1.0,0.0,15987.617,16291.935,14481.72
0,26.0,12.0,1.0,0.0,1.0,0.0,15987.617,17903.227,19505.99
0,28.0,12.0,1.0,0.0,1.0,0.0,15987.617,19693.549,13299.539
0,43.0,12.0,0.0,0.0,1.0,0.0,15989.576,14322.581,14777.266
0,27.0,12.0,1.0,0.0,1.0,0.0,16011.128,16112.903,20460.602
0,36.0,17.0,0.0,0.0,0.0,0.0,16015.047,30793.549,29584.086
0,23.0,12.0,0.0,0.0,1.0,0.0,16065.988,4833.871,25564.67
0,31.0,12.0,0.0,0.0,1.0,0.0,16065.988,15038.71,17732.719
0,25.0,14.0,0.0,0.0,1.0,0.0,16065.988,15217.742,18471.582
0,35.0,12.0,1.0,0.0,1.0,0.0,16065.988,16086.048,19210.445
0,23.0,16.0,0.0,0.0,1.0,0.0,16065.988,16829.031,20688.172
0,21.0,12.0,0.0,0.0,1.0,0.0,16065.988,20588.71,28815.668
0,22.0,12.0,0.0,0.0,0.0,0.0,16230.566,9846.774,2955.4531
0,36.0,12.0,1.0,0.0,1.0,0.0,16261.914,21304.84,22165.898
0,21.0,12.0,0.0,0.0,1.0,0.0,16306.978,18529.84,11969.585
0,28.0,12.0,0.0,0.0,1.0,0.0,16393.186,13298.516,0.0
0,24.0,12.0,0.0,1.0,1.0,0.0,16457.842,8951.613,21870.354
0,30.0,12.0,0.0,0.0,0.0,0.0,16457.842,14680.645,15146.697
0,44.0,12.0,0.0,0.0,1.0,0.0,16457.842,16112.903,17289.4
0,30.0,12.0,0.0,0.0,1.0,0.0,16457.842,16650.0,19949.309
0,34.0,12.0,0.0,0.0,1.0,0.0,16457.842,16829.031,20688.172
0,26.0,16.0,0.0,0.0,1.0,0.0,16457.842,21483.871,40637.48
0,23.0,16.0,0.0,0.0,1.0,0.0,16457.842,21483.871,18471.582
0,20.0,12.0,0.0,0.0,0.0,0.0,16497.025,19604.031,19653.764
0,26.0,13.0,0.0,0.0,0.0,0.0,16653.768,3580.6453,8866.359
0,21.0,12.0,1.0,0.0,1.0,0.0,16653.768,9846.774,7388.633
0,25.0,12.0,0.0,0.0,1.0,0.0,16653.768,12181.355,17732.719
0,23.0,15.0,0.0,0.0,1.0,0.0,16653.768,13427.419,16993.855
0,25.0,12.0,1.0,0.0,0.0,0.0,16653.768,14859.677,22904.762
0,28.0,16.0,0.0,0.0,1.0,0.0,16653.768,15396.774,17437.174
0,38.0,14.0,0.0,0.0,1.0,0.0,16653.768,16112.903,19505.99
0,29.0,17.0,0.0,0.0,1.0,0.0,16653.768,16112.903,17732.719
0,24.0,17.0,0.0,0.0,1.0,0.0,16653.768,16650.0,20688.172
0,25.0,16.0,1.0,0.0,1.0,0.0,16653.768,17008.064,21870.354
0,55.0,12.0,0.0,0.0,1.0,0.0,16653.768,17545.16,16254.992
0,30.0,14.0,0.0,0.0,1.0,0.0,16653.768,17545.16,0.0
0,21.0,12.0,0.0,0.0,0.0,0.0,16653.768,17903.227,19210.445
0,26.0,12.0,0.0,0.0,1.0,0.0,16653.768,17903.227,17732.719
0,34.0,12.0,0.0,0.0,1.0,0.0,16653.768,19532.42,16254.992
0,22.0,12.0,0.0,0.0,1.0,0.0,16653.768,19693.549,26007.988
0,22.0,16.0,0.0,0.0,0.0,0.0,16653.768,22737.098,37682.027
0,27.0,15.0,0.0,0.0,0.0,0.0,16653.768,23274.193,23643.625
0,26.0,12.0,0.0,0.0,0.0,0.0,16653.768,23274.193,2955.4531
0,26.0,16.0,0.0,0.0,1.0,0.0,16653.768,24706.451,29554.531
0,24.0,14.0,1.0,0.0,1.0,0.0,16653.768,28466.129,40637.48
0,26.0,14.0,1.0,0.0,0.0,0.0,16667.482,21483.871,28815.668
0,23.0,12.0,1.0,0.0,1.0,0.0,16708.627,10491.29,7565.96
0,28.0,14.0,0.0,0.0,0.0,0.0,16849.695,12174.194,1921.0446
0,21.0,12.0,0.0,0.0,1.0,0.0,16849.695,15396.774,0.0
0,30.0,12.0,0.0,0.0,1.0,0.0,16849.695,17366.129,18978.441
0,24.0,12.0,0.0,0.0,1.0,0.0,16849.695,18619.355,25121.352
0,51.0,12.0,0.0,0.0,1.0,0.0,16849.695,19693.549,17732.719
0,21.0,14.0,0.0,0.0,0.0,0.0,16849.695,19693.549,35465.438
0,22.0,14.0,1.0,0.0,1.0,0.0,16849.695,21125.807,24086.943
0,24.0,12.0,0.0,0.0,1.0,0.0,16884.96,9311.468,23080.611
0,23.0,15.0,0.0,0.0,1.0,0.0,16955.494,20844.727,25514.428
0,26.0,14.0,0.0,0.0,1.0,0.0,17045.621,25064.516,38716.438
0,45.0,12.0,0.0,0.0,1.0,0.0,17104.398,16381.452,18176.037
0,46.0,13.0,0.0,0.0,1.0,0.0,17241.549,15754.839,14777.266
0,29.0,12.0,0.0,0.0,1.0,0.0,17241.549,19686.387,33544.395
0,26.0,14.0,0.0,0.0,1.0,0.0,17241.549,20588.71,24530.262
0,27.0,16.0,0.0,0.0,1.0,0.0,17241.549,24885.484,22165.898
0,26.0,14.0,0.0,0.0,1.0,0.0,17437.475,7161.2905,14771.355
0,20.0,15.0,0.0,0.0,1.0,0.0,17437.475,8056.4517,18471.582
0,23.0,12.0,0.0,0.0,1.0,0.0,17437.475,12532.258,21427.035
0,30.0,16.0,0.0,0.0,1.0,0.0,17437.475,17867.42,15516.129
0,24.0,12.0,0.0,0.0,1.0,0.0,17437.475,22379.031,16254.992
0,23.0,12.0,0.0,0.0,1.0,0.0,17633.4,0.0,23643.625
0,34.0,12.0,0.0,0.0,1.0,0.0,17633.4,0.0,0.0
0,24.0,12.0,0.0,1.0,1.0,0.0,17633.4,4848.1934,22165.898
0,43.0,12.0,1.0,0.0,1.0,0.0,17633.4,10741.935,21858.531
0,28.0,14.0,1.0,0.0,1.0,0.0,17633.4,12532.258,16254.992
0,20.0,12.0,0.0,0.0,1.0,0.0,17633.4,15217.742,28815.668
0,23.0,12.0,1.0,0.0,1.0,0.0,17633.4,15217.742,15516.129
0,27.0,14.0,1.0,0.0,1.0,0.0,17633.4,16112.903,26599.078
0,53.0,12.0,0.0,0.0,1.0,0.0,17633.4,16112.903,19210.445
0,28.0,16.0,0.0,0.0,1.0,0.0,17633.4,16112.903,22165.898
0,26.0,12.0,0.0,0.0,1.0,0.0,17633.4,16112.903,25121.352
0,25.0,15.0,0.0,0.0,1.0,0.0,17633.4,16112.903,18619.355
0,29.0,14.0,0.0,0.0,1.0,0.0,17633.4,17187.098,19699.572
0,26.0,12.0,1.0,0.0,1.0,0.0,17633.4,17416.258,23643.625
0,55.0,16.0,0.0,0.0,1.0,0.0,17633.4,17903.227,22165.898
0,22.0,12.0,0.0,1.0,1.0,0.0,17633.4,17903.227,14777.266
0,33.0,12.0,0.0,0.0,1.0,0.0,17633.4,17903.227,15811.674
0,34.0,14.0,0.0,1.0,1.0,0.0,17633.4,17903.227,8866.359
0,24.0,12.0,0.0,0.0,1.0,0.0,17633.4,18440.322,19949.309
0,24.0,12.0,0.0,0.0,1.0,0.0,17633.4,18750.049,32509.984
0,26.0,12.0,1.0,0.0,1.0,0.0,17633.4,18798.387,18471.582
0,45.0,12.0,0.0,0.0,1.0,0.0,17633.4,18798.387,19949.309
0,22.0,12.0,0.0,0.0,1.0,0.0,17633.4,19693.549,23643.625
0,55.0,14.0,0.0,0.0,1.0,0.0,17633.4,19693.549,2068.8171
0,24.0,12.0,0.0,0.0,1.0,0.0,17633.4,19693.549,11526.267
0,23.0,12.0,0.0,0.0,1.0,0.0,17633.4,21546.531,4433.1797
0,24.0,13.0,1.0,0.0,0.0,0.0,17633.4,25064.516,22165.898
0,31.0,13.0,0.0,0.0,1.0,0.0,17633.4,25064.516,23643.625
0,43.0,12.0,0.0,0.0,1.0,0.0,17633.4,26854.84,28076.805
0,43.0,12.0,0.0,0.0,1.0,0.0,17633.4,26854.84,28076.805
0,23.0,12.0,1.0,0.0,1.0,0.0,17672.588,14322.581,12294.685
0,22.0,12.0,0.0,0.0,1.0,0.0,17703.936,12532.258,20688.172
0,30.0,12.0,1.0,0.0,1.0,0.0,17760.754,17366.129,19210.445
0,28.0,12.0,0.0,0.0,0.0,0.0,17829.328,5012.9033,16240.215
0,28.0,12.0,0.0,0.0,1.0,0.0,17829.328,11100.0,20688.172
0,21.0,12.0,0.0,0.0,0.0,0.0,17829.328,12945.823,26599.078
0,28.0,13.0,0.0,0.0,1.0,0.0,17876.35,15396.774,22452.578
0,25.0,14.0,0.0,0.0,1.0,0.0,17939.047,14322.581,9974.654
0,54.0,12.0,0.0,0.0,1.0,0.0,18025.256,18798.387,23643.625
0,26.0,16.0,0.0,0.0,1.0,0.0,18025.256,19872.58,20983.717
0,26.0,16.0,0.0,0.0,1.0,0.0,18025.256,23274.193,28076.805
0,49.0,13.0,0.0,0.0,1.0,0.0,18221.182,17903.227,17732.719
0,21.0,13.0,1.0,0.0,0.0,0.0,18221.182,21125.807,21870.354
0,26.0,16.0,0.0,0.0,1.0,0.0,18221.182,22379.031,18471.582
0,30.0,12.0,1.0,0.0,1.0,0.0,18338.736,25422.58,22165.898
0,21.0,13.0,0.0,0.0,1.0,0.0,18417.107,8951.613,27337.941
0,33.0,12.0,0.0,0.0,1.0,0.0,18417.107,12890.323,20688.172
0,33.0,12.0,0.0,0.0,1.0,0.0,18417.107,14412.097,20688.172
0,40.0,12.0,0.0,0.0,1.0,0.0,18417.107,17545.16,17289.4
0,27.0,16.0,0.0,0.0,1.0,0.0,18417.107,18798.387,25860.215
0,21.0,12.0,0.0,0.0,1.0,0.0,18417.107,19693.549,28224.578
0,31.0,12.0,0.0,0.0,1.0,0.0,18593.441,14814.919,16254.992
0,27.0,14.0,1.0,0.0,1.0,0.0,18613.035,0.0,13299.539
0,47.0,17.0,0.0,0.0,1.0,0.0,18613.035,10025.806,35465.438
0,32.0,12.0,1.0,0.0,1.0,0.0,18613.035,16112.903,17732.719
0,28.0,12.0,1.0,0.0,0.0,0.0,18613.035,17008.064,19949.309
0,35.0,14.0,0.0,0.0,1.0,0.0,18613.035,19693.549,22424.502
0,26.0,14.0,0.0,0.0,1.0,0.0,18613.035,19693.549,28076.805
0,37.0,12.0,0.0,0.0,1.0,0.0,18613.035,21483.871,23052.535
0,23.0,12.0,0.0,0.0,0.0,0.0,18613.035,23274.193,32953.305
0,44.0,12.0,1.0,0.0,1.0,0.0,18613.035,23632.258,19210.445
0,44.0,12.0,1.0,0.0,1.0,0.0,18613.035,23632.258,19210.445
0,36.0,12.0,1.0,0.0,1.0,0.0,18613.035,25064.516,33692.164
0,26.0,12.0,0.0,0.0,1.0,0.0,18677.69,18261.29,24973.578
0,23.0,14.0,0.0,0.0,1.0,0.0,18722.754,21662.902,28076.805
0,32.0,13.0,1.0,0.0,1.0,0.0,18808.96,14143.548,26599.078
0,33.0,12.0,0.0,0.0,0.0,0.0,18808.96,16028.758,17502.193
0,37.0,12.0,1.0,0.0,1.0,0.0,18808.96,16112.903,32509.984
0,27.0,12.0,0.0,0.0,1.0,0.0,18808.96,17187.098,19505.99
0,43.0,12.0,0.0,0.0,1.0,0.0,18808.96,17903.227,26155.76
0,27.0,16.0,0.0,0.0,1.0,0.0,18808.96,17903.227,18471.582
0,24.0,12.0,0.0,0.0,1.0,0.0,18808.96,17903.227,18323.81
0,24.0,12.0,0.0,0.0,1.0,0.0,18808.96,18798.387,23052.535
0,34.0,12.0,1.0,0.0,0.0,0.0,18848.146,30435.484,12560.676
0,42.0,12.0,0.0,0.0,1.0,0.0,18879.494,17008.064,19210.445
0,24.0,13.0,1.0,0.0,1.0,0.0,18881.453,16112.903,12560.676
0,27.0,12.0,0.0,0.0,1.0,0.0,18924.559,11995.161,22165.898
0,23.0,12.0,1.0,0.0,1.0,0.0,19004.889,13427.419,13299.539
0,26.0,16.0,0.0,0.0,1.0,0.0,19004.889,16112.903,26599.078
0,27.0,12.0,1.0,0.0,1.0,0.0,19004.889,19693.549,19210.445
0,37.0,12.0,1.0,0.0,1.0,0.0,19004.889,25959.678,25860.215
0,37.0,12.0,0.0,0.0,1.0,0.0,19016.645,20893.064,16993.855
0,26.0,12.0,0.0,1.0,1.0,0.0,19055.828,0.0,13299.539
0,23.0,12.0,0.0,0.0,1.0,0.0,19096.975,20683.598,16993.855
0,26.0,13.0,0.0,0.0,1.0,0.0,19200.814,14680.645,18471.582
0,27.0,16.0,0.0,0.0,1.0,0.0,19200.814,17688.387,0.0
0,27.0,12.0,0.0,0.0,0.0,0.0,19200.814,19514.516,23643.625
0,29.0,14.0,0.0,0.0,1.0,0.0,19200.814,21483.871,23052.535
0,25.0,16.0,0.0,0.0,1.0,0.0,19200.814,22558.064,33396.62
0,26.0,12.0,0.0,0.0,1.0,0.0,19263.512,13024.597,24627.791
0,22.0,14.0,0.0,0.0,1.0,0.0,19279.186,17616.773,17289.4
0,28.0,12.0,0.0,0.0,1.0,0.0,19298.777,0.0,29554.531
0,46.0,12.0,0.0,0.0,1.0,0.0,19394.781,19201.21,20431.049
0,33.0,17.0,0.0,0.0,0.0,0.0,19396.74,0.0,1539.7911
0,23.0,12.0,0.0,0.0,1.0,0.0,19396.74,12532.258,25121.352
0,23.0,12.0,0.0,0.0,1.0,0.0,19396.74,12532.258,0.0
0,23.0,13.0,0.0,0.0,1.0,0.0,19396.74,17903.227,31032.258
0,26.0,16.0,0.0,0.0,1.0,0.0,19396.74,25780.645,25564.67
0,24.0,16.0,1.0,0.0,0.0,0.0,19494.705,15217.742,23643.625
0,37.0,12.0,1.0,0.0,1.0,0.0,19586.79,12030.968,14777.266
0,50.0,16.0,0.0,0.0,0.0,0.0,19592.668,0.0,23643.625
0,26.0,13.0,0.0,0.0,1.0,0.0,19592.668,0.0,23643.625
0,21.0,12.0,1.0,0.0,0.0,0.0,19592.668,716.129,22165.898
0,25.0,12.0,1.0,0.0,1.0,0.0,19592.668,5370.968,24642.568
0,24.0,13.0,1.0,0.0,1.0,0.0,19592.668,11637.097,18442.027
0,24.0,12.0,1.0,0.0,0.0,0.0,19592.668,11995.161,19210.445
0,32.0,14.0,1.0,0.0,1.0,0.0,19592.668,12335.323,14777.266
0,27.0,16.0,0.0,0.0,1.0,0.0,19592.668,12532.258,17720.896
0,21.0,12.0,0.0,1.0,1.0,0.0,19592.668,12532.258,17732.719
0,24.0,16.0,0.0,0.0,1.0,0.0,19592.668,12890.323,31032.258
0,45.0,14.0,0.0,0.0,1.0,0.0,19592.668,13606.452,17732.719
0,38.0,12.0,0.0,0.0,1.0,0.0,19592.668,13964.516,16286.025
0,27.0,15.0,0.0,0.0,1.0,0.0,19592.668,14859.677,23643.625
0,20.0,12.0,1.0,0.0,1.0,0.0,19592.668,16709.08,12708.449
0,23.0,12.0,1.0,0.0,1.0,0.0,19592.668,17008.064,22165.898
0,33.0,12.0,0.0,0.0,1.0,0.0,19592.668,17008.064,25014.955
0,24.0,13.0,0.0,0.0,1.0,0.0,19592.668,17187.098,22313.672
0,44.0,12.0,0.0,0.0,1.0,0.0,19592.668,17187.098,15368.356
0,34.0,12.0,1.0,0.0,1.0,0.0,19592.668,17366.129,19210.445
0,23.0,12.0,1.0,0.0,1.0,0.0,19592.668,17366.129,14777.266
0,27.0,12.0,1.0,0.0,1.0,0.0,19592.668,17724.193,25121.352
0,25.0,16.0,0.0,0.0,1.0,0.0,19592.668,17903.227,25712.441
0,22.0,12.0,0.0,0.0,1.0,0.0,19592.668,17903.227,23643.625
0,24.0,16.0,0.0,0.0,0.0,0.0,19592.668,17903.227,16993.855
0,23.0,12.0,0.0,0.0,1.0,0.0,19592.668,17903.227,16254.992
0,31.0,16.0,0.0,0.0,1.0,0.0,19592.668,17903.227,17732.719
0,23.0,12.0,1.0,0.0,1.0,0.0,19592.668,17903.227,26599.078
0,27.0,12.0,0.0,0.0,1.0,0.0,19592.668,18082.258,32657.758
0,20.0,12.0,1.0,0.0,1.0,0.0,19592.668,18619.355,23643.625
0,20.0,12.0,0.0,0.0,1.0,0.0,19592.668,18798.387,17732.719
0,52.0,15.0,0.0,0.0,1.0,0.0,19592.668,18798.387,17437.174
0,33.0,16.0,0.0,0.0,1.0,0.0,19592.668,19335.484,26599.078
0,40.0,12.0,0.0,0.0,1.0,0.0,19592.668,19335.484,21279.264
0,31.0,12.0,1.0,0.0,1.0,0.0,19592.668,19466.178,20259.63
0,35.0,12.0,0.0,0.0,1.0,0.0,19592.668,19693.549,22535.33
0,33.0,12.0,0.0,0.0,0.0,0.0,19592.668,19693.549,13299.539
0,22.0,12.0,0.0,0.0,1.0,0.0,19592.668,19693.549,17732.719
0,29.0,16.0,1.0,0.0,1.0,0.0,19592.668,20588.71,42854.07
0,26.0,12.0,0.0,0.0,1.0,0.0,19592.668,21125.807,21982.66
0,23.0,12.0,0.0,0.0,1.0,0.0,19592.668,21215.322,24884.916
0,30.0,12.0,0.0,0.0,1.0,0.0,19592.668,21483.871,23348.08
0,43.0,12.0,0.0,0.0,1.0,0.0,19592.668,21483.871,22165.898
0,43.0,12.0,0.0,0.0,1.0,0.0,19592.668,21483.871,22165.898
0,31.0,12.0,0.0,0.0,1.0,0.0,19592.668,21483.871,25121.352
0,23.0,12.0,0.0,0.0,1.0,0.0,19592.668,21483.871,20688.172
0,23.0,13.0,0.0,0.0,1.0,0.0,19592.668,21483.871,21279.264
0,28.0,16.0,0.0,0.0,1.0,0.0,19592.668,21483.871,32509.984
0,30.0,12.0,0.0,0.0,1.0,0.0,19592.668,21483.871,29554.531
0,53.0,12.0,1.0,0.0,1.0,0.0,19592.668,21483.871,23643.625
0,32.0,12.0,0.0,0.0,1.0,0.0,19592.668,21483.871,29554.531
0,43.0,12.0,0.0,0.0,1.0,0.0,19592.668,21739.887,29338.783
0,43.0,12.0,0.0,0.0,1.0,0.0,19592.668,21739.887,29338.783
0,37.0,17.0,0.0,0.0,0.0,0.0,19592.668,23005.645,22165.898
0,23.0,12.0,1.0,0.0,1.0,0.0,19592.668,23274.193,21427.035
0,28.0,12.0,1.0,0.0,1.0,0.0,19592.668,24169.355,25860.215
0,27.0,14.0,1.0,0.0,0.0,0.0,19592.668,25064.516,28815.668
0,46.0,12.0,0.0,0.0,0.0,0.0,19592.668,25064.516,29554.531
0,30.0,12.0,1.0,0.0,1.0,0.0,19592.668,26854.84,25897.158
0,35.0,17.0,0.0,0.0,1.0,0.0,19592.668,44758.066,36943.164
0,26.0,15.0,0.0,0.0,1.0,0.0,19596.588,19335.484,23643.625
0,25.0,12.0,0.0,0.0,1.0,0.0,19641.65,8736.774,23643.625
0,24.0,12.0,0.0,0.0,1.0,0.0,19706.305,6624.1934,25121.352
0,22.0,14.0,0.0,0.0,1.0,0.0,19727.857,20141.129,22284.117
0,27.0,13.0,0.0,0.0,1.0,0.0,19735.695,20051.613,36943.164
0,36.0,12.0,1.0,0.0,1.0,0.0,19749.408,25064.516,23643.625
0,35.0,13.0,0.0,0.0,1.0,0.0,19788.596,21269.031,14777.266
0,34.0,12.0,1.0,0.0,1.0,0.0,19788.596,23274.193,31032.258
0,28.0,14.0,0.0,0.0,1.0,0.0,19984.521,12532.258,31032.258
0,18.0,12.0,0.0,0.0,1.0,0.0,19984.521,23274.193,26599.078
0,21.0,12.0,0.0,0.0,1.0,0.0,20068.77,21215.322,56892.473
0,28.0,16.0,1.0,0.0,1.0,0.0,20082.484,19335.484,21279.264
0,24.0,14.0,0.0,0.0,1.0,0.0,20141.264,0.0,0.0
0,30.0,12.0,0.0,0.0,1.0,0.0,20180.447,15754.839,33987.71
0,42.0,12.0,0.0,0.0,1.0,0.0,20180.447,17455.645,0.0
0,24.0,12.0,0.0,0.0,1.0,0.0,20180.447,19693.549,29554.531
0,40.0,12.0,0.0,0.0,1.0,0.0,20180.447,19693.549,17732.719
0,25.0,17.0,0.0,0.0,1.0,0.0,20180.447,21036.29,22904.762
0,27.0,17.0,0.0,0.0,1.0,0.0,20180.447,21578.758,28520.123
0,24.0,16.0,0.0,0.0,1.0,0.0,20200.041,17903.227,42854.07
0,25.0,16.0,1.0,0.0,0.0,0.0,20233.348,19335.484,23052.535
0,53.0,16.0,0.0,0.0,1.0,0.0,20343.066,20112.484,19930.098
0,28.0,12.0,0.0,0.0,1.0,0.0,20376.375,17903.227,32509.984
0,20.0,12.0,0.0,0.0,1.0,0.0,20376.375,18655.16,16993.855
0,26.0,12.0,0.0,0.0,1.0,0.0,20376.375,20946.773,22165.898
0,33.0,12.0,0.0,0.0,1.0,0.0,20503.727,21483.871,20688.172
0,24.0,14.0,0.0,0.0,0.0,0.0,20572.3,11637.097,12412.903
0,38.0,12.0,1.0,0.0,0.0,0.0,20572.3,14322.581,16254.992
0,27.0,12.0,0.0,0.0,1.0,0.0,20572.3,17545.16,24530.262
0,27.0,16.0,0.0,0.0,1.0,0.0,20572.3,18619.355,88663.59
0,31.0,13.0,0.0,0.0,1.0,0.0,20572.3,18798.387,29554.531
0,26.0,15.0,0.0,0.0,1.0,0.0,20572.3,18798.387,23643.625
0,28.0,16.0,0.0,0.0,1.0,0.0,20572.3,18798.387,22165.898
0,26.0,17.0,0.0,0.0,1.0,0.0,20572.3,18977.42,35465.438
0,52.0,12.0,0.0,0.0,1.0,0.0,20572.3,18977.42,20688.172
0,25.0,12.0,0.0,0.0,1.0,0.0,20572.3,20588.71,22461.443
0,24.0,12.0,0.0,0.0,1.0,0.0,20572.3,20767.742,22165.898
0,41.0,12.0,0.0,0.0,1.0,0.0,20572.3,21483.871,25310.502
0,40.0,12.0,0.0,0.0,1.0,0.0,20572.3,24772.693,32586.826
0,40.0,12.0,0.0,0.0,1.0,0.0,20572.3,24772.693,32586.826
0,32.0,13.0,0.0,0.0,1.0,0.0,20572.3,25064.516,7388.633
0,24.0,12.0,1.0,0.0,1.0,0.0,20572.3,25959.678,31032.258
0,46.0,12.0,1.0,0.0,1.0,0.0,20572.3,32225.807,7882.1934
0,31.0,13.0,0.0,0.0,1.0,0.0,20572.3,33658.066,31032.258
0,25.0,15.0,0.0,0.0,0.0,0.0,20738.84,21483.871,39011.98
0,29.0,12.0,0.0,0.0,1.0,0.0,20768.229,0.0,44331.797
0,25.0,14.0,0.0,0.0,0.0,0.0,20768.229,14322.581,17437.174
0,42.0,16.0,0.0,0.0,1.0,0.0,20768.229,19693.549,22165.898
0,24.0,12.0,0.0,0.0,1.0,0.0,20768.229,23274.193,27485.715
0,25.0,14.0,1.0,0.0,1.0,0.0,20768.229,23274.193,26303.533
0,44.0,12.0,0.0,0.0,1.0,0.0,20895.58,12174.194,20963.03
0,27.0,12.0,0.0,0.0,0.0,0.0,20964.154,18440.322,23348.08
0,28.0,14.0,0.0,0.0,1.0,0.0,20964.154,20588.71,28446.236
0,33.0,16.0,0.0,0.0,1.0,0.0,20964.154,21483.871,22018.127
0,25.0,16.0,0.0,0.0,1.0,0.0,20964.154,24706.451,26229.646
0,26.0,12.0,1.0,0.0,1.0,0.0,21116.979,22379.031,25121.352
0,39.0,12.0,0.0,0.0,1.0,0.0,21138.53,20366.71,15049.167
0,31.0,14.0,0.0,0.0,1.0,0.0,21140.488,20141.129,19653.764
0,31.0,14.0,0.0,0.0,1.0,0.0,21140.488,20141.129,19653.764
0,23.0,13.0,1.0,0.0,1.0,0.0,21160.08,17903.227,23643.625
0,42.0,12.0,0.0,0.0,1.0,0.0,21160.08,21483.871,12232.621
0,36.0,14.0,0.0,0.0,1.0,0.0,21160.08,23460.387,0.0
0,26.0,12.0,0.0,0.0,1.0,0.0,21160.08,24169.355,21279.264
0,46.0,17.0,0.0,0.0,0.0,0.0,21258.045,24094.16,24787.387
0,31.0,12.0,0.0,0.0,1.0,0.0,21356.008,15038.71,35465.438
0,27.0,12.0,1.0,0.0,1.0,0.0,21356.008,20588.71,21722.58
0,25.0,12.0,0.0,1.0,1.0,0.0,21512.748,26586.29,25558.76
0,42.0,16.0,0.0,0.0,1.0,0.0,21551.936,0.0,41376.344
0,28.0,12.0,0.0,0.0,1.0,0.0,21551.936,8366.178,0.0
0,28.0,12.0,0.0,0.0,1.0,0.0,21551.936,10562.903,21722.58
0,27.0,13.0,0.0,0.0,1.0,0.0,21551.936,14322.581,16254.992
0,35.0,12.0,1.0,0.0,1.0,0.0,21551.936,14322.581,15638.78
0,35.0,12.0,1.0,0.0,1.0,0.0,21551.936,14322.581,15638.78
0,26.0,12.0,0.0,0.0,1.0,0.0,21551.936,15217.742,26599.078
0,19.0,12.0,0.0,0.0,1.0,0.0,21551.936,15754.839,19210.445
0,29.0,12.0,0.0,0.0,1.0,0.0,21551.936,17008.064,20688.172
0,34.0,12.0,1.0,0.0,1.0,0.0,21551.936,17903.227,25121.352
0,28.0,16.0,0.0,0.0,1.0,0.0,21551.936,18619.355,44331.797
0,31.0,16.0,0.0,0.0,1.0,0.0,21551.936,18798.387,23348.08
0,37.0,15.0,1.0,0.0,0.0,0.0,21551.936,19210.16,17732.719
0,40.0,12.0,0.0,0.0,1.0,0.0,21551.936,19693.549,31032.258
0,37.0,12.0,0.0,0.0,1.0,0.0,21551.936,19693.549,44331.797
0,48.0,12.0,0.0,0.0,1.0,0.0,21551.936,20230.645,0.0
0,43.0,12.0,0.0,0.0,1.0,0.0,21551.936,20588.71,19210.445
0,26.0,16.0,0.0,0.0,1.0,0.0,21551.936,20588.71,28815.668
0,29.0,12.0,0.0,0.0,1.0,0.0,21551.936,20588.71,19949.309
0,27.0,12.0,0.0,0.0,1.0,0.0,21551.936,21120.436,23052.535
0,22.0,14.0,0.0,0.0,1.0,0.0,21551.936,21483.871,23200.307
0,23.0,12.0,0.0,0.0,1.0,0.0,21551.936,21483.871,26599.078
0,21.0,12.0,0.0,0.0,1.0,0.0,21551.936,21483.871,12534.077
0,36.0,12.0,0.0,0.0,1.0,0.0,21551.936,21483.871,23643.625
0,26.0,16.0,0.0,0.0,1.0,0.0,21551.936,21483.871,29492.467
0,33.0,12.0,0.0,0.0,1.0,0.0,21551.936,21483.871,21427.035
0,37.0,12.0,0.0,0.0,1.0,0.0,21551.936,22379.031,24382.488
0,29.0,16.0,0.0,0.0,0.0,0.0,21551.936,22737.098,33248.848
0,25.0,14.0,0.0,0.0,1.0,0.0,21551.936,22916.129,31505.13
0,27.0,16.0,0.0,0.0,1.0,0.0,21551.936,23274.193,27633.486
0,41.0,17.0,0.0,0.0,1.0,0.0,21551.936,23274.193,22904.762
0,29.0,16.0,0.0,0.0,1.0,0.0,21551.936,23274.193,23643.625
0,34.0,14.0,0.0,0.0,1.0,0.0,21551.936,23274.193,22165.898
0,45.0,12.0,0.0,0.0,1.0,0.0,21551.936,23632.258,26633.066
0,41.0,12.0,1.0,0.0,1.0,0.0,21551.936,24885.484,21427.035
0,35.0,13.0,1.0,0.0,1.0,0.0,21551.936,25959.678,26423.229
0,23.0,12.0,0.0,0.0,1.0,0.0,21551.936,25959.678,58665.746
0,43.0,17.0,0.0,0.0,0.0,0.0,21551.936,25959.678,36943.164
0,21.0,12.0,0.0,0.0,1.0,0.0,21551.936,26138.71,38420.89
0,22.0,12.0,0.0,0.0,1.0,0.0,21551.936,26765.322,35465.438
0,25.0,17.0,0.0,0.0,1.0,0.0,21551.936,31151.613,53937.02
0,23.0,16.0,0.0,0.0,1.0,0.0,21551.936,35806.453,44331.797
0,28.0,14.0,0.0,0.0,1.0,0.0,21649.898,26854.84,22165.898
0,44.0,13.0,0.0,0.0,1.0,0.0,21679.287,21918.92,22165.898
0,23.0,12.0,0.0,0.0,0.0,0.0,21747.861,11413.306,2216.5898
0,39.0,14.0,0.0,0.0,1.0,0.0,21747.861,21841.936,18619.355
0,23.0,12.0,0.0,0.0,1.0,0.0,21865.418,21483.871,25121.352
0,24.0,14.0,1.0,0.0,1.0,0.0,21869.336,26353.549,18767.127
0,24.0,13.0,0.0,1.0,1.0,0.0,21922.236,24742.258,35317.664
0,51.0,12.0,0.0,0.0,1.0,0.0,21943.787,19156.451,24382.488
0,34.0,12.0,0.0,0.0,1.0,0.0,21943.787,20409.678,21131.49
0,27.0,12.0,0.0,0.0,1.0,0.0,21943.787,20588.71,18323.81
0,29.0,17.0,0.0,0.0,1.0,0.0,21943.787,21752.42,22165.898
0,26.0,14.0,1.0,0.0,1.0,0.0,21943.787,25959.678,36943.164
0,26.0,13.0,0.0,1.0,1.0,0.0,21953.586,5671.7417,25860.215
0,23.0,14.0,0.0,0.0,0.0,0.0,22139.715,18798.387,41376.344
0,46.0,12.0,0.0,0.0,1.0,0.0,22139.715,22622.516,23643.625
0,27.0,12.0,0.0,0.0,0.0,0.0,22139.715,25422.58,61768.973
0,30.0,17.0,1.0,0.0,1.0,0.0,22139.715,27929.031,33248.848
0,25.0,12.0,1.0,0.0,1.0,0.0,22139.715,33300.0,29554.531
0,27.0,14.0,0.0,0.0,1.0,0.0,22218.086,23306.42,26599.078
0,27.0,17.0,0.0,0.0,1.0,0.0,22237.678,22379.031,14777.266
0,50.0,12.0,0.0,0.0,1.0,0.0,22306.254,27544.113,26876.89
0,50.0,12.0,0.0,0.0,1.0,0.0,22306.254,27544.113,26876.89
0,50.0,12.0,0.0,0.0,1.0,0.0,22306.254,27544.113,26876.89
0,48.0,12.0,0.0,0.0,1.0,0.0,22321.928,23881.113,25399.164
0,24.0,16.0,0.0,0.0,1.0,0.0,22335.643,22880.322,29037.326
0,25.0,12.0,0.0,1.0,1.0,0.0,22335.643,24169.355,31032.258
0,37.0,12.0,0.0,0.0,1.0,0.0,22441.441,16385.031,23269.76
0,37.0,12.0,0.0,0.0,1.0,0.0,22441.441,16385.031,23269.76
0,29.0,12.0,1.0,0.0,1.0,0.0,22531.568,18619.355,23643.625
0,27.0,15.0,0.0,0.0,1.0,0.0,22531.568,20588.71,35465.438
0,41.0,12.0,0.0,1.0,1.0,0.0,22531.568,20946.773,22165.898
0,29.0,12.0,0.0,0.0,1.0,0.0,22531.568,21483.871,22165.898
0,27.0,16.0,0.0,0.0,1.0,0.0,22531.568,21483.871,23643.625
0,44.0,12.0,0.0,0.0,1.0,0.0,22531.568,22379.031,23643.625
0,26.0,13.0,0.0,0.0,1.0,0.0,22531.568,22379.031,37238.71
0,34.0,12.0,0.0,0.0,1.0,0.0,22531.568,22379.031,26599.078
0,20.0,12.0,0.0,0.0,1.0,0.0,22531.568,23274.193,24382.488
0,43.0,14.0,0.0,0.0,1.0,0.0,22531.568,23274.193,28520.123
0,47.0,12.0,0.0,1.0,1.0,0.0,22531.568,25028.71,25564.67
0,31.0,12.0,0.0,0.0,1.0,0.0,22531.568,25064.516,29554.531
0,33.0,12.0,0.0,0.0,1.0,0.0,22531.568,26496.773,24973.578
0,24.0,12.0,1.0,0.0,0.0,0.0,22531.568,26854.84,29554.531
0,27.0,16.0,0.0,0.0,0.0,0.0,22531.568,30435.484,42854.07
0,23.0,14.0,0.0,0.0,1.0,0.0,22531.568,33658.066,26599.078
0,27.0,17.0,0.0,0.0,1.0,0.0,22594.266,18261.29,28815.668
0,50.0,16.0,0.0,0.0,0.0,0.0,22629.531,19693.549,17732.719
0,22.0,14.0,0.0,0.0,1.0,0.0,22682.432,24706.451,20688.172
0,31.0,12.0,1.0,0.0,1.0,0.0,22727.494,1503.871,27781.26
0,34.0,12.0,0.0,0.0,1.0,0.0,22727.494,18619.355,20688.172
0,28.0,12.0,0.0,0.0,1.0,0.0,22727.494,20051.613,22904.762
0,26.0,12.0,0.0,0.0,1.0,0.0,22727.494,21483.871,26599.078
0,46.0,12.0,0.0,0.0,1.0,0.0,22727.494,21841.936,22904.762
0,27.0,17.0,0.0,0.0,1.0,0.0,22727.494,22379.031,24086.943
0,47.0,13.0,0.0,0.0,1.0,0.0,22727.494,22558.064,24382.488
0,29.0,17.0,0.0,0.0,1.0,0.0,22923.422,21483.871,27042.396
0,24.0,16.0,0.0,0.0,0.0,0.0,22923.422,22379.031,26451.307
0,30.0,16.0,0.0,0.0,1.0,0.0,22923.422,23274.193,28076.805
0,23.0,12.0,0.0,0.0,1.0,0.0,22982.2,24033.29,14777.266
0,27.0,15.0,0.0,0.0,1.0,0.0,23119.348,0.0,0.0
0,25.0,12.0,0.0,0.0,1.0,0.0,23119.348,24074.469,25195.238
0,26.0,12.0,0.0,0.0,1.0,0.0,23315.275,26767.113,27633.486
0,26.0,12.0,0.0,0.0,1.0,0.0,23511.201,0.0,0.0
0,25.0,12.0,0.0,0.0,1.0,0.0,23511.201,11279.032,21279.264
0,32.0,12.0,0.0,0.0,1.0,0.0,23511.201,13785.484,31032.258
0,32.0,12.0,0.0,1.0,1.0,0.0,23511.201,13964.516,66497.695
0,50.0,16.0,0.0,0.0,0.0,0.0,23511.201,14322.581,39973.98
0,25.0,13.0,0.0,0.0,0.0,0.0,23511.201,14322.581,20850.723
0,33.0,12.0,1.0,0.0,1.0,0.0,23511.201,14322.581,23643.625
0,27.0,12.0,0.0,0.0,1.0,0.0,23511.201,15038.71,12738.003
0,28.0,16.0,1.0,0.0,1.0,0.0,23511.201,16112.903,22018.127
0,28.0,12.0,0.0,0.0,1.0,0.0,23511.201,16112.903,0.0
0,38.0,12.0,0.0,0.0,1.0,0.0,23511.201,16112.903,30293.395
0,31.0,12.0,0.0,0.0,1.0,0.0,23511.201,17903.227,22165.898
0,28.0,12.0,0.0,0.0,1.0,0.0,23511.201,18798.387,36943.164
0,43.0,12.0,1.0,0.0,1.0,0.0,23511.201,19421.42,13559.619
0,37.0,17.0,1.0,0.0,1.0,0.0,23511.201,19693.549,76841.78
0,37.0,17.0,1.0,0.0,1.0,0.0,23511.201,19693.549,76841.78
0,23.0,12.0,0.0,0.0,1.0,0.0,23511.201,19854.678,18914.9
0,55.0,12.0,0.0,0.0,1.0,0.0,23511.201,20588.71,22165.898
0,34.0,17.0,0.0,0.0,1.0,0.0,23511.201,20588.71,23421.967
0,28.0,17.0,0.0,0.0,1.0,0.0,23511.201,20946.773,69453.15
0,31.0,14.0,0.0,0.0,1.0,0.0,23511.201,21483.871,27830.025
0,28.0,12.0,0.0,0.0,1.0,0.0,23511.201,21483.871,23643.625
0,25.0,12.0,0.0,1.0,1.0,0.0,23511.201,21483.871,25121.352
0,54.0,15.0,0.0,0.0,1.0,0.0,23511.201,21483.871,59109.062
0,42.0,12.0,1.0,0.0,0.0,0.0,23511.201,21483.871,22165.898
0,35.0,12.0,0.0,0.0,1.0,0.0,23511.201,21483.871,29554.531
0,27.0,13.0,0.0,0.0,0.0,0.0,23511.201,21483.871,22165.898
0,45.0,12.0,0.0,0.0,1.0,0.0,23511.201,21483.871,0.0
0,26.0,12.0,1.0,0.0,1.0,0.0,23511.201,21483.871,31623.35
0,28.0,16.0,0.0,0.0,1.0,0.0,23511.201,21483.871,11821.813
0,30.0,16.0,0.0,0.0,1.0,0.0,23511.201,21483.871,22165.898
0,24.0,12.0,0.0,1.0,1.0,0.0,23511.201,21483.871,23052.535
0,26.0,14.0,0.0,0.0,1.0,0.0,23511.201,22020.969,22165.898
0,35.0,14.0,0.0,0.0,1.0,0.0,23511.201,22379.031,22165.898
0,42.0,17.0,0.0,0.0,1.0,0.0,23511.201,22379.031,0.0
0,42.0,17.0,0.0,0.0,1.0,0.0,23511.201,22379.031,0.0
0,28.0,16.0,0.0,0.0,1.0,0.0,23511.201,22379.031,27337.941
0,28.0,12.0,0.0,0.0,1.0,0.0,23511.201,22379.031,29554.531
0,27.0,14.0,0.0,0.0,1.0,0.0,23511.201,22558.064,23531.318
0,35.0,16.0,0.0,0.0,1.0,0.0,23511.201,22737.098,21834.889
0,55.0,12.0,0.0,0.0,1.0,0.0,23511.201,22916.129,17732.719
0,36.0,14.0,0.0,0.0,1.0,0.0,23511.201,23274.193,33248.848
0,42.0,16.0,0.0,1.0,1.0,0.0,23511.201,23274.193,29554.531
0,22.0,12.0,0.0,0.0,1.0,0.0,23511.201,23274.193,26155.76
0,33.0,12.0,1.0,0.0,1.0,0.0,23511.201,23274.193,36943.164
0,38.0,12.0,0.0,0.0,1.0,0.0,23511.201,23274.193,25121.352
0,48.0,16.0,0.0,0.0,1.0,0.0,23511.201,23274.193,39898.617
0,48.0,16.0,0.0,0.0,1.0,0.0,23511.201,23274.193,39898.617
0,25.0,13.0,0.0,0.0,1.0,0.0,23511.201,23456.807,26007.988
0,23.0,14.0,0.0,0.0,1.0,0.0,23511.201,24169.355,31032.258
0,31.0,16.0,0.0,0.0,1.0,0.0,23511.201,24706.451,28963.441
0,26.0,12.0,0.0,0.0,1.0,0.0,23511.201,24885.484,26599.078
0,32.0,12.0,0.0,0.0,1.0,0.0,23511.201,25064.516,26599.078
0,29.0,13.0,0.0,0.0,1.0,0.0,23511.201,25064.516,0.0
0,29.0,13.0,0.0,0.0,1.0,0.0,23511.201,25064.516,0.0
0,30.0,16.0,0.0,0.0,1.0,0.0,23511.201,25243.549,27042.396
0,47.0,14.0,1.0,0.0,1.0,0.0,23511.201,25565.807,23974.637
0,51.0,12.0,1.0,0.0,1.0,0.0,23511.201,25601.613,25121.352
0,26.0,14.0,0.0,0.0,1.0,0.0,23511.201,25780.645,31032.258
0,32.0,16.0,0.0,0.0,1.0,0.0,23511.201,25959.678,35465.438
0,35.0,14.0,0.0,0.0,1.0,0.0,23511.201,26496.773,29554.531
0,35.0,14.0,0.0,0.0,1.0,0.0,23511.201,26496.773,29554.531
0,54.0,12.0,0.0,0.0,1.0,0.0,23511.201,26854.84,2049.6067
0,55.0,12.0,0.0,0.0,1.0,0.0,23511.201,26854.84,26599.078
0,55.0,12.0,0.0,0.0,1.0,0.0,23511.201,26854.84,26599.078
0,38.0,12.0,0.0,0.0,1.0,0.0,23511.201,26854.84,29554.531
0,25.0,12.0,0.0,0.0,0.0,0.0,23511.201,26854.84,18176.037
0,30.0,12.0,0.0,0.0,1.0,0.0,23511.201,28645.16,32509.984
0,25.0,17.0,0.0,0.0,1.0,0.0,23511.201,29003.227,28076.805
0,39.0,12.0,0.0,0.0,0.0,0.0,23511.201,31509.678,15516.129
0,28.0,14.0,0.0,0.0,1.0,0.0,23511.201,32225.807,36943.164
0,47.0,12.0,1.0,0.0,1.0,0.0,23511.201,32225.807,17732.719
0,39.0,17.0,0.0,0.0,1.0,0.0,23511.201,35448.387,32509.984
0,49.0,12.0,0.0,0.0,1.0,0.0,23511.201,35806.453,23643.625
0,21.0,12.0,0.0,0.0,1.0,0.0,23511.201,50129.03,0.0
0,31.0,14.0,0.0,0.0,1.0,0.0,23707.129,20767.742,23939.172
0,27.0,12.0,0.0,0.0,1.0,0.0,23707.129,21483.871,33987.71
0,37.0,12.0,0.0,0.0,1.0,0.0,23707.129,22200.0,22904.762
0,51.0,12.0,0.0,0.0,1.0,0.0,23707.129,22379.031,19411.416
0,29.0,12.0,0.0,0.0,1.0,0.0,23707.129,26854.84,28076.805
0,27.0,14.0,0.0,0.0,1.0,0.0,23707.129,29540.322,23200.307
0,24.0,13.0,0.0,0.0,1.0,0.0,23903.055,1790.3226,449.22888
0,32.0,12.0,0.0,0.0,1.0,0.0,23903.055,24812.08,12412.903
0,31.0,17.0,0.0,0.0,1.0,0.0,23903.055,25601.613,27042.396
0,46.0,12.0,0.0,0.0,0.0,0.0,23918.729,12532.258,0.0
0,40.0,15.0,0.0,1.0,1.0,0.0,24001.018,23274.193,26599.078
0,27.0,16.0,0.0,0.0,1.0,0.0,24098.982,7161.2905,36204.3
0,27.0,17.0,0.0,0.0,1.0,0.0,24098.982,22200.0,25860.215
0,28.0,14.0,0.0,0.0,1.0,0.0,24098.982,22379.031,27337.941
0,29.0,17.0,0.0,0.0,1.0,0.0,24098.982,24527.42,23643.625
0,36.0,13.0,0.0,0.0,1.0,0.0,24098.982,25064.516,25564.67
0,23.0,12.0,0.0,0.0,1.0,0.0,24098.982,26854.84,17437.174
0,28.0,12.0,0.0,0.0,1.0,0.0,24294.908,18261.29,21427.035
0,28.0,12.0,0.0,0.0,1.0,0.0,24383.074,15217.742,19210.445
0,34.0,12.0,0.0,0.0,1.0,0.0,24486.916,22200.0,22904.762
0,41.0,12.0,0.0,0.0,1.0,0.0,24490.836,14322.581,22165.898
0,25.0,13.0,0.0,0.0,1.0,0.0,24490.836,18261.29,0.0
0,45.0,12.0,0.0,0.0,1.0,0.0,24490.836,21483.871,10639.631
0,45.0,12.0,1.0,0.0,1.0,0.0,24490.836,21483.871,28076.805
0,41.0,12.0,0.0,0.0,1.0,0.0,24490.836,21483.871,33987.71
0,35.0,16.0,0.0,0.0,0.0,0.0,24490.836,21841.936,24825.807
0,35.0,13.0,1.0,0.0,1.0,0.0,24490.836,23274.193,25121.352
0,29.0,16.0,0.0,0.0,1.0,0.0,24490.836,23453.227,25860.215
0,28.0,13.0,0.0,0.0,1.0,0.0,24490.836,23868.58,23495.854
0,35.0,13.0,0.0,0.0,1.0,0.0,24490.836,23990.322,22165.898
0,35.0,16.0,0.0,0.0,1.0,0.0,24490.836,24169.355,25638.557
0,30.0,12.0,0.0,0.0,1.0,0.0,24490.836,25064.516,29554.531
0,29.0,12.0,0.0,0.0,1.0,0.0,24490.836,25064.516,28076.805
0,26.0,14.0,1.0,0.0,1.0,0.0,24490.836,25717.984,26643.41
0,28.0,16.0,0.0,0.0,1.0,0.0,24490.836,26460.969,45809.523
0,30.0,16.0,0.0,0.0,1.0,0.0,24490.836,26854.84,38420.89
0,26.0,17.0,0.0,0.0,0.0,0.0,24490.836,26854.84,29702.305
0,22.0,13.0,0.0,0.0,1.0,0.0,24490.836,26854.84,39159.754
0,22.0,12.0,0.0,0.0,1.0,0.0,24490.836,26854.84,25121.352
0,26.0,16.0,0.0,0.0,0.0,0.0,24490.836,27750.0,9605.223
0,43.0,12.0,1.0,0.0,1.0,0.0,24490.836,29355.92,35465.438
0,43.0,13.0,1.0,0.0,1.0,0.0,24490.836,34016.13,39898.617
0,48.0,16.0,0.0,0.0,1.0,0.0,24663.252,18082.258,25121.352
0,45.0,12.0,0.0,0.0,1.0,0.0,24686.762,15217.742,27929.031
0,27.0,12.0,1.0,0.0,1.0,0.0,24686.762,22558.064,22609.217
0,44.0,17.0,0.0,0.0,1.0,0.0,24686.762,23274.193,23348.08
0,26.0,16.0,0.0,0.0,1.0,0.0,24686.762,25422.58,29554.531
0,54.0,16.0,0.0,0.0,1.0,0.0,24686.762,26854.84,26451.307
0,54.0,16.0,0.0,0.0,1.0,0.0,24686.762,26854.84,26451.307
0,54.0,16.0,0.0,0.0,1.0,0.0,24686.762,26854.84,26451.307
0,29.0,12.0,0.0,0.0,1.0,0.0,24686.762,27750.0,24382.488
0,22.0,12.0,0.0,0.0,1.0,0.0,24765.133,21594.871,34320.2
0,39.0,17.0,0.0,0.0,1.0,0.0,24823.91,25064.516,27061.607
0,35.0,16.0,0.0,0.0,1.0,0.0,24882.688,24527.42,36943.164
0,44.0,12.0,0.0,0.0,1.0,0.0,24882.688,27929.031,25121.352
0,32.0,16.0,0.0,0.0,1.0,0.0,24980.652,25064.516,26599.078
0,27.0,17.0,0.0,0.0,1.0,0.0,25078.615,19693.549,24530.262
0,27.0,17.0,0.0,0.0,1.0,0.0,25078.615,19693.549,24530.262
0,26.0,12.0,0.0,0.0,1.0,0.0,25078.615,23274.193,26599.078
0,46.0,12.0,0.0,0.0,1.0,0.0,25078.615,24169.355,26780.84
0,25.0,16.0,0.0,0.0,0.0,0.0,25078.615,25601.613,30145.621
0,35.0,12.0,0.0,0.0,1.0,0.0,25078.615,26854.84,29554.531
0,33.0,16.0,0.0,0.0,1.0,0.0,25078.615,26854.84,24448.986
0,26.0,16.0,0.0,0.0,1.0,0.0,25078.615,30793.549,36943.164
0,26.0,12.0,1.0,0.0,1.0,0.0,25088.41,23274.193,29554.531
0,20.0,12.0,0.0,0.0,1.0,0.0,25294.135,18798.387,25121.352
0,49.0,12.0,0.0,0.0,1.0,0.0,25470.469,17953.355,20244.854
0,25.0,13.0,0.0,0.0,1.0,0.0,25470.469,18798.387,23643.625
0,28.0,12.0,1.0,0.0,0.0,0.0,25470.469,19693.549,26599.078
0,28.0,13.0,0.0,0.0,1.0,0.0,25470.469,19693.549,26599.078
0,35.0,12.0,1.0,0.0,1.0,0.0,25470.469,21483.871,26599.078
0,27.0,12.0,0.0,0.0,0.0,0.0,25470.469,21483.871,25121.352
0,44.0,12.0,0.0,0.0,1.0,0.0,25470.469,21483.871,25634.123
0,23.0,12.0,0.0,1.0,1.0,0.0,25470.469,21483.871,32509.984
0,32.0,12.0,1.0,0.0,1.0,0.0,25470.469,22379.031,31771.121
0,24.0,12.0,0.0,0.0,1.0,0.0,25470.469,22737.098,25121.352
0,27.0,12.0,0.0,0.0,1.0,0.0,25470.469,23095.16,31032.258
0,46.0,12.0,0.0,0.0,1.0,0.0,25470.469,23274.193,29554.531
0,31.0,12.0,0.0,0.0,1.0,0.0,25470.469,23274.193,22165.898
0,27.0,15.0,1.0,0.0,0.0,0.0,25470.469,24169.355,29554.531
0,51.0,16.0,0.0,0.0,0.0,0.0,25470.469,24169.355,12708.449
0,43.0,12.0,1.0,0.0,1.0,0.0,25470.469,25064.516,25121.352
0,32.0,16.0,1.0,0.0,1.0,0.0,25470.469,25422.58,30145.621
0,37.0,12.0,0.0,0.0,0.0,0.0,25470.469,25780.645,22461.443
0,37.0,12.0,0.0,0.0,0.0,0.0,25470.469,25780.645,22461.443
0,30.0,12.0,0.0,0.0,1.0,0.0,25470.469,25959.678,28076.805
0,45.0,12.0,1.0,0.0,1.0,0.0,25470.469,26695.5,27898.0
0,45.0,12.0,1.0,0.0,1.0,0.0,25470.469,26695.5,27898.0
0,49.0,17.0,0.0,0.0,1.0,0.0,25470.469,26854.84,29554.531
0,49.0,17.0,0.0,0.0,1.0,0.0,25470.469,26854.84,29554.531
0,26.0,17.0,0.0,0.0,1.0,0.0,25470.469,26854.84,44331.797
0,37.0,13.0,0.0,0.0,1.0,0.0,25470.469,30435.484,32509.984
0,44.0,17.0,0.0,0.0,1.0,0.0,25470.469,30435.484,21427.035
0,30.0,17.0,0.0,0.0,1.0,0.0,25470.469,31330.645,38420.89
0,51.0,12.0,0.0,0.0,1.0,0.0,25470.469,32225.807,29554.531
0,28.0,17.0,0.0,0.0,1.0,0.0,25607.617,18091.21,22165.898
0,29.0,16.0,0.0,0.0,1.0,0.0,25666.395,28287.098,35465.438
0,40.0,12.0,0.0,0.0,1.0,0.0,25707.54,20409.678,23052.535
0,34.0,16.0,0.0,0.0,1.0,0.0,25862.322,0.0,0.0
0,51.0,12.0,0.0,0.0,1.0,0.0,25862.322,20588.71,24825.807
0,26.0,16.0,0.0,0.0,1.0,0.0,25862.322,22379.031,35465.438
0,46.0,12.0,0.0,0.0,1.0,0.0,25862.322,23274.193,35465.438
0,45.0,14.0,0.0,0.0,1.0,0.0,25862.322,28645.16,26599.078
0,49.0,12.0,0.0,0.0,1.0,0.0,25862.322,28645.16,26599.078
0,26.0,16.0,0.0,0.0,0.0,0.0,25862.322,31790.758,15646.169
0,30.0,16.0,0.0,0.0,1.0,0.0,26058.248,28645.16,29258.986
0,50.0,12.0,0.0,0.0,1.0,0.0,26254.176,0.0,0.0
0,25.0,12.0,0.0,0.0,0.0,0.0,26254.176,21483.871,26599.078
0,27.0,17.0,0.0,0.0,0.0,0.0,26254.176,29540.322,31032.258
0,46.0,16.0,0.0,0.0,1.0,0.0,26293.36,65160.582,17732.719
0,46.0,16.0,0.0,0.0,1.0,0.0,26293.36,65160.582,17732.719
0,43.0,12.0,1.0,0.0,1.0,0.0,26450.102,14322.581,29554.531
0,27.0,12.0,1.0,0.0,1.0,0.0,26450.102,18798.387,31032.258
0,22.0,12.0,0.0,0.0,0.0,0.0,26450.102,23274.193,19210.445
0,55.0,12.0,0.0,0.0,1.0,0.0,26450.102,23990.322,29554.531
0,53.0,12.0,0.0,0.0,1.0,0.0,26450.102,25064.516,26007.988
0,44.0,12.0,0.0,0.0,1.0,0.0,26450.102,25959.678,26746.852
0,47.0,13.0,0.0,0.0,1.0,0.0,26450.102,25959.678,26625.678
0,46.0,14.0,0.0,0.0,1.0,0.0,26450.102,26496.773,29554.531
0,25.0,12.0,0.0,0.0,1.0,0.0,26450.102,26836.936,35465.438
0,31.0,15.0,1.0,0.0,0.0,0.0,26450.102,26854.84,25860.215
0,28.0,16.0,0.0,0.0,1.0,0.0,26450.102,26854.84,29554.531
0,40.0,16.0,0.0,0.0,1.0,0.0,26450.102,26854.84,32421.32
0,40.0,16.0,0.0,0.0,1.0,0.0,26450.102,26854.84,32421.32
0,28.0,12.0,0.0,0.0,1.0,0.0,26450.102,26858.42,29480.645
0,29.0,15.0,0.0,0.0,1.0,0.0,26450.102,27250.5,28815.668
0,42.0,16.0,0.0,0.0,1.0,0.0,26450.102,27499.355,29554.531
0,30.0,15.0,0.0,0.0,1.0,0.0,26450.102,27570.969,29554.531
0,39.0,12.0,0.0,0.0,1.0,0.0,26450.102,27750.0,6354.224
0,30.0,16.0,0.0,0.0,1.0,0.0,26450.102,28197.58,29554.531
0,50.0,12.0,0.0,0.0,1.0,0.0,26450.102,30077.42,26599.078
0,29.0,17.0,0.0,0.0,0.0,0.0,26614.68,28503.727,29315.14
0,29.0,15.0,0.0,0.0,1.0,0.0,26646.03,19693.549,32509.984
0,27.0,12.0,0.0,0.0,1.0,0.0,26646.03,29540.322,35465.438
0,31.0,12.0,0.0,1.0,1.0,0.0,26841.955,6982.2583,17732.719
0,31.0,12.0,0.0,1.0,1.0,0.0,26841.955,6982.2583,17732.719
0,29.0,12.0,0.0,0.0,1.0,0.0,26841.955,20588.71,42854.07
0,27.0,16.0,0.0,0.0,1.0,0.0,26841.955,22200.0,19210.445
0,26.0,17.0,1.0,0.0,0.0,0.0,26841.955,25243.549,20392.627
0,42.0,17.0,0.0,0.0,1.0,0.0,26841.955,31330.645,36943.164
0,24.0,12.0,1.0,0.0,1.0,0.0,26841.955,31688.71,33839.938
0,48.0,12.0,1.0,0.0,1.0,0.0,26908.57,22558.064,36943.164
0,25.0,13.0,0.0,0.0,1.0,0.0,26996.736,28197.58,22165.898
0,21.0,12.0,1.0,0.0,1.0,0.0,27037.883,16560.484,20688.172
0,48.0,12.0,0.0,0.0,1.0,0.0,27037.883,25064.516,23643.625
0,50.0,12.0,0.0,0.0,1.0,0.0,27037.883,26854.84,27337.941
0,28.0,17.0,0.0,0.0,1.0,0.0,27037.883,27750.0,51720.43
0,29.0,17.0,0.0,0.0,0.0,0.0,27037.883,29182.258,26599.078
0,33.0,17.0,0.0,0.0,1.0,0.0,27037.883,31867.742,28815.668
0,52.0,12.0,0.0,0.0,1.0,0.0,27220.094,24706.451,32509.984
0,22.0,12.0,0.0,0.0,1.0,0.0,27233.809,14322.581,32509.984
0,43.0,12.0,0.0,0.0,1.0,0.0,27233.809,25064.516,29554.531
0,34.0,13.0,0.0,0.0,1.0,0.0,27233.809,25064.516,31032.258
0,46.0,12.0,0.0,0.0,1.0,0.0,27233.809,28645.16,28076.805
0,31.0,17.0,0.0,0.0,1.0,0.0,27429.734,0.0,0.0
0,28.0,13.0,0.0,0.0,1.0,0.0,27429.734,20588.71,23578.605
0,44.0,12.0,1.0,0.0,1.0,0.0,27429.734,21483.871,22609.217
0,25.0,12.0,0.0,0.0,1.0,0.0,27429.734,21483.871,28520.123
0,29.0,14.0,0.0,0.0,1.0,0.0,27429.734,22099.742,29644.674
0,24.0,16.0,0.0,0.0,0.0,0.0,27429.734,22200.0,25712.441
0,31.0,12.0,0.0,0.0,1.0,0.0,27429.734,22379.031,0.0
0,40.0,12.0,1.0,0.0,1.0,0.0,27429.734,23274.193,38420.89
0,30.0,17.0,0.0,0.0,1.0,0.0,27429.734,25064.516,20688.172
0,26.0,16.0,1.0,0.0,1.0,0.0,27429.734,25064.516,32509.984
0,32.0,12.0,0.0,0.0,1.0,0.0,27429.734,25064.516,16254.992
0,26.0,15.0,0.0,0.0,1.0,0.0,27429.734,25064.516,28815.668
0,28.0,16.0,0.0,0.0,1.0,0.0,27429.734,25064.516,31032.258
0,54.0,13.0,0.0,0.0,1.0,0.0,27429.734,25422.58,24382.488
0,30.0,14.0,0.0,0.0,1.0,0.0,27429.734,25780.645,31032.258
0,33.0,14.0,0.0,0.0,1.0,0.0,27429.734,25959.678,24382.488
0,33.0,12.0,0.0,0.0,1.0,0.0,27429.734,25959.678,27846.28
0,26.0,12.0,0.0,0.0,1.0,0.0,27429.734,26496.773,32509.984
0,44.0,13.0,0.0,0.0,1.0,0.0,27429.734,26774.273,35465.438
0,49.0,12.0,0.0,0.0,1.0,0.0,27429.734,26854.84,26599.078
0,55.0,17.0,1.0,0.0,1.0,0.0,27429.734,26854.84,17806.605
0,28.0,12.0,0.0,0.0,1.0,0.0,27429.734,26854.84,22165.898
0,45.0,12.0,0.0,0.0,1.0,0.0,27429.734,26854.84,25121.352
0,30.0,14.0,1.0,0.0,1.0,0.0,27429.734,26892.436,20688.172
0,40.0,12.0,0.0,0.0,1.0,0.0,27429.734,27008.807,25440.541
0,27.0,17.0,0.0,0.0,1.0,0.0,27429.734,27750.0,26599.078
0,51.0,16.0,0.0,0.0,1.0,0.0,27429.734,28645.16,28076.805
0,51.0,16.0,0.0,0.0,1.0,0.0,27429.734,28645.16,28076.805
0,43.0,12.0,0.0,0.0,1.0,0.0,27429.734,28645.16,25121.352
0,37.0,12.0,0.0,0.0,1.0,0.0,27429.734,28645.16,0.0
0,37.0,12.0,0.0,0.0,1.0,0.0,27429.734,28645.16,0.0
0,38.0,14.0,0.0,0.0,1.0,0.0,27429.734,29046.193,27929.031
0,36.0,16.0,0.0,0.0,0.0,0.0,27429.734,30256.451,30736.713
0,27.0,13.0,1.0,0.0,1.0,0.0,27429.734,30435.484,24973.578
0,21.0,12.0,0.0,0.0,1.0,0.0,27429.734,30435.484,31978.004
0,25.0,14.0,0.0,0.0,0.0,0.0,27429.734,32225.807,31032.258
0,33.0,13.0,0.0,0.0,1.0,0.0,27429.734,41177.418,38420.89
0,38.0,14.0,0.0,0.0,1.0,0.0,27429.734,68032.26,26599.078
0,32.0,16.0,0.0,0.0,1.0,0.0,27625.662,29540.322,33987.71
0,27.0,12.0,0.0,0.0,0.0,0.0,27821.59,27212.902,32509.984
0,24.0,17.0,0.0,0.0,0.0,0.0,27821.59,27570.969,32509.984
0,43.0,12.0,0.0,0.0,1.0,0.0,27821.59,28645.16,32509.984
0,26.0,17.0,0.0,0.0,1.0,0.0,27843.14,28645.16,49651.613
0,33.0,12.0,0.0,0.0,1.0,0.0,28017.516,25422.58,22756.988
0,34.0,14.0,0.0,0.0,1.0,0.0,28017.516,26854.84,36943.164
0,28.0,12.0,0.0,0.0,1.0,0.0,28017.516,29540.322,32509.984
0,41.0,12.0,0.0,0.0,1.0,0.0,28017.516,30435.484,32509.984
0,25.0,12.0,0.0,0.0,1.0,0.0,28017.516,31062.098,28076.805
0,28.0,17.0,0.0,0.0,1.0,0.0,28017.516,31151.613,31032.258
0,26.0,13.0,1.0,0.0,1.0,0.0,28105.682,37596.773,58653.92
0,28.0,17.0,0.0,0.0,1.0,0.0,28213.441,25422.58,26451.307
0,53.0,12.0,0.0,0.0,1.0,0.0,28213.441,26854.84,0.0
0,55.0,12.0,0.0,0.0,1.0,0.0,28213.441,33206.902,31771.121
0,29.0,14.0,0.0,0.0,1.0,0.0,28409.37,21125.807,23348.08
0,39.0,14.0,0.0,0.0,1.0,0.0,28409.37,28645.16,31032.258
0,31.0,16.0,0.0,0.0,1.0,0.0,28409.37,28915.5,32509.984
0,25.0,16.0,0.0,0.0,1.0,0.0,28409.37,29540.322,32509.984
0,25.0,14.0,0.0,0.0,1.0,0.0,28409.37,30435.484,10935.177
0,29.0,16.0,0.0,0.0,1.0,0.0,28409.37,32225.807,42854.07
0,29.0,16.0,1.0,0.0,1.0,0.0,28409.37,32225.807,29554.531
0,27.0,14.0,0.0,0.0,1.0,0.0,28409.37,32225.807,39898.617
0,34.0,16.0,0.0,0.0,1.0,0.0,28409.37,32583.871,35465.438
0,45.0,12.0,0.0,0.0,1.0,0.0,28589.621,28263.822,29258.986
0,28.0,12.0,0.0,0.0,1.0,0.0,28605.295,20588.71,34135.484
0,43.0,16.0,0.0,0.0,1.0,0.0,28801.223,27929.031,26953.732
0,54.0,12.0,0.0,0.0,1.0,0.0,28889.389,35806.453,31032.258
0,29.0,16.0,0.0,0.0,1.0,0.0,28899.186,29540.322,0.0
0,55.0,12.0,0.0,0.0,1.0,0.0,29100.99,26409.049,29369.816
0,55.0,12.0,0.0,0.0,1.0,0.0,29100.99,26409.049,29369.816
0,29.0,12.0,1.0,0.0,0.0,0.0,29193.074,15396.774,31032.258
0,50.0,12.0,1.0,0.0,1.0,0.0,29193.074,17903.227,25121.352
0,24.0,12.0,0.0,0.0,1.0,0.0,29193.074,21304.84,19242.955
0,26.0,12.0,0.0,0.0,1.0,0.0,29330.225,28287.098,38420.89
0,41.0,13.0,0.0,0.0,0.0,0.0,29389.002,0.0,30293.395
0,47.0,17.0,0.0,0.0,1.0,0.0,29389.002,20230.645,42410.754
0,28.0,17.0,0.0,0.0,1.0,0.0,29389.002,21483.871,19210.445
0,42.0,12.0,0.0,0.0,1.0,0.0,29389.002,22379.031,28490.568
0,37.0,12.0,1.0,0.0,1.0,0.0,29389.002,22379.031,19210.445
0,37.0,12.0,1.0,0.0,1.0,0.0,29389.002,22379.031,19210.445
0,48.0,16.0,0.0,0.0,1.0,0.0,29389.002,23274.193,0.0
0,21.0,12.0,0.0,0.0,1.0,0.0,29389.002,24169.355,28815.668
0,46.0,12.0,0.0,0.0,1.0,0.0,29389.002,24214.113,33987.71
0,29.0,12.0,0.0,0.0,1.0,0.0,29389.002,25959.678,35465.438
0,38.0,12.0,0.0,0.0,1.0,0.0,29389.002,26496.773,30191.432
0,28.0,12.0,0.0,0.0,1.0,0.0,29389.002,26854.84,35465.438
0,38.0,12.0,0.0,0.0,1.0,0.0,29389.002,26854.84,31032.258
0,53.0,12.0,0.0,0.0,1.0,0.0,29389.002,26854.84,26599.078
0,46.0,12.0,0.0,0.0,1.0,0.0,29389.002,27033.871,27781.26
0,46.0,12.0,0.0,0.0,1.0,0.0,29389.002,27033.871,27781.26
0,33.0,16.0,0.0,0.0,1.0,0.0,29389.002,27750.0,96052.23
0,34.0,12.0,0.0,0.0,1.0,0.0,29389.002,27912.92,11821.813
0,35.0,17.0,0.0,0.0,1.0,0.0,29389.002,28645.16,28076.805
0,53.0,12.0,0.0,0.0,1.0,0.0,29389.002,28645.16,29554.531
0,26.0,12.0,0.0,0.0,1.0,0.0,29389.002,28645.16,33987.71
0,26.0,16.0,0.0,0.0,1.0,0.0,29389.002,28645.16,35022.12
0,50.0,13.0,0.0,0.0,1.0,0.0,29389.002,29540.322,28076.805
0,46.0,12.0,1.0,0.0,1.0,0.0,29389.002,30435.484,22165.898
0,43.0,14.0,0.0,0.0,0.0,0.0,29389.002,30435.484,29554.531
0,26.0,14.0,0.0,0.0,0.0,0.0,29389.002,30435.484,29554.531
0,33.0,17.0,0.0,0.0,1.0,0.0,29389.002,30435.484,31032.258
0,33.0,17.0,0.0,0.0,1.0,0.0,29389.002,30435.484,19210.445
0,42.0,12.0,0.0,0.0,1.0,0.0,29389.002,30437.273,26007.988
0,34.0,12.0,0.0,0.0,1.0,0.0,29389.002,30793.549,31180.031
0,34.0,12.0,0.0,0.0,1.0,0.0,29389.002,30793.549,31180.031
0,34.0,17.0,0.0,0.0,1.0,0.0,29389.002,31330.645,25712.441
0,37.0,17.0,0.0,0.0,1.0,0.0,29389.002,31330.645,33987.71
0,34.0,17.0,0.0,0.0,1.0,0.0,29389.002,32225.807,32672.535
0,37.0,12.0,1.0,0.0,1.0,0.0,29389.002,32225.807,44331.797
0,26.0,17.0,0.0,0.0,1.0,0.0,29389.002,32225.807,35465.438
0,36.0,17.0,0.0,0.0,1.0,0.0,29389.002,34911.29,32509.984
0,28.0,14.0,0.0,0.0,0.0,0.0,29389.002,35448.387,33987.71
0,31.0,12.0,0.0,0.0,1.0,0.0,29389.002,35806.453,39159.754
0,25.0,14.0,0.0,0.0,1.0,0.0,29389.002,35806.453,33839.938
0,31.0,14.0,0.0,0.0,1.0,0.0,29389.002,35806.453,56153.61
0,28.0,12.0,0.0,0.0,1.0,0.0,29389.002,41177.418,47287.25
0,34.0,12.0,0.0,0.0,1.0,0.0,29389.002,42967.742,31032.258
0,47.0,14.0,1.0,0.0,1.0,0.0,29390.96,27750.0,36647.617
0,35.0,12.0,0.0,0.0,1.0,0.0,29422.31,28645.16,29554.531
0,35.0,15.0,1.0,0.0,1.0,0.0,29477.17,34098.484,19062.674
0,35.0,15.0,1.0,0.0,1.0,0.0,29477.17,34098.484,19062.674
0,31.0,12.0,0.0,0.0,1.0,0.0,29584.93,26854.84,29554.531
0,24.0,12.0,0.0,0.0,1.0,0.0,29780.855,30883.064,32509.984
0,28.0,12.0,0.0,0.0,1.0,0.0,29976.781,0.0,0.0
0,27.0,16.0,0.0,0.0,1.0,0.0,29976.781,30793.549,51720.43
0,47.0,12.0,0.0,0.0,1.0,0.0,30074.744,33312.53,15072.811
0,47.0,12.0,0.0,0.0,1.0,0.0,30074.744,33312.53,15072.811
0,37.0,14.0,0.0,1.0,1.0,0.0,30108.053,26854.84,26554.746
0,22.0,14.0,0.0,0.0,1.0,0.0,30368.635,20588.71,27485.715
0,47.0,12.0,0.0,0.0,1.0,0.0,30368.635,23274.193,25860.215
0,32.0,14.0,0.0,0.0,1.0,0.0,30368.635,24169.355,22165.898
0,29.0,15.0,0.0,0.0,0.0,0.0,30368.635,28645.16,44331.797
0,27.0,16.0,0.0,0.0,0.0,0.0,30368.635,31330.645,36943.164
0,37.0,14.0,0.0,0.0,1.0,0.0,30368.635,44758.066,81274.96
0,37.0,14.0,0.0,0.0,1.0,0.0,30368.635,44758.066,81274.96
0,43.0,12.0,0.0,0.0,1.0,0.0,30564.562,23811.29,31032.258
0,43.0,12.0,0.0,0.0,1.0,0.0,30564.562,23811.29,31032.258
0,34.0,12.0,0.0,0.0,1.0,0.0,30564.562,24885.484,24678.033
0,30.0,12.0,0.0,0.0,1.0,0.0,30564.562,26854.84,14777.266
0,39.0,16.0,0.0,0.0,0.0,0.0,30564.562,28645.16,33987.71
0,35.0,16.0,0.0,0.0,1.0,0.0,30564.562,29540.322,37120.492
0,28.0,12.0,0.0,0.0,1.0,0.0,30564.562,32941.934,36204.3
0,32.0,12.0,0.0,0.0,1.0,0.0,30564.562,35806.453,23052.535
0,26.0,12.0,0.0,0.0,1.0,0.0,30564.562,39387.098,39898.617
0,30.0,12.0,1.0,0.0,1.0,0.0,30758.53,35448.387,48247.773
0,27.0,12.0,0.0,0.0,1.0,0.0,30760.488,25064.516,31908.55
0,27.0,16.0,0.0,0.0,1.0,0.0,30760.488,26317.742,25860.215
0,28.0,12.0,0.0,0.0,1.0,0.0,30760.488,28824.193,39898.617
0,39.0,12.0,0.0,0.0,1.0,0.0,30760.488,32583.871,34726.574
0,28.0,15.0,1.0,0.0,1.0,0.0,30768.326,33486.195,30828.332
0,48.0,12.0,0.0,0.0,1.0,0.0,30860.41,29269.984,34753.176
0,48.0,14.0,0.0,0.0,1.0,0.0,30895.678,34732.258,32509.984
0,37.0,17.0,0.0,0.0,1.0,0.0,30956.414,30435.484,27939.377
0,49.0,17.0,0.0,0.0,1.0,0.0,30956.414,31867.742,35465.438
0,25.0,15.0,0.0,0.0,1.0,0.0,30956.414,41177.418,35465.438
0,27.0,15.0,0.0,0.0,1.0,0.0,31152.342,34016.13,43001.844
0,51.0,17.0,0.0,1.0,1.0,0.0,31348.27,0.0,88663.59
0,24.0,15.0,0.0,0.0,1.0,0.0,31348.27,26854.84,26599.078
0,31.0,17.0,0.0,0.0,1.0,0.0,31348.27,26854.84,32509.984
0,45.0,12.0,0.0,0.0,1.0,0.0,31348.27,27391.936,25564.67
0,45.0,12.0,0.0,0.0,1.0,0.0,31348.27,27391.936,25564.67
0,39.0,14.0,0.0,0.0,1.0,0.0,31348.27,27750.0,47287.25
0,39.0,14.0,0.0,0.0,1.0,0.0,31348.27,27750.0,47287.25
0,25.0,17.0,0.0,0.0,1.0,0.0,31348.27,28249.5,35561.49
0,53.0,17.0,0.0,0.0,1.0,0.0,31348.27,28645.16,27929.031
0,26.0,16.0,0.0,0.0,1.0,0.0,31348.27,28645.16,35465.438
0,31.0,12.0,0.0,0.0,1.0,0.0,31348.27,28645.16,27337.941
0,32.0,17.0,0.0,0.0,1.0,0.0,31348.27,28645.16,28076.805
0,48.0,17.0,0.0,0.0,1.0,0.0,31348.27,29540.322,32951.824
0,47.0,17.0,0.0,0.0,0.0,0.0,31348.27,29540.322,29258.986
0,44.0,16.0,0.0,0.0,1.0,0.0,31348.27,30435.484,19210.445
0,41.0,16.0,0.0,0.0,1.0,0.0,31348.27,30435.484,20688.172
0,44.0,16.0,0.0,0.0,1.0,0.0,31348.27,30435.484,33987.71
0,52.0,17.0,0.0,0.0,1.0,0.0,31348.27,31293.049,32509.984
0,40.0,12.0,0.0,0.0,1.0,0.0,31348.27,31330.645,27633.486
0,52.0,12.0,0.0,0.0,0.0,0.0,31348.27,32225.807,32509.984
0,53.0,16.0,0.0,0.0,1.0,0.0,31348.27,32225.807,32509.984
0,42.0,16.0,0.0,0.0,1.0,0.0,31348.27,32225.807,32214.44
0,39.0,14.0,0.0,0.0,1.0,0.0,31348.27,32569.549,31020.436
0,42.0,17.0,0.0,0.0,1.0,0.0,31348.27,32762.902,39159.754
0,31.0,14.0,0.0,0.0,1.0,0.0,31348.27,34016.13,38986.86
0,47.0,14.0,0.0,0.0,1.0,0.0,31348.27,34016.13,25150.906
0,51.0,16.0,0.0,0.0,1.0,0.0,31348.27,35448.387,44331.797
0,44.0,13.0,0.0,0.0,1.0,0.0,31348.27,35806.453,36943.164
0,35.0,14.0,0.0,0.0,1.0,0.0,31348.27,36630.0,42854.07
0,44.0,16.0,1.0,0.0,1.0,0.0,31644.117,30621.678,23495.854
0,46.0,12.0,0.0,0.0,1.0,0.0,31740.121,25780.645,17437.174
0,32.0,14.0,0.0,0.0,1.0,0.0,31818.492,31330.645,70930.875
0,29.0,16.0,0.0,0.0,1.0,0.0,31936.049,26640.0,24825.807
0,38.0,17.0,0.0,0.0,0.0,0.0,31936.049,33300.0,33805.95
0,26.0,14.0,0.0,0.0,1.0,0.0,32131.977,29898.387,28032.473
0,43.0,16.0,0.0,0.0,1.0,0.0,32131.977,31330.645,33987.71
0,45.0,16.0,0.0,0.0,0.0,0.0,32131.977,31330.645,31401.69
0,34.0,17.0,0.0,0.0,0.0,0.0,32131.977,44758.066,9161.905
0,49.0,14.0,0.0,0.0,1.0,0.0,32327.902,14322.581,24530.262
0,27.0,17.0,0.0,0.0,1.0,0.0,32327.902,25064.516,36943.164
0,26.0,16.0,0.0,0.0,1.0,0.0,32327.902,27750.0,32509.984
0,41.0,16.0,0.0,0.0,1.0,0.0,32327.902,31330.645,0.0
0,43.0,14.0,0.0,0.0,1.0,0.0,32327.902,31420.16,31032.258
0,28.0,13.0,0.0,0.0,1.0,0.0,32327.902,31688.71,40637.48
0,28.0,12.0,1.0,0.0,1.0,0.0,32327.902,32225.807,39898.617
0,27.0,16.0,0.0,0.0,1.0,0.0,32327.902,32225.807,39159.754
0,32.0,12.0,0.0,0.0,1.0,0.0,32327.902,32225.807,32509.984
0,31.0,12.0,0.0,0.0,1.0,0.0,32327.902,32225.807,32509.984
0,38.0,17.0,0.0,0.0,0.0,0.0,32327.902,32225.807,43297.39
0,43.0,12.0,0.0,0.0,0.0,0.0,32327.902,33479.03,33987.71
0,34.0,17.0,0.0,0.0,1.0,0.0,32327.902,34016.13,33987.71
0,22.0,14.0,0.0,0.0,1.0,0.0,32327.902,41177.418,32509.984
0,50.0,14.0,0.0,0.0,1.0,0.0,32602.2,27889.645,27314.299
0,44.0,14.0,0.0,0.0,1.0,0.0,32719.756,29540.322,26952.256
0,53.0,12.0,0.0,0.0,1.0,0.0,32868.66,31509.678,18914.9
0,47.0,12.0,0.0,0.0,1.0,0.0,32915.684,27750.0,18914.9
0,47.0,12.0,0.0,0.0,1.0,0.0,32915.684,27750.0,18914.9
0,41.0,16.0,1.0,0.0,1.0,0.0,33307.535,23274.193,22165.898
0,41.0,16.0,1.0,0.0,1.0,0.0,33307.535,23274.193,22165.898
0,41.0,16.0,1.0,0.0,1.0,0.0,33307.535,23274.193,22165.898
0,48.0,16.0,0.0,0.0,1.0,0.0,33307.535,26058.145,31918.895
0,48.0,16.0,0.0,0.0,1.0,0.0,33307.535,26058.145,31918.895
0,36.0,13.0,0.0,0.0,1.0,0.0,33307.535,28645.16,28372.35
0,49.0,12.0,0.0,0.0,1.0,0.0,33307.535,28645.16,32580.916
0,33.0,17.0,1.0,0.0,1.0,0.0,33307.535,29540.322,17732.719
0,49.0,14.0,0.0,0.0,1.0,0.0,33307.535,30435.484,29554.531
0,36.0,12.0,0.0,0.0,1.0,0.0,33307.535,30435.484,31032.258
0,50.0,17.0,0.0,0.0,1.0,0.0,33307.535,30435.484,25860.215
0,36.0,12.0,0.0,0.0,1.0,0.0,33307.535,30435.484,41376.344
0,27.0,16.0,0.0,0.0,1.0,0.0,33307.535,30435.484,0.0
0,52.0,16.0,0.0,0.0,1.0,0.0,33307.535,30793.549,28815.668
0,38.0,12.0,0.0,0.0,1.0,0.0,33307.535,31330.645,31771.121
0,25.0,14.0,0.0,0.0,1.0,0.0,33307.535,31330.645,35760.984
0,33.0,17.0,0.0,0.0,1.0,0.0,33307.535,31867.742,35465.438
0,30.0,12.0,0.0,0.0,1.0,0.0,33307.535,32046.773,37682.027
0,53.0,12.0,0.0,0.0,1.0,0.0,33307.535,32225.807,33544.395
0,34.0,12.0,0.0,0.0,1.0,0.0,33307.535,32583.871,31032.258
0,36.0,12.0,0.0,0.0,1.0,0.0,33307.535,33120.97,33987.71
0,42.0,13.0,0.0,0.0,1.0,0.0,33307.535,33120.97,44331.797
0,34.0,12.0,0.0,0.0,1.0,0.0,33307.535,34016.13,32509.984
0,29.0,17.0,0.0,0.0,1.0,0.0,33307.535,34016.13,26980.332
0,52.0,12.0,0.0,0.0,1.0,0.0,33307.535,34171.887,28667.896
0,42.0,14.0,0.0,0.0,1.0,0.0,33307.535,37596.773,48764.977
0,53.0,15.0,0.0,0.0,1.0,0.0,33307.535,37596.773,38420.89
0,32.0,13.0,1.0,0.0,1.0,0.0,33307.535,37596.773,46891.22
0,39.0,12.0,0.0,0.0,1.0,0.0,33307.535,39387.098,28076.805
0,28.0,16.0,0.0,0.0,1.0,0.0,33307.535,39387.098,34726.574
0,28.0,12.0,1.0,0.0,1.0,0.0,33503.46,26854.84,25121.352
0,26.0,14.0,0.0,0.0,1.0,0.0,33503.46,36032.03,34559.59
0,25.0,14.0,1.0,0.0,1.0,0.0,33699.39,17724.193,25121.352
0,52.0,12.0,0.0,0.0,1.0,0.0,33895.316,47622.582,39011.98
0,35.0,16.0,0.0,0.0,1.0,0.0,34091.242,26854.84,31032.258
0,44.0,12.0,0.0,0.0,1.0,0.0,34091.242,32046.773,35465.438
0,33.0,15.0,0.0,0.0,1.0,0.0,34091.242,34016.13,33248.848
0,29.0,12.0,0.0,1.0,1.0,0.0,34287.168,26541.531,39159.754
0,53.0,16.0,0.0,0.0,1.0,0.0,34287.168,28645.16,22165.898
0,26.0,16.0,0.0,0.0,1.0,0.0,34287.168,32225.807,36943.164
0,37.0,17.0,0.0,0.0,1.0,0.0,34287.168,35806.453,41376.344
0,45.0,12.0,0.0,0.0,1.0,0.0,34287.168,35806.453,31032.258
0,27.0,17.0,0.0,0.0,1.0,0.0,34287.168,37596.773,39307.527
0,38.0,12.0,1.0,0.0,1.0,0.0,34483.098,23632.258,19210.445
0,34.0,13.0,0.0,0.0,1.0,0.0,34483.098,31509.678,33396.62
0,34.0,12.0,0.0,0.0,1.0,0.0,34731.92,30435.484,39898.617
0,32.0,14.0,0.0,0.0,1.0,0.0,34874.95,35788.547,41376.344
0,32.0,12.0,0.0,0.0,0.0,0.0,35070.875,32225.807,27337.941
0,29.0,14.0,0.0,0.0,1.0,0.0,35266.8,16112.903,20688.172
0,38.0,12.0,1.0,0.0,1.0,0.0,35266.8,25064.516,36943.164
0,25.0,14.0,1.0,0.0,1.0,0.0,35266.8,25601.613,33101.074
0,35.0,12.0,0.0,0.0,1.0,0.0,35266.8,26854.84,32509.984
0,35.0,12.0,0.0,0.0,1.0,0.0,35266.8,26854.84,32509.984
0,31.0,17.0,0.0,0.0,1.0,0.0,35266.8,31806.871,62064.516
0,49.0,12.0,0.0,0.0,1.0,0.0,35266.8,32225.807,47287.25
0,55.0,12.0,0.0,0.0,1.0,0.0,35266.8,32225.807,25860.215
0,32.0,12.0,0.0,0.0,1.0,0.0,35266.8,32225.807,33987.71
0,46.0,14.0,0.0,0.0,1.0,0.0,35266.8,33120.97,33987.71
0,28.0,15.0,0.0,0.0,1.0,0.0,35266.8,34016.13,35465.438
0,34.0,16.0,0.0,0.0,1.0,0.0,35266.8,34016.13,35465.438
0,35.0,16.0,0.0,0.0,1.0,0.0,35266.8,34016.13,40489.707
0,34.0,12.0,0.0,0.0,1.0,0.0,35266.8,35806.453,36943.164
0,40.0,16.0,0.0,0.0,1.0,0.0,35266.8,35806.453,36943.164
0,40.0,16.0,0.0,0.0,1.0,0.0,35266.8,35806.453,36943.164
0,29.0,14.0,0.0,0.0,1.0,0.0,35266.8,37596.773,45809.523
0,45.0,12.0,0.0,0.0,1.0,0.0,35266.8,38366.613,38420.89
0,34.0,16.0,0.0,0.0,1.0,0.0,35266.8,39387.098,41671.89
0,47.0,12.0,0.0,0.0,1.0,0.0,35266.8,40103.227,42262.98
0,31.0,16.0,0.0,0.0,1.0,0.0,35266.8,41177.418,35465.438
0,53.0,12.0,1.0,0.0,1.0,0.0,35266.8,42967.742,35465.438
0,51.0,12.0,0.0,0.0,1.0,0.0,35266.8,44758.066,0.0
0,40.0,16.0,0.0,0.0,1.0,0.0,35266.8,44758.066,56153.61
0,27.0,12.0,0.0,0.0,1.0,0.0,35266.8,53888.71,14777.266
0,33.0,16.0,0.0,1.0,1.0,0.0,35266.8,85935.484,96052.23
0,41.0,16.0,0.0,0.0,1.0,0.0,35582.242,34016.13,42854.07
0,41.0,16.0,0.0,0.0,1.0,0.0,35582.242,34016.13,42854.07
0,33.0,12.0,0.0,0.0,1.0,0.0,35658.656,34016.13,32509.984
0,53.0,13.0,0.0,0.0,1.0,0.0,35658.656,35806.453,35465.438
0,45.0,12.0,0.0,0.0,1.0,0.0,35756.617,31509.678,27377.84
0,50.0,17.0,0.0,0.0,1.0,0.0,36050.508,37596.773,13299.539
0,37.0,14.0,0.0,0.0,1.0,0.0,36197.453,29361.29,21870.354
0,27.0,16.0,0.0,0.0,1.0,0.0,36246.438,0.0,0.0
0,27.0,16.0,0.0,0.0,1.0,0.0,36246.438,28192.21,40903.473
0,48.0,12.0,0.0,0.0,1.0,0.0,36246.438,31330.645,32509.984
0,47.0,12.0,0.0,0.0,1.0,0.0,36246.438,31796.129,42854.07
0,47.0,17.0,0.0,0.0,1.0,0.0,36246.438,34016.13,35465.438
0,33.0,15.0,0.0,0.0,1.0,0.0,36246.438,34213.066,35465.438
0,32.0,17.0,0.0,0.0,1.0,0.0,36640.246,34016.13,57631.336
0,34.0,14.0,0.0,0.0,1.0,0.0,36834.215,0.0,0.0
0,43.0,17.0,0.0,0.0,1.0,0.0,37226.07,16650.0,30441.168
0,31.0,14.0,0.0,0.0,1.0,0.0,37226.07,17903.227,25860.215
0,26.0,12.0,0.0,0.0,1.0,0.0,37226.07,25959.678,26599.078
0,29.0,14.0,0.0,0.0,0.0,0.0,37226.07,27284.516,36943.164
0,44.0,17.0,0.0,0.0,1.0,0.0,37226.07,32075.42,37386.48
0,36.0,17.0,0.0,1.0,1.0,0.0,37226.07,33300.0,39603.07
0,26.0,17.0,0.0,0.0,1.0,0.0,37226.07,34016.13,44331.797
0,28.0,16.0,0.0,0.0,1.0,0.0,37226.07,34016.13,35465.438
0,35.0,17.0,0.0,0.0,1.0,0.0,37226.07,35806.453,39898.617
0,52.0,12.0,0.0,0.0,1.0,0.0,37226.07,35831.516,48764.977
0,36.0,13.0,0.0,0.0,0.0,0.0,37226.07,36150.195,44308.152
0,28.0,17.0,0.0,0.0,1.0,0.0,37226.07,37507.258,38420.89
0,44.0,17.0,0.0,0.0,1.0,0.0,37226.07,37596.773,36204.3
0,37.0,13.0,0.0,0.0,1.0,0.0,37226.07,37596.773,39529.188
0,51.0,12.0,0.0,0.0,1.0,0.0,37226.07,38939.516,35465.438
0,50.0,12.0,0.0,0.0,1.0,0.0,37226.07,39029.03,36943.164
0,29.0,12.0,0.0,0.0,1.0,0.0,37226.07,39924.195,27918.688
0,32.0,17.0,0.0,0.0,1.0,0.0,37226.07,46548.387,25121.352
0,38.0,14.0,0.0,0.0,1.0,0.0,37226.07,50129.03,44331.797
0,47.0,17.0,0.0,0.0,1.0,0.0,37343.625,28906.549,35732.906
0,47.0,17.0,0.0,0.0,1.0,0.0,37343.625,28906.549,35732.906
0,31.0,17.0,0.0,0.0,1.0,0.0,38009.777,36705.195,42854.07
0,50.0,16.0,0.0,0.0,1.0,0.0,38205.703,34911.29,33987.71
0,39.0,12.0,0.0,0.0,1.0,0.0,38205.703,39387.098,43740.707
0,27.0,13.0,0.0,0.0,1.0,0.0,38401.63,34016.13,11128.759
0,46.0,16.0,0.0,0.0,1.0,0.0,38597.555,37596.773,48764.977
0,46.0,16.0,0.0,0.0,1.0,0.0,38597.555,37596.773,48764.977
0,33.0,16.0,0.0,0.0,1.0,0.0,38597.555,41177.418,42854.07
0,25.0,16.0,0.0,0.0,0.0,0.0,39185.336,0.0,23389.455
0,36.0,12.0,0.0,0.0,1.0,0.0,39185.336,15217.742,16254.992
0,39.0,12.0,0.0,0.0,1.0,0.0,39185.336,24169.355,23643.625
0,35.0,17.0,0.0,0.0,1.0,0.0,39185.336,30435.484,33426.176
0,35.0,17.0,0.0,0.0,1.0,0.0,39185.336,30435.484,33426.176
0,46.0,17.0,0.0,0.0,1.0,0.0,39185.336,31330.645,31298.248
0,31.0,17.0,0.0,0.0,1.0,0.0,39185.336,33120.97,47287.25
0,52.0,15.0,0.0,0.0,1.0,0.0,39185.336,35806.453,38420.89
0,50.0,16.0,0.0,0.0,0.0,0.0,39185.336,35806.453,40637.48
0,49.0,12.0,0.0,0.0,1.0,0.0,39185.336,35806.453,33987.71
0,53.0,16.0,0.0,0.0,1.0,0.0,39185.336,35806.453,51720.43
0,44.0,14.0,0.0,0.0,1.0,0.0,39185.336,35806.453,35465.438
0,46.0,16.0,0.0,0.0,1.0,0.0,39185.336,35806.453,36943.164
0,42.0,14.0,0.0,0.0,1.0,0.0,39185.336,36701.613,39898.617
0,43.0,12.0,0.0,0.0,1.0,0.0,39185.336,36701.613,45809.523
0,28.0,12.0,1.0,0.0,1.0,0.0,39185.336,36776.805,34726.574
0,54.0,15.0,0.0,0.0,1.0,0.0,39185.336,37471.453,39304.57
0,42.0,16.0,0.0,0.0,1.0,0.0,39185.336,37596.773,47287.25
0,34.0,16.0,0.0,0.0,1.0,0.0,39185.336,37596.773,39898.617
0,29.0,13.0,1.0,0.0,1.0,0.0,39185.336,37596.773,38420.89
0,47.0,16.0,0.0,0.0,1.0,0.0,39185.336,39387.098,38420.89
0,33.0,16.0,0.0,0.0,1.0,0.0,39185.336,39387.098,44331.797
0,40.0,17.0,0.0,1.0,1.0,0.0,39185.336,41177.418,33987.71
0,40.0,17.0,0.0,1.0,1.0,0.0,39185.336,41177.418,33987.71
0,45.0,14.0,0.0,0.0,1.0,0.0,39185.336,42538.066,36943.164
0,31.0,16.0,0.0,0.0,1.0,0.0,39185.336,42967.742,76841.78
0,32.0,12.0,0.0,0.0,1.0,0.0,39185.336,42967.742,41376.344
0,27.0,17.0,0.0,0.0,1.0,0.0,39185.336,44758.066,29554.531
0,44.0,17.0,0.0,0.0,1.0,0.0,39185.336,44758.066,51720.43
0,38.0,17.0,0.0,0.0,1.0,0.0,39185.336,48338.71,47287.25
0,27.0,17.0,0.0,0.0,0.0,0.0,40164.97,41177.418,44331.797
0,38.0,12.0,1.0,0.0,1.0,0.0,40570.54,10741.935,27190.17
0,39.0,17.0,0.0,0.0,1.0,0.0,40752.75,0.0,0.0
0,46.0,14.0,0.0,0.0,1.0,0.0,41144.6,30256.451,35465.438
0,25.0,17.0,0.0,0.0,1.0,0.0,41144.6,35806.453,38420.89
0,52.0,12.0,0.0,0.0,1.0,0.0,41144.6,37596.773,36943.164
0,35.0,15.0,0.0,0.0,1.0,0.0,41144.6,39387.098,35465.438
0,53.0,12.0,0.0,0.0,1.0,0.0,41144.6,42967.742,39898.617
0,33.0,16.0,0.0,0.0,1.0,0.0,41144.6,42967.742,41080.8
0,30.0,16.0,0.0,0.0,1.0,0.0,41144.6,42967.742,47287.25
0,51.0,16.0,0.0,0.0,1.0,0.0,41144.6,44758.066,48764.977
0,36.0,12.0,1.0,0.0,1.0,0.0,41732.383,37596.773,31032.258
0,33.0,13.0,0.0,0.0,1.0,0.0,41732.383,47264.516,51073.188
0,50.0,17.0,0.0,0.0,1.0,0.0,42124.234,0.0,70930.875
0,47.0,16.0,0.0,0.0,1.0,0.0,42124.234,41177.418,44331.797
0,36.0,14.0,0.0,0.0,1.0,0.0,42124.234,42072.582,41376.344
0,48.0,12.0,0.0,0.0,1.0,0.0,42124.234,42967.742,36943.164
0,48.0,12.0,0.0,0.0,1.0,0.0,42124.234,42967.742,36943.164
0,48.0,17.0,0.0,0.0,1.0,0.0,42294.69,41177.418,41376.344
0,37.0,17.0,0.0,0.0,1.0,0.0,42712.016,43862.902,31032.258
0,50.0,17.0,0.0,0.0,1.0,0.0,42907.94,44758.066,39898.617
0,34.0,16.0,0.0,0.0,1.0,0.0,43103.87,21304.84,20688.172
0,30.0,12.0,1.0,0.0,1.0,0.0,43103.87,21483.871,26599.078
0,28.0,16.0,0.0,0.0,1.0,0.0,43103.87,32225.807,38420.89
0,37.0,12.0,0.0,0.0,0.0,0.0,43103.87,32225.807,32509.984
0,46.0,12.0,0.0,0.0,1.0,0.0,43103.87,35806.453,31032.258
0,32.0,12.0,0.0,1.0,1.0,0.0,43103.87,37596.773,38420.89
0,29.0,12.0,0.0,0.0,0.0,0.0,43103.87,37596.773,50242.703
0,40.0,16.0,0.0,0.0,1.0,0.0,43103.87,39387.098,45809.523
0,44.0,15.0,0.0,0.0,1.0,0.0,43103.87,39387.098,51232.78
0,38.0,12.0,0.0,0.0,1.0,0.0,43103.87,41177.418,36943.164
0,51.0,12.0,0.0,0.0,1.0,0.0,43103.87,41356.453,7388.633
0,33.0,17.0,0.0,0.0,1.0,0.0,43103.87,43236.29,40415.82
0,31.0,16.0,0.0,0.0,0.0,0.0,43103.87,44364.195,54675.883
0,43.0,17.0,0.0,0.0,1.0,0.0,43103.87,44758.066,41376.344
0,45.0,16.0,0.0,0.0,1.0,0.0,43103.87,48338.71,59109.062
0,33.0,17.0,0.0,0.0,1.0,0.0,43566.258,42967.742,40785.254
0,25.0,12.0,0.0,0.0,1.0,0.0,43691.65,30435.484,33987.71
0,51.0,12.0,0.0,0.0,1.0,0.0,44083.504,41177.418,48764.977
0,41.0,17.0,0.0,0.0,1.0,0.0,44083.504,43862.902,66497.695
0,42.0,12.0,0.0,0.0,1.0,0.0,44475.355,47232.29,70930.875
0,37.0,13.0,0.0,0.0,1.0,0.0,45063.137,35806.453,27337.941
0,29.0,17.0,0.0,0.0,1.0,0.0,45063.137,35806.453,0.0
0,37.0,15.0,0.0,1.0,1.0,0.0,45063.137,39387.098,45809.523
0,46.0,16.0,0.0,0.0,1.0,0.0,45063.137,46011.29,42854.07
0,40.0,12.0,0.0,0.0,1.0,0.0,45063.137,48338.71,44331.797
0,46.0,17.0,0.0,0.0,1.0,0.0,45063.137,57290.324,36943.164
0,47.0,12.0,0.0,0.0,1.0,0.0,45063.137,62661.29,0.0
0,34.0,13.0,0.0,0.0,1.0,0.0,45846.844,42072.582,41376.344
0,52.0,17.0,0.0,0.0,1.0,0.0,46042.77,59080.645,70930.875
0,52.0,17.0,0.0,0.0,1.0,0.0,46042.77,59080.645,70930.875
0,50.0,12.0,0.0,0.0,1.0,0.0,47022.402,44758.066,8866.359
0,49.0,17.0,0.0,0.0,1.0,0.0,47022.402,46548.387,42854.07
0,49.0,17.0,0.0,0.0,1.0,0.0,47022.402,48338.71,44331.797
0,49.0,17.0,0.0,0.0,1.0,0.0,47022.402,48338.71,44331.797
0,53.0,12.0,0.0,0.0,1.0,0.0,47649.367,47894.71,50242.703
0,33.0,13.0,0.0,0.0,1.0,0.0,48981.67,32225.807,0.0
0,54.0,15.0,0.0,0.0,1.0,0.0,48981.67,35806.453,88663.59
0,54.0,15.0,0.0,0.0,1.0,0.0,48981.67,35806.453,88663.59
0,44.0,17.0,0.0,0.0,1.0,0.0,48981.67,42967.742,39898.617
0,37.0,17.0,0.0,0.0,1.0,0.0,48981.67,44758.066,44331.797
0,55.0,16.0,0.0,0.0,1.0,0.0,48981.67,46548.387,47878.34
0,55.0,16.0,0.0,0.0,1.0,0.0,48981.67,46548.387,47878.34
0,37.0,17.0,0.0,0.0,1.0,0.0,48981.67,46548.387,49503.84
0,44.0,14.0,0.0,0.0,1.0,0.0,48981.67,48338.71,50242.703
0,41.0,13.0,0.0,0.0,1.0,0.0,48981.67,48338.71,38420.89
0,39.0,17.0,0.0,0.0,1.0,0.0,48981.67,48338.71,51720.43
0,48.0,16.0,0.0,0.0,1.0,0.0,48981.67,50129.03,48764.977
0,39.0,17.0,0.0,0.0,1.0,0.0,48981.67,50129.03,44331.797
0,45.0,12.0,0.0,0.0,1.0,0.0,48981.67,50487.098,46548.387
0,26.0,16.0,0.0,0.0,1.0,0.0,48981.67,53709.676,45809.523
0,34.0,16.0,0.0,0.0,1.0,0.0,48981.67,62661.29,54675.883
0,47.0,16.0,0.0,0.0,1.0,0.0,48981.67,62741.855,65019.97
0,55.0,16.0,0.0,0.0,1.0,0.0,48981.67,71612.91,35110.78
0,37.0,16.0,0.0,0.0,1.0,0.0,49961.305,41177.418,39898.617
0,43.0,17.0,0.0,0.0,1.0,0.0,49961.305,48338.71,51424.887
0,43.0,16.0,0.0,0.0,1.0,0.0,49961.305,50129.03,52969.11
0,33.0,17.0,0.0,0.0,1.0,0.0,50940.938,39387.098,46105.07
0,29.0,17.0,1.0,0.0,1.0,0.0,50940.938,41177.418,39603.07
0,36.0,14.0,0.0,0.0,1.0,0.0,50940.938,42967.742,44331.797
0,37.0,17.0,0.0,0.0,1.0,0.0,50940.938,44758.066,50242.703
0,44.0,12.0,0.0,0.0,1.0,0.0,50940.938,44758.066,41376.344
0,42.0,17.0,0.0,0.0,0.0,0.0,50940.938,50129.03,48764.977
0,47.0,16.0,0.0,0.0,1.0,0.0,50940.938,53709.676,54675.883
0,38.0,13.0,0.0,0.0,1.0,0.0,50940.938,73403.23,25121.352
0,28.0,16.0,0.0,0.0,1.0,0.0,51920.57,48875.805,56153.61
0,44.0,17.0,0.0,0.0,1.0,0.0,51920.57,56753.227,53198.156
0,32.0,16.0,0.0,0.0,1.0,0.0,52900.203,48338.71,0.0
0,47.0,17.0,0.0,0.0,1.0,0.0,52900.203,49233.87,54675.883
0,28.0,16.0,0.0,0.0,1.0,0.0,52900.203,59080.645,36943.164
0,45.0,15.0,0.0,0.0,1.0,0.0,53879.836,51919.355,45809.523
0,52.0,16.0,0.0,0.0,1.0,0.0,53879.836,53709.676,63837.79
0,32.0,12.0,0.0,0.0,1.0,0.0,54859.47,39387.098,40878.35
0,33.0,17.0,0.0,0.0,1.0,0.0,54859.47,46548.387,76841.78
0,41.0,17.0,0.0,0.0,1.0,0.0,54859.47,52993.547,50242.703
0,42.0,16.0,0.0,0.0,1.0,0.0,54859.47,53709.676,53641.477
0,48.0,16.0,0.0,0.0,1.0,0.0,54859.47,53709.676,73886.33
0,48.0,16.0,0.0,0.0,1.0,0.0,54859.47,53709.676,73886.33
0,46.0,12.0,0.0,0.0,1.0,0.0,56818.74,48338.71,73886.33
0,48.0,14.0,0.0,0.0,1.0,0.0,56818.74,57290.324,57631.336
0,47.0,14.0,0.0,0.0,1.0,0.0,58778.004,26854.84,32509.984
0,36.0,17.0,0.0,0.0,1.0,0.0,58778.004,46548.387,56153.61
0,38.0,16.0,0.0,0.0,1.0,0.0,58778.004,50129.03,38420.89
0,48.0,17.0,1.0,0.0,1.0,0.0,58778.004,51842.37,59109.062
0,44.0,17.0,0.0,0.0,1.0,0.0,58778.004,53709.676,53198.156
0,38.0,16.0,0.0,0.0,1.0,0.0,58778.004,53709.676,41376.344
0,39.0,14.0,0.0,0.0,1.0,0.0,58778.004,57290.324,74625.195
0,41.0,17.0,0.0,0.0,1.0,0.0,59385.38,59438.71,82752.69
0,47.0,16.0,0.0,0.0,1.0,0.0,60737.27,60870.97,78319.51
0,47.0,16.0,0.0,0.0,1.0,0.0,60737.27,60870.97,78319.51
0,46.0,16.0,0.0,0.0,1.0,0.0,62696.54,57290.324,63542.242
0,30.0,13.0,0.0,0.0,1.0,0.0,62696.54,75193.55,70930.875
0,52.0,17.0,0.0,0.0,1.0,0.0,63676.17,60870.97,59109.062
0,40.0,16.0,0.0,0.0,1.0,0.0,66615.07,57290.324,66497.695
0,51.0,12.0,0.0,0.0,0.0,0.0,67594.7,62661.29,71669.74
0,47.0,17.0,0.0,0.0,1.0,0.0,68574.336,38670.97,0.0
0,53.0,16.0,0.0,0.0,1.0,0.0,68574.336,39387.098,67236.56
0,48.0,16.0,0.0,0.0,1.0,0.0,68574.336,59080.645,62064.516
0,28.0,15.0,0.0,0.0,1.0,0.0,68574.336,62661.29,66497.695
0,42.0,17.0,0.0,0.0,1.0,0.0,68574.336,64451.613,62064.516
0,47.0,16.0,0.0,0.0,1.0,0.0,68574.336,71612.91,73886.33
0,50.0,14.0,0.0,0.0,1.0,0.0,70533.6,29540.322,51720.43
0,49.0,12.0,0.0,0.0,1.0,0.0,72492.875,71433.87,0.0
0,48.0,15.0,0.0,0.0,1.0,0.0,73472.51,71612.91,85708.14
0,51.0,17.0,0.0,0.0,1.0,0.0,74452.14,0.0,0.0
0,32.0,17.0,0.0,0.0,1.0,0.0,76411.41,64451.613,99007.68
0,47.0,16.0,0.0,0.0,1.0,0.0,78370.67,78774.195,97677.73
0,37.0,17.0,0.0,0.0,1.0,0.0,82289.2,85040.32,110829.49
0,55.0,17.0,0.0,0.0,1.0,0.0,88167.01,98467.74,88663.59
0,49.0,16.0,0.0,0.0,1.0,0.0,94044.805,98467.74,73886.33
0,50.0,16.0,0.0,0.0,1.0,0.0,97963.34,34016.13,33987.71
0,28.0,16.0,0.0,0.0,1.0,0.0,97963.34,89516.13,70930.875
0,42.0,16.0,0.0,0.0,1.0,0.0,103841.14,93096.77,100485.41
0,45.0,12.0,0.0,0.0,1.0,0.0,137148.69,156653.23,88663.59
0,54.0,3.0,1.0,0.0,0.0,1.0,0.0,0.0,221.659
0,54.0,3.0,1.0,0.0,1.0,1.0,0.0,0.0,0.0
0,54.0,3.0,1.0,0.0,1.0,1.0,0.0,0.0,0.0
0,54.0,3.0,1.0,0.0,1.0,1.0,0.0,0.0,0.0
0,53.0,4.0,1.0,0.0,0.0,1.0,0.0,0.0,0.0
0,51.0,4.0,1.0,0.0,1.0,1.0,0.0,0.0,0.0
0,51.0,5.0,1.0,0.0,0.0,1.0,0.0,0.0,0.0
0,46.0,6.0,1.0,0.0,1.0,1.0,0.0,0.0,0.0
0,53.0,6.0,0.0,0.0,1.0,1.0,0.0,0.0,0.0
0,41.0,6.0,1.0,0.0,1.0,1.0,0.0,0.0,0.0
0,45.0,7.0,1.0,0.0,1.0,1.0,0.0,0.0,11821.813
0,53.0,7.0,0.0,1.0,0.0,1.0,0.0,0.0,0.0
0,47.0,8.0,0.0,0.0,0.0,1.0,0.0,0.0,0.0
0,55.0,8.0,1.0,0.0,1.0,1.0,0.0,0.0,0.0
0,55.0,8.0,0.0,0.0,1.0,1.0,0.0,0.0,0.0
0,53.0,8.0,1.0,0.0,1.0,1.0,0.0,0.0,0.0
0,41.0,8.0,0.0,0.0,1.0,1.0,0.0,0.0,0.0
0,45.0,8.0,0.0,0.0,1.0,1.0,0.0,0.0,0.0
0,45.0,9.0,1.0,0.0,1.0,1.0,0.0,0.0,0.0
0,46.0,9.0,0.0,1.0,1.0,1.0,0.0,0.0,0.0
0,48.0,9.0,0.0,0.0,1.0,1.0,0.0,0.0,0.0
0,46.0,9.0,0.0,1.0,1.0,1.0,0.0,0.0,0.0
0,45.0,9.0,1.0,0.0,1.0,1.0,0.0,0.0,0.0
0,54.0,9.0,0.0,0.0,1.0,1.0,0.0,0.0,0.0
0,23.0,9.0,1.0,0.0,0.0,1.0,0.0,0.0,218.70354
0,40.0,10.0,0.0,1.0,1.0,1.0,0.0,0.0,0.0
0,54.0,10.0,1.0,0.0,1.0,1.0,0.0,0.0,0.0
0,54.0,10.0,1.0,0.0,1.0,1.0,0.0,0.0,0.0
0,25.0,11.0,1.0,0.0,0.0,1.0,0.0,0.0,3694.3164
0,41.0,11.0,0.0,0.0,1.0,1.0,0.0,0.0,14481.72
0,23.0,11.0,1.0,0.0,0.0,1.0,0.0,0.0,0.0
0,23.0,11.0,1.0,0.0,0.0,1.0,0.0,0.0,0.0
0,52.0,8.0,0.0,0.0,1.0,1.0,0.0,0.0,0.0
0,45.0,9.0,0.0,0.0,1.0,1.0,0.0,0.0,0.0
0,40.0,8.0,0.0,0.0,1.0,1.0,0.0,0.0,0.0
0,37.0,10.0,0.0,0.0,1.0,1.0,0.0,0.0,0.0
0,48.0,11.0,0.0,0.0,1.0,1.0,0.0,0.0,11821.813
0,36.0,9.0,0.0,0.0,1.0,1.0,0.0,0.0,0.0
0,40.0,7.0,0.0,0.0,1.0,1.0,0.0,0.0,8866.359
0,40.0,7.0,0.0,0.0,1.0,1.0,0.0,0.0,8866.359
0,38.0,11.0,0.0,0.0,1.0,1.0,0.0,0.0,0.0
0,53.0,7.0,0.0,0.0,1.0,1.0,0.0,0.0,0.0
0,52.0,10.0,1.0,0.0,1.0,1.0,0.0,0.0,0.0
0,52.0,7.0,0.0,0.0,1.0,1.0,0.0,0.0,0.0
0,43.0,9.0,1.0,0.0,1.0,1.0,0.0,0.0,0.0
0,54.0,4.0,1.0,0.0,1.0,1.0,0.0,0.0,0.0
0,46.0,6.0,0.0,0.0,1.0,1.0,0.0,0.0,0.0
0,40.0,8.0,0.0,0.0,1.0,1.0,0.0,0.0,0.0
0,53.0,8.0,0.0,0.0,1.0,1.0,0.0,0.0,0.0
0,50.0,11.0,0.0,0.0,1.0,1.0,0.0,0.0,10344.086
0,33.0,11.0,0.0,0.0,1.0,1.0,0.0,0.0,0.0
0,33.0,11.0,0.0,0.0,1.0,1.0,0.0,0.0,0.0
0,52.0,8.0,0.0,0.0,1.0,1.0,0.0,0.0,0.0
0,49.0,4.0,1.0,0.0,1.0,1.0,0.0,0.0,0.0
0,50.0,8.0,0.0,0.0,1.0,1.0,0.0,0.0,0.0
0,41.0,8.0,0.0,0.0,1.0,1.0,0.0,0.0,7093.0874
0,53.0,9.0,0.0,0.0,1.0,1.0,0.0,0.0,0.0
0,48.0,11.0,0.0,0.0,0.0,1.0,0.0,0.0,0.0
0,31.0,9.0,0.0,0.0,1.0,1.0,0.0,0.0,0.0
0,42.0,8.0,0.0,0.0,1.0,1.0,0.0,0.0,0.0
0,54.0,10.0,0.0,0.0,1.0,1.0,0.0,0.0,0.0
0,50.0,10.0,0.0,0.0,1.0,1.0,0.0,0.0,0.0
0,48.0,6.0,0.0,1.0,1.0,1.0,0.0,0.0,0.0
0,22.0,9.0,0.0,0.0,1.0,1.0,0.0,0.0,16846.082
0,41.0,8.0,0.0,0.0,1.0,1.0,0.0,0.0,0.0
0,41.0,8.0,0.0,0.0,1.0,1.0,0.0,0.0,0.0
0,45.0,9.0,0.0,0.0,1.0,1.0,0.0,313.30646,4063.748
0,21.0,8.0,1.0,0.0,0.0,1.0,0.0,895.1613,2305.2534
0,46.0,8.0,0.0,0.0,1.0,1.0,0.0,8951.613,0.0
0,46.0,8.0,0.0,0.0,1.0,1.0,0.0,8951.613,0.0
0,21.0,11.0,1.0,0.0,0.0,1.0,0.0,9846.774,5615.361
0,53.0,8.0,0.0,0.0,1.0,1.0,0.0,14322.581,0.0
0,53.0,6.0,0.0,0.0,1.0,1.0,0.0,17187.098,45809.523
0,34.0,11.0,0.0,0.0,1.0,1.0,0.0,19693.549,14777.266
0,49.0,9.0,0.0,0.0,1.0,1.0,0.0,21483.871,69453.15
0,28.0,11.0,0.0,0.0,1.0,1.0,0.0,62661.29,118218.13
0,43.0,3.0,1.0,0.0,1.0,1.0,17.633402,0.0,0.0
0,52.0,6.0,1.0,0.0,1.0,1.0,235.11201,1246.0645,1477.7266
0,54.0,8.0,0.0,0.0,1.0,1.0,293.89,537.09674,295.54532
0,52.0,7.0,1.0,0.0,0.0,1.0,293.89,5012.9033,0.0
0,29.0,11.0,1.0,0.0,1.0,1.0,783.7067,0.0,23643.625
0,37.0,9.0,0.0,0.0,0.0,1.0,940.44806,3544.8386,1152.6267
0,38.0,2.0,0.0,0.0,0.0,1.0,1077.5967,6266.129,2955.4531
0,20.0,10.0,0.0,0.0,0.0,1.0,1381.2831,3523.3547,9309.678
0,31.0,6.0,1.0,0.0,0.0,1.0,1410.6721,555.0,16059.932
0,23.0,10.0,1.0,0.0,0.0,1.0,1469.4501,5370.968,0.0
0,19.0,11.0,1.0,0.0,0.0,1.0,1567.4135,0.0,0.0
0,20.0,11.0,0.0,0.0,1.0,1.0,1567.4135,3222.5806,2955.4531
0,35.0,9.0,1.0,0.0,0.0,1.0,1567.4135,5370.968,5910.9062
0,21.0,10.0,1.0,0.0,0.0,1.0,1567.4135,8145.968,8275.269
0,41.0,8.0,1.0,0.0,1.0,1.0,1716.3177,8378.71,7388.633
0,41.0,8.0,1.0,0.0,1.0,1.0,1716.3177,8378.71,7388.633
0,42.0,8.0,0.0,0.0,1.0,1.0,1763.3401,0.0,8866.359
0,42.0,8.0,0.0,0.0,1.0,1.0,1763.3401,0.0,8866.359
0,20.0,8.0,1.0,0.0,0.0,1.0,1880.8961,3652.258,1018.1536
0,30.0,9.0,1.0,0.0,0.0,1.0,1959.2668,162.91936,16809.14
0,29.0,10.0,1.0,0.0,0.0,1.0,2037.6375,2685.484,0.0
0,22.0,11.0,1.0,0.0,0.0,1.0,2351.12,0.0,879.2473
0,25.0,10.0,1.0,0.0,0.0,1.0,2838.9775,5370.968,11437.604
0,20.0,8.0,1.0,0.0,0.0,1.0,2938.9001,1838.6613,1226.5131
0,55.0,7.0,0.0,0.0,0.0,1.0,2938.9001,8342.903,0.0
0,20.0,10.0,0.0,0.0,0.0,1.0,2938.9001,8951.613,10344.086
0,40.0,4.0,1.0,0.0,0.0,1.0,2962.4114,1933.5483,1034.4086
0,52.0,0.0,0.0,0.0,1.0,1.0,3134.827,0.0,295.54532
0,22.0,9.0,1.0,0.0,0.0,1.0,3134.827,4345.113,13299.539
0,24.0,10.0,1.0,0.0,0.0,1.0,3152.4602,3902.9033,7447.7417
0,19.0,11.0,0.0,0.0,0.0,1.0,3221.0347,12532.258,14777.266
0,51.0,7.0,0.0,0.0,1.0,1.0,3291.568,8951.613,0.0
0,19.0,6.0,1.0,0.0,0.0,1.0,3526.6802,0.0,0.0
0,50.0,10.0,1.0,0.0,1.0,1.0,3526.6802,0.0,0.0
0,23.0,11.0,0.0,1.0,0.0,1.0,3526.6802,2685.484,8127.496
0,38.0,3.0,1.0,0.0,1.0,1.0,3722.607,5729.032,17732.719
0,38.0,3.0,1.0,0.0,1.0,1.0,3722.607,5729.032,17732.719
0,20.0,11.0,0.0,0.0,0.0,1.0,3844.0815,9846.774,13299.539
0,43.0,10.0,1.0,0.0,1.0,1.0,3918.5337,2148.3872,0.0
0,30.0,6.0,1.0,0.0,1.0,1.0,3918.5337,3401.6128,4433.1797
0,35.0,10.0,1.0,0.0,1.0,1.0,3918.5337,3795.484,7802.3965
0,35.0,10.0,1.0,0.0,1.0,1.0,3918.5337,3795.484,7802.3965
0,35.0,10.0,1.0,0.0,1.0,1.0,3918.5337,3795.484,7802.3965
0,40.0,10.0,0.0,0.0,1.0,1.0,3918.5337,4833.871,7248.249
0,44.0,11.0,1.0,0.0,1.0,1.0,3918.5337,5370.968,2955.4531
0,23.0,10.0,1.0,0.0,0.0,1.0,3918.5337,7161.2905,6649.7695
0,41.0,8.0,1.0,0.0,1.0,1.0,3918.5337,11171.613,5910.9062
0,39.0,5.0,1.0,0.0,1.0,1.0,4051.7637,13427.419,14629.493
0,39.0,5.0,1.0,0.0,1.0,1.0,4051.7637,13427.419,14629.493
0,39.0,5.0,1.0,0.0,1.0,1.0,4051.7637,13427.419,14629.493
0,25.0,11.0,1.0,0.0,0.0,1.0,4055.6824,11637.097,0.0
0,19.0,11.0,0.0,0.0,0.0,1.0,4114.4604,4654.839,8570.814
0,23.0,6.0,0.0,0.0,1.0,1.0,4114.4604,7161.2905,8127.496
0,38.0,9.0,1.0,0.0,1.0,1.0,4228.0977,7941.871,11245.499
0,50.0,9.0,1.0,0.0,1.0,1.0,4333.8984,7469.2256,6383.779
0,18.0,11.0,0.0,0.0,0.0,1.0,4351.5317,32270.564,2364.3625
0,22.0,11.0,1.0,0.0,1.0,1.0,4449.495,6187.355,14570.384
0,19.0,10.0,1.0,0.0,0.0,1.0,4702.24,3437.4194,2364.3625
0,25.0,10.0,1.0,0.0,1.0,1.0,4702.24,4282.4517,4947.4287
0,47.0,6.0,1.0,0.0,1.0,1.0,4702.24,4296.7744,13481.3
0,47.0,4.0,0.0,0.0,1.0,1.0,4702.24,8593.549,24641.092
0,51.0,7.0,0.0,0.0,1.0,1.0,4702.24,8951.613,11082.949
0,19.0,9.0,0.0,0.0,1.0,1.0,4858.982,6087.0967,10639.631
0,24.0,8.0,1.0,0.0,1.0,1.0,4898.167,5370.968,8127.496
0,19.0,10.0,0.0,0.0,0.0,1.0,5094.0938,4296.7744,14777.266
0,44.0,11.0,1.0,0.0,0.0,1.0,5172.4644,6266.129,0.0
0,52.0,8.0,0.0,0.0,1.0,1.0,5290.0205,0.0,6797.542
0,20.0,9.0,0.0,0.0,1.0,1.0,5387.984,8951.613,13299.539
0,24.0,11.0,1.0,0.0,1.0,1.0,5427.169,0.0,1329.9539
0,19.0,11.0,1.0,0.0,1.0,1.0,5485.947,7590.968,11348.94
0,22.0,11.0,1.0,0.0,0.0,1.0,5485.947,13427.419,8866.359
0,30.0,6.0,1.0,0.0,1.0,1.0,5681.8735,0.0,0.0
0,50.0,10.0,1.0,0.0,1.0,1.0,5681.8735,0.0,0.0
0,20.0,8.0,0.0,0.0,0.0,1.0,5681.8735,3584.2258,7240.8604
0,26.0,8.0,1.0,0.0,1.0,1.0,5681.8735,4296.7744,7093.0874
0,46.0,6.0,1.0,0.0,0.0,1.0,5838.615,9678.484,7873.327
0,38.0,10.0,1.0,0.0,1.0,1.0,5877.8003,0.0,0.0
0,25.0,8.0,0.0,0.0,1.0,1.0,5877.8003,0.0,8866.359
0,24.0,9.0,1.0,0.0,0.0,1.0,5877.8003,5370.968,13299.539
0,55.0,3.0,1.0,0.0,1.0,1.0,5877.8003,5370.968,4137.6343
0,40.0,5.0,1.0,0.0,1.0,1.0,5877.8003,5370.968,22165.898
0,25.0,9.0,1.0,0.0,1.0,1.0,5877.8003,6266.129,12560.676
0,43.0,7.0,1.0,0.0,1.0,1.0,5877.8003,6815.7583,295.54532
0,18.0,11.0,1.0,0.0,0.0,1.0,5877.8003,6932.129,9457.45
0,28.0,7.0,1.0,0.0,1.0,1.0,5877.8003,8142.387,1477.7266
0,52.0,4.0,1.0,0.0,1.0,1.0,5877.8003,11637.097,22165.898
0,22.0,8.0,1.0,0.0,1.0,1.0,5877.8003,12030.968,857.0814
0,34.0,7.0,1.0,0.0,1.0,1.0,5877.8003,12532.258,14777.266
0,25.0,9.0,0.0,0.0,0.0,1.0,5877.8003,13427.419,12117.358
0,43.0,10.0,0.0,0.0,1.0,1.0,5877.8003,17903.227,20688.172
0,31.0,9.0,1.0,0.0,1.0,1.0,6024.7456,5621.613,10196.313
0,27.0,8.0,1.0,0.0,0.0,1.0,6269.654,6624.1934,7388.633
0,22.0,11.0,0.0,0.0,1.0,1.0,6442.0693,5818.5483,2216.5898
0,32.0,11.0,1.0,0.0,1.0,1.0,6524.3584,0.0,930.9677
0,49.0,5.0,1.0,0.0,0.0,1.0,6583.1367,5729.032,12560.676
0,55.0,8.0,0.0,0.0,1.0,1.0,6661.5073,3820.5483,4255.8525
0,20.0,11.0,0.0,0.0,1.0,1.0,6661.5073,5370.968,1182.1813
0,33.0,8.0,1.0,0.0,1.0,1.0,6661.5073,8579.226,9169.293
0,22.0,11.0,0.0,0.0,1.0,1.0,6802.574,1790.3226,7388.633
0,26.0,8.0,1.0,0.0,1.0,1.0,6857.4336,3580.6453,1994.9309
0,20.0,10.0,1.0,0.0,1.0,1.0,6857.4336,6831.871,9457.45
0,45.0,2.0,0.0,1.0,1.0,1.0,6857.4336,7161.2905,4433.1797
0,45.0,8.0,1.0,0.0,1.0,1.0,6857.4336,9537.049,9408.686
0,33.0,11.0,1.0,0.0,1.0,1.0,6857.4336,11637.097,0.0
0,41.0,3.0,1.0,0.0,1.0,1.0,6990.664,3222.5806,9497.349
0,25.0,7.0,1.0,0.0,1.0,1.0,7131.731,10741.935,8866.359
0,35.0,11.0,1.0,0.0,1.0,1.0,7335.495,8557.742,7388.633
0,35.0,11.0,1.0,0.0,1.0,1.0,7335.495,8557.742,7388.633
0,29.0,10.0,0.0,0.0,1.0,1.0,7347.2505,0.0,0.0
0,41.0,4.0,1.0,0.0,0.0,1.0,7494.1953,5370.968,5910.9062
0,36.0,6.0,1.0,0.0,0.0,1.0,7494.1953,7447.7417,4433.1797
0,52.0,5.0,1.0,0.0,1.0,1.0,7523.5845,4296.7744,2216.5898
0,52.0,5.0,1.0,0.0,1.0,1.0,7523.5845,4296.7744,2216.5898
0,41.0,10.0,0.0,1.0,1.0,1.0,7562.77,9134.226,11821.813
0,29.0,10.0,1.0,0.0,1.0,1.0,7641.1406,8122.6934,5910.9062
0,42.0,10.0,1.0,0.0,0.0,1.0,7837.0674,1718.7097,0.0
0,22.0,11.0,1.0,0.0,1.0,1.0,7837.0674,5012.9033,3694.3164
0,27.0,11.0,1.0,0.0,1.0,1.0,7837.0674,5370.968,7388.633
0,42.0,5.0,1.0,0.0,1.0,1.0,7837.0674,7161.2905,14777.266
0,42.0,5.0,1.0,0.0,1.0,1.0,7837.0674,7161.2905,14777.266
0,49.0,5.0,0.0,0.0,1.0,1.0,7837.0674,8056.4517,11821.813
0,28.0,9.0,1.0,0.0,1.0,1.0,7837.0674,8235.484,8718.587
0,45.0,9.0,1.0,0.0,1.0,1.0,7837.0674,8951.613,8866.359
0,45.0,6.0,1.0,0.0,1.0,1.0,7837.0674,8951.613,9605.223
0,39.0,8.0,0.0,0.0,1.0,1.0,7837.0674,9846.774,0.0
0,34.0,9.0,1.0,0.0,1.0,1.0,7837.0674,11211.0,12037.561
0,22.0,11.0,0.0,0.0,1.0,1.0,7837.0674,13964.516,15072.811
0,32.0,10.0,0.0,0.0,1.0,1.0,7837.0674,16112.903,11082.949
0,49.0,5.0,1.0,0.0,1.0,1.0,7944.8267,7698.387,11993.229
0,27.0,7.0,1.0,0.0,1.0,1.0,7954.623,7161.2905,5910.9062
0,21.0,11.0,1.0,0.0,1.0,1.0,8032.994,4848.1934,8570.814
0,40.0,11.0,0.0,0.0,1.0,1.0,8072.179,0.0,1477.7266
0,26.0,8.0,0.0,0.0,1.0,1.0,8150.55,7447.7417,9900.768
0,33.0,10.0,0.0,0.0,1.0,1.0,8272.024,2619.242,0.0
0,54.0,6.0,1.0,0.0,1.0,1.0,8354.313,0.0,0.0
0,40.0,9.0,1.0,0.0,1.0,1.0,8424.848,6572.2744,8866.359
0,27.0,8.0,0.0,0.0,1.0,1.0,8424.848,7698.387,15072.811
0,41.0,5.0,1.0,0.0,1.0,1.0,8424.848,10741.935,8689.032
0,29.0,10.0,1.0,0.0,1.0,1.0,8464.032,8325.0,23643.625
0,29.0,10.0,1.0,0.0,1.0,1.0,8659.959,10892.323,51.72043
0,26.0,10.0,1.0,0.0,1.0,1.0,8816.7,0.0,7388.633
0,25.0,10.0,0.0,1.0,1.0,1.0,8816.7,8056.4517,13299.539
0,40.0,8.0,1.0,0.0,1.0,1.0,8816.7,8056.4517,7184.7065
0,40.0,7.0,1.0,0.0,1.0,1.0,8816.7,8951.613,11821.813
0,49.0,7.0,1.0,0.0,0.0,1.0,8816.7,11270.081,8969.801
0,46.0,9.0,0.0,0.0,1.0,1.0,8816.7,14322.581,13299.539
0,50.0,8.0,1.0,0.0,1.0,1.0,8985.197,9846.774,9102.796
0,24.0,8.0,1.0,0.0,1.0,1.0,9008.709,13033.548,16254.992
0,23.0,9.0,0.0,0.0,1.0,1.0,9012.627,0.0,14777.266
0,24.0,10.0,1.0,0.0,1.0,1.0,9012.627,6624.1934,8955.023
0,20.0,10.0,0.0,1.0,1.0,1.0,9208.554,8951.613,16254.992
0,30.0,11.0,1.0,0.0,1.0,1.0,9228.146,8808.387,17881.969
0,47.0,4.0,0.0,0.0,1.0,1.0,9355.499,20884.113,20512.322
0,26.0,10.0,1.0,0.0,1.0,1.0,9404.48,4923.387,17732.719
0,50.0,5.0,1.0,0.0,1.0,1.0,9404.48,10136.806,9266.823
0,49.0,11.0,0.0,0.0,1.0,1.0,9404.48,11637.097,9457.45
0,27.0,10.0,0.0,0.0,1.0,1.0,9404.48,11812.548,11821.813
0,28.0,8.0,0.0,0.0,1.0,1.0,9404.48,14322.581,12560.676
0,22.0,10.0,1.0,0.0,1.0,1.0,9717.963,9023.226,13299.539
0,40.0,7.0,1.0,0.0,1.0,1.0,9737.556,8674.113,9221.014
0,52.0,5.0,1.0,0.0,1.0,1.0,9796.334,1074.1935,0.0
0,34.0,10.0,0.0,0.0,1.0,1.0,9796.334,2327.4194,26599.078
0,38.0,7.0,0.0,0.0,1.0,1.0,9796.334,5370.968,11821.813
0,49.0,5.0,1.0,0.0,1.0,1.0,9796.334,5370.968,0.0
0,20.0,10.0,1.0,0.0,1.0,1.0,9796.334,5370.968,7388.633
0,44.0,5.0,1.0,0.0,1.0,1.0,9796.334,8951.613,8866.359
0,34.0,9.0,1.0,0.0,1.0,1.0,9796.334,8951.613,10344.086
0,46.0,9.0,1.0,0.0,0.0,1.0,9796.334,9309.678,8866.359
0,47.0,4.0,1.0,0.0,0.0,1.0,9796.334,10741.935,5910.9062
0,24.0,11.0,1.0,0.0,1.0,1.0,9796.334,10741.935,13299.539
0,39.0,5.0,1.0,0.0,1.0,1.0,9796.334,10741.935,19210.445
0,32.0,11.0,1.0,0.0,0.0,1.0,9796.334,14322.581,886.6359
0,43.0,11.0,0.0,0.0,1.0,1.0,9796.334,21483.871,22165.898
0,24.0,11.0,0.0,0.0,1.0,1.0,9796.334,24885.484,25121.352
0,37.0,7.0,0.0,0.0,1.0,1.0,9796.334,29719.355,5172.043
0,23.0,11.0,1.0,0.0,1.0,1.0,9980.505,6266.129,10344.086
0,21.0,11.0,0.0,1.0,1.0,1.0,9992.261,4114.161,17732.719
0,39.0,11.0,1.0,0.0,1.0,1.0,9992.261,11637.097,7260.071
0,27.0,6.0,0.0,0.0,1.0,1.0,9992.261,11637.097,13299.539
0,41.0,10.0,1.0,0.0,1.0,1.0,10090.224,14757.629,9752.995
0,32.0,10.0,1.0,0.0,0.0,1.0,10188.187,8951.613,0.0
0,40.0,5.0,1.0,0.0,1.0,1.0,10188.187,12174.194,0.0
0,37.0,11.0,1.0,0.0,1.0,1.0,10188.187,13964.516,13299.539
0,37.0,11.0,1.0,0.0,1.0,1.0,10188.187,13964.516,13299.539
0,50.0,11.0,1.0,0.0,0.0,1.0,10188.187,17903.227,14777.266
0,47.0,8.0,0.0,1.0,1.0,1.0,10286.151,7161.2905,1477.7266
0,29.0,10.0,1.0,0.0,1.0,1.0,10384.114,7304.516,11501.146
0,19.0,10.0,0.0,0.0,1.0,1.0,10431.136,6982.2583,9752.995
0,44.0,6.0,0.0,0.0,1.0,1.0,10450.729,13427.419,17023.41
0,28.0,7.0,1.0,0.0,1.0,1.0,10487.955,8260.549,8127.496
0,25.0,10.0,0.0,0.0,1.0,1.0,10580.041,8647.258,8866.359
0,39.0,9.0,1.0,0.0,1.0,1.0,10580.041,9667.742,11821.813
0,39.0,9.0,1.0,0.0,1.0,1.0,10580.041,9667.742,11821.813
0,34.0,8.0,1.0,0.0,1.0,1.0,10580.041,12532.258,19210.445
0,39.0,7.0,0.0,0.0,1.0,1.0,10580.041,17545.16,0.0
0,53.0,7.0,1.0,0.0,1.0,1.0,10583.959,17525.469,15926.937
0,53.0,7.0,1.0,0.0,1.0,1.0,10583.959,17525.469,15926.937
0,28.0,8.0,0.0,0.0,1.0,1.0,10678.004,10382.081,15146.697
0,49.0,10.0,1.0,0.0,1.0,1.0,10775.967,0.0,5319.816
0,49.0,10.0,1.0,0.0,1.0,1.0,10775.967,0.0,5319.816
0,47.0,6.0,1.0,0.0,1.0,1.0,10775.967,8056.4517,0.0
0,30.0,9.0,1.0,0.0,1.0,1.0,10775.967,8951.613,16254.992
0,31.0,9.0,1.0,0.0,1.0,1.0,10775.967,8951.613,5910.9062
0,29.0,8.0,0.0,0.0,1.0,1.0,10775.967,8951.613,9605.223
0,44.0,7.0,1.0,0.0,1.0,1.0,10775.967,10741.935,1078.7404
0,19.0,10.0,0.0,0.0,1.0,1.0,10775.967,14322.581,23643.625
0,42.0,6.0,0.0,1.0,1.0,1.0,10775.967,22558.064,11821.813
0,54.0,10.0,0.0,0.0,1.0,1.0,10775.967,32225.807,19210.445
0,48.0,10.0,1.0,0.0,1.0,1.0,10785.764,5370.968,14895.484
0,27.0,11.0,1.0,0.0,1.0,1.0,10897.442,3938.7097,7684.178
0,22.0,11.0,1.0,0.0,0.0,1.0,10971.894,7161.2905,7675.312
0,33.0,10.0,0.0,0.0,1.0,1.0,10971.894,12174.194,24825.807
0,37.0,8.0,0.0,0.0,1.0,1.0,10971.894,13427.419,14777.266
0,22.0,11.0,1.0,0.0,0.0,1.0,11069.857,5191.9355,9605.223
0,21.0,11.0,0.0,0.0,0.0,1.0,11167.821,5370.968,13151.767
0,23.0,9.0,0.0,0.0,1.0,1.0,11167.821,11995.161,11891.266
0,35.0,8.0,0.0,0.0,1.0,1.0,11167.821,18796.598,13299.539
0,31.0,8.0,0.0,0.0,1.0,1.0,11167.821,19335.484,20688.172
0,26.0,6.0,1.0,0.0,1.0,1.0,11461.711,9807.387,7979.7236
0,22.0,9.0,1.0,0.0,1.0,1.0,11708.578,10419.677,9079.152
0,33.0,6.0,1.0,0.0,1.0,1.0,11739.927,5958.1934,9788.461
0,27.0,9.0,0.0,0.0,1.0,1.0,11749.723,2327.4194,19210.445
0,34.0,11.0,1.0,0.0,0.0,1.0,11755.601,2148.3872,15516.129
0,23.0,11.0,1.0,0.0,1.0,1.0,11755.601,5818.5483,10048.541
0,25.0,9.0,1.0,0.0,0.0,1.0,11755.601,7161.2905,6649.7695
0,28.0,9.0,1.0,0.0,1.0,1.0,11755.601,7161.2905,11821.813
0,46.0,10.0,0.0,0.0,1.0,1.0,11755.601,7161.2905,10166.759
0,46.0,10.0,0.0,0.0,1.0,1.0,11755.601,7161.2905,10166.759
0,53.0,2.0,0.0,0.0,1.0,1.0,11755.601,8593.549,0.0
0,48.0,8.0,0.0,0.0,1.0,1.0,11755.601,8844.193,3073.6714
0,48.0,8.0,0.0,0.0,1.0,1.0,11755.601,8844.193,3073.6714
0,35.0,11.0,1.0,0.0,1.0,1.0,11755.601,8951.613,0.0
0,29.0,10.0,1.0,0.0,1.0,1.0,11755.601,9780.532,8866.359
0,43.0,9.0,0.0,0.0,1.0,1.0,11755.601,10741.935,10344.086
0,42.0,8.0,1.0,0.0,1.0,1.0,11755.601,10741.935,11821.813
0,47.0,11.0,1.0,0.0,1.0,1.0,11755.601,10741.935,14260.061
0,34.0,10.0,0.0,0.0,1.0,1.0,11755.601,12174.194,11821.813
0,39.0,10.0,1.0,0.0,0.0,1.0,11755.601,12532.258,25248.436
0,43.0,8.0,1.0,0.0,1.0,1.0,11755.601,12532.258,12930.108
0,43.0,8.0,1.0,0.0,1.0,1.0,11755.601,12532.258,12930.108
0,28.0,10.0,1.0,0.0,1.0,1.0,11755.601,15217.742,10639.631
0,47.0,11.0,1.0,0.0,1.0,1.0,11755.601,16053.823,0.0
0,45.0,0.0,0.0,1.0,1.0,1.0,11755.601,16112.903,10344.086
0,53.0,4.0,1.0,0.0,1.0,1.0,11892.749,8951.613,10344.086
0,54.0,4.0,1.0,0.0,0.0,1.0,11933.894,10965.726,11821.813
0,41.0,9.0,0.0,0.0,1.0,1.0,11951.528,12890.323,8718.587
0,44.0,7.0,1.0,0.0,1.0,1.0,11967.202,14566.065,14147.754
0,51.0,8.0,0.0,0.0,1.0,1.0,11986.794,1546.8387,0.0
0,26.0,10.0,0.0,0.0,0.0,1.0,12000.509,14322.581,17732.719
0,53.0,4.0,0.0,0.0,1.0,1.0,12039.695,2660.4194,7388.633
0,30.0,9.0,0.0,0.0,1.0,1.0,12178.802,11493.871,12847.355
0,54.0,3.0,1.0,0.0,1.0,1.0,12225.825,9606.871,11821.813
0,53.0,8.0,0.0,0.0,1.0,1.0,12235.621,0.0,7240.8604
0,34.0,10.0,1.0,0.0,1.0,1.0,12343.381,11637.097,9900.768
0,48.0,5.0,1.0,0.0,1.0,1.0,12343.381,13606.452,13323.183
0,45.0,11.0,0.0,0.0,1.0,1.0,12382.566,21483.871,0.0
0,45.0,11.0,0.0,0.0,1.0,1.0,12382.566,21483.871,0.0
0,49.0,6.0,0.0,1.0,1.0,1.0,12539.308,16470.969,13595.084
0,49.0,6.0,0.0,1.0,1.0,1.0,12539.308,16470.969,13595.084
0,22.0,11.0,1.0,0.0,1.0,1.0,12539.308,21483.871,13299.539
0,25.0,10.0,1.0,0.0,1.0,1.0,12696.049,8951.613,14777.266
0,37.0,11.0,0.0,0.0,1.0,1.0,12735.234,0.0,0.0
0,33.0,9.0,0.0,0.0,1.0,1.0,12735.234,6266.129,8866.359
0,33.0,9.0,0.0,0.0,1.0,1.0,12735.234,6266.129,8866.359
0,20.0,11.0,0.0,0.0,1.0,1.0,12735.234,7161.2905,14038.402
0,44.0,8.0,0.0,0.0,1.0,1.0,12735.234,10312.258,12412.903
0,53.0,6.0,1.0,0.0,1.0,1.0,12735.234,10741.935,13299.539
0,31.0,6.0,1.0,0.0,0.0,1.0,12735.234,10741.935,5910.9062
0,28.0,9.0,0.0,0.0,1.0,1.0,12735.234,12532.258,17732.719
0,25.0,11.0,0.0,0.0,1.0,1.0,12735.234,21483.871,8204.338
0,50.0,6.0,1.0,0.0,1.0,1.0,13033.043,4092.6775,0.0
0,35.0,7.0,0.0,0.0,1.0,1.0,13127.088,12711.29,13447.312
0,35.0,7.0,0.0,0.0,1.0,1.0,13127.088,12711.29,13447.312
0,31.0,11.0,1.0,0.0,1.0,1.0,13127.088,14859.677,16254.992
0,21.0,9.0,1.0,0.0,0.0,1.0,13127.088,16327.742,8866.359
0,36.0,11.0,1.0,0.0,1.0,1.0,13140.802,12532.258,12811.889
0,40.0,10.0,1.0,0.0,1.0,1.0,13244.644,19693.549,17732.719
0,30.0,8.0,0.0,0.0,1.0,1.0,13303.422,17903.227,14333.948
0,44.0,9.0,1.0,0.0,1.0,1.0,13366.118,14644.839,12435.069
0,41.0,9.0,0.0,0.0,1.0,1.0,13518.941,13964.516,17732.719
0,40.0,10.0,0.0,0.0,0.0,1.0,13616.904,10741.935,15368.356
0,20.0,11.0,0.0,0.0,0.0,1.0,13714.868,6194.516,14777.266
0,19.0,11.0,0.0,0.0,1.0,1.0,13714.868,6416.516,27781.26
0,39.0,7.0,0.0,0.0,1.0,1.0,13714.868,6624.1934,0.0
0,46.0,8.0,1.0,0.0,1.0,1.0,13714.868,7089.6772,0.0
0,22.0,11.0,0.0,0.0,1.0,1.0,13714.868,8593.549,8866.359
0,37.0,11.0,0.0,0.0,1.0,1.0,13714.868,9259.549,0.0
0,48.0,6.0,1.0,0.0,0.0,1.0,13714.868,11637.097,10604.166
0,52.0,10.0,0.0,0.0,1.0,1.0,13714.868,12174.194,23643.625
0,50.0,7.0,1.0,0.0,1.0,1.0,13714.868,12532.258,16254.992
0,50.0,7.0,1.0,0.0,1.0,1.0,13714.868,12532.258,16254.992
0,26.0,11.0,1.0,0.0,1.0,1.0,13714.868,13248.387,11082.949
0,31.0,11.0,0.0,0.0,1.0,1.0,13714.868,13785.484,20688.172
0,21.0,10.0,0.0,0.0,1.0,1.0,13714.868,14080.887,7249.7266
0,52.0,8.0,0.0,0.0,1.0,1.0,13714.868,14322.581,8748.142
0,30.0,10.0,1.0,0.0,0.0,1.0,13714.868,14322.581,2364.3625
0,20.0,11.0,0.0,0.0,0.0,1.0,13714.868,14322.581,36943.164
0,52.0,5.0,0.0,0.0,1.0,1.0,13714.868,14322.581,14777.266
0,45.0,3.0,0.0,1.0,1.0,1.0,13714.868,16112.903,23643.625
0,46.0,10.0,1.0,0.0,1.0,1.0,13714.868,16112.903,15522.04
0,32.0,7.0,0.0,0.0,1.0,1.0,13714.868,17008.064,19613.865
0,50.0,7.0,1.0,0.0,1.0,1.0,13714.868,17903.227,16254.992
0,28.0,6.0,0.0,0.0,1.0,1.0,13734.46,6395.032,10048.541
0,33.0,10.0,1.0,0.0,0.0,1.0,13754.053,13964.516,16905.191
0,53.0,5.0,1.0,0.0,1.0,1.0,14008.758,2660.4194,11082.949
0,44.0,9.0,0.0,0.0,1.0,1.0,14051.862,13905.435,16373.21
0,28.0,11.0,0.0,0.0,1.0,1.0,14106.721,10741.935,20392.627
0,53.0,8.0,0.0,0.0,1.0,1.0,14106.721,14322.581,14843.763
0,53.0,7.0,0.0,0.0,1.0,1.0,14106.721,14322.581,13299.539
0,52.0,4.0,0.0,0.0,1.0,1.0,14106.721,15074.516,14422.611
0,23.0,11.0,0.0,1.0,1.0,1.0,14263.462,8414.516,26599.078
0,25.0,9.0,0.0,0.0,1.0,1.0,14263.462,12890.323,16254.992
0,54.0,8.0,0.0,1.0,1.0,1.0,14302.648,0.0,8866.359
0,54.0,8.0,0.0,1.0,1.0,1.0,14302.648,0.0,8866.359
0,40.0,10.0,0.0,0.0,1.0,1.0,14302.648,24169.355,21427.035
0,40.0,10.0,0.0,0.0,1.0,1.0,14302.648,24169.355,21427.035
0,21.0,11.0,0.0,0.0,1.0,1.0,14400.611,11458.065,0.0
0,51.0,8.0,0.0,0.0,1.0,1.0,14465.267,21752.42,0.0
0,24.0,10.0,1.0,0.0,1.0,1.0,14482.9,10741.935,11821.813
0,46.0,8.0,0.0,0.0,1.0,1.0,14498.574,10741.935,14186.175
0,55.0,3.0,1.0,0.0,1.0,1.0,14547.556,13463.226,10344.086
0,41.0,10.0,1.0,0.0,0.0,1.0,14678.827,15253.548,11821.813
0,25.0,11.0,1.0,0.0,1.0,1.0,14694.501,6624.1934,7107.8647
0,39.0,8.0,0.0,0.0,1.0,1.0,14694.501,12532.258,16254.992
0,19.0,8.0,0.0,0.0,1.0,1.0,14694.501,12532.258,18539.559
0,23.0,11.0,1.0,0.0,1.0,1.0,14694.501,13427.419,17732.719
0,49.0,10.0,0.0,0.0,1.0,1.0,14694.501,14322.581,8423.041
0,38.0,11.0,0.0,0.0,1.0,1.0,14694.501,14322.581,28076.805
0,42.0,11.0,1.0,0.0,0.0,1.0,14694.501,15217.742,11821.813
0,24.0,11.0,0.0,0.0,1.0,1.0,14694.501,15575.806,14777.266
0,36.0,7.0,1.0,0.0,1.0,1.0,14694.501,15754.839,19210.445
0,39.0,6.0,1.0,0.0,1.0,1.0,14694.501,16470.969,28076.805
0,20.0,11.0,0.0,0.0,1.0,1.0,14694.501,17008.064,0.0
0,31.0,10.0,0.0,0.0,1.0,1.0,14890.428,12532.258,16254.992
0,29.0,9.0,0.0,0.0,1.0,1.0,14890.428,19693.549,25860.215
0,53.0,9.0,1.0,0.0,1.0,1.0,14945.287,13697.758,14186.175
0,45.0,4.0,0.0,0.0,1.0,1.0,15004.065,13586.758,17686.908
0,28.0,9.0,0.0,0.0,0.0,1.0,15086.354,13248.387,19210.445
0,53.0,8.0,1.0,0.0,1.0,1.0,15086.354,15649.21,12921.241
0,43.0,3.0,0.0,0.0,1.0,1.0,15086.354,15933.871,14038.402
0,50.0,7.0,0.0,0.0,1.0,1.0,15160.807,15933.871,17732.719
0,50.0,7.0,0.0,0.0,1.0,1.0,15160.807,15933.871,17732.719
0,31.0,8.0,1.0,0.0,1.0,1.0,15176.481,10851.145,19604.998
0,34.0,11.0,0.0,0.0,1.0,1.0,15184.318,0.0,19210.445
0,46.0,8.0,0.0,0.0,0.0,1.0,15282.281,13158.871,10048.541
0,20.0,9.0,0.0,0.0,1.0,1.0,15282.281,15933.871,20614.285
0,30.0,9.0,0.0,0.0,1.0,1.0,15478.208,7877.4194,8866.359
0,34.0,6.0,0.0,1.0,1.0,1.0,15478.208,16112.903,16254.992
0,27.0,9.0,0.0,0.0,1.0,1.0,15478.208,16470.969,15516.129
0,19.0,11.0,1.0,0.0,0.0,1.0,15587.927,10741.935,0.0
0,49.0,8.0,0.0,1.0,0.0,1.0,15674.134,1074.1935,0.0
0,31.0,11.0,1.0,0.0,0.0,1.0,15674.134,4316.468,7093.0874
0,25.0,11.0,1.0,0.0,0.0,1.0,15674.134,6982.2583,13890.63
0,23.0,11.0,1.0,0.0,1.0,1.0,15674.134,8414.516,8866.359
0,18.0,10.0,0.0,1.0,1.0,1.0,15674.134,10741.935,20688.172
0,34.0,10.0,1.0,0.0,0.0,1.0,15674.134,12532.258,25121.352
0,46.0,4.0,0.0,0.0,1.0,1.0,15674.134,14322.581,8866.359
0,46.0,7.0,0.0,0.0,1.0,1.0,15674.134,14680.645,9605.223
0,53.0,6.0,0.0,0.0,1.0,1.0,15674.134,15217.742,14777.266
0,54.0,7.0,0.0,0.0,1.0,1.0,15674.134,16112.903,18841.014
0,37.0,9.0,1.0,0.0,1.0,1.0,15674.134,16112.903,19210.445
0,24.0,9.0,0.0,0.0,1.0,1.0,15674.134,16112.903,36943.164
0,53.0,6.0,1.0,0.0,1.0,1.0,15674.134,16112.903,9974.654
0,21.0,10.0,0.0,0.0,1.0,1.0,15674.134,16112.903,20141.412
0,35.0,10.0,1.0,0.0,1.0,1.0,15674.134,16470.969,23643.625
0,54.0,2.0,1.0,0.0,1.0,1.0,15674.134,16990.16,18096.24
0,43.0,10.0,0.0,0.0,1.0,1.0,15674.134,17903.227,19709.918
0,46.0,8.0,0.0,0.0,1.0,1.0,15674.134,17903.227,17732.719
0,35.0,11.0,1.0,0.0,1.0,1.0,15674.134,17903.227,0.0
0,50.0,8.0,0.0,0.0,1.0,1.0,15674.134,18109.113,17437.174
0,47.0,10.0,0.0,0.0,1.0,1.0,15674.134,19693.549,22165.898
0,47.0,10.0,0.0,0.0,1.0,1.0,15674.134,19693.549,22165.898
0,21.0,9.0,0.0,0.0,1.0,1.0,15674.134,19693.549,1773.2719
0,18.0,10.0,0.0,0.0,1.0,1.0,15674.134,21483.871,24973.578
0,37.0,8.0,0.0,0.0,1.0,1.0,15674.134,26317.742,36943.164
0,41.0,7.0,1.0,0.0,1.0,1.0,15674.134,32225.807,11082.949
0,31.0,11.0,0.0,0.0,1.0,1.0,15870.061,15602.661,17732.719
0,35.0,10.0,0.0,0.0,1.0,1.0,15921.002,16148.71,16606.691
0,51.0,8.0,1.0,0.0,1.0,1.0,15987.617,5800.645,0.0
0,30.0,7.0,1.0,0.0,1.0,1.0,15995.454,15387.823,13151.767
0,30.0,11.0,0.0,0.0,1.0,1.0,16065.988,17989.16,23052.535
0,30.0,11.0,0.0,0.0,1.0,1.0,16065.988,17989.16,23052.535
0,53.0,4.0,1.0,0.0,1.0,1.0,16142.399,984.6774,0.0
0,24.0,10.0,0.0,0.0,1.0,1.0,16144.358,20767.742,22904.762
0,48.0,8.0,1.0,0.0,1.0,1.0,16261.914,11637.097,5172.043
0,48.0,8.0,1.0,0.0,1.0,1.0,16261.914,11637.097,5172.043
0,47.0,6.0,1.0,0.0,1.0,1.0,16261.914,14412.097,14260.061
0,45.0,4.0,0.0,1.0,1.0,1.0,16261.914,28108.064,28076.805
0,47.0,8.0,1.0,0.0,1.0,1.0,16301.1,17129.807,17732.719
0,47.0,8.0,1.0,0.0,1.0,1.0,16301.1,17129.807,17732.719
0,31.0,11.0,1.0,0.0,1.0,1.0,16453.924,19693.549,14777.266
0,46.0,8.0,0.0,0.0,1.0,1.0,16457.842,16112.903,16254.992
0,22.0,11.0,0.0,0.0,0.0,1.0,16653.768,3759.6775,0.0
0,21.0,11.0,0.0,0.0,1.0,1.0,16653.768,13427.419,10344.086
0,33.0,10.0,0.0,0.0,1.0,1.0,16653.768,16112.903,12560.676
0,28.0,9.0,0.0,0.0,1.0,1.0,16653.768,17158.451,17957.332
0,20.0,10.0,0.0,0.0,1.0,1.0,16849.695,11995.161,17880.492
0,47.0,11.0,0.0,0.0,1.0,1.0,16928.064,15409.306,17732.719
0,23.0,11.0,0.0,0.0,1.0,1.0,17045.621,11986.21,5910.9062
0,35.0,10.0,1.0,0.0,0.0,1.0,17045.621,14322.581,16846.082
0,25.0,7.0,1.0,0.0,0.0,1.0,17045.621,16137.968,11821.813
0,23.0,11.0,1.0,0.0,1.0,1.0,17116.154,10741.935,8866.359
0,31.0,8.0,0.0,0.0,1.0,1.0,17241.549,15754.839,16210.661
0,55.0,8.0,1.0,0.0,1.0,1.0,17241.549,17903.227,16254.992
0,33.0,11.0,1.0,0.0,1.0,1.0,17370.86,15844.355,14753.622
0,31.0,9.0,1.0,0.0,0.0,1.0,17437.475,13427.419,11326.774
0,34.0,7.0,0.0,0.0,0.0,1.0,17619.686,20481.29,19432.104
0,22.0,11.0,0.0,0.0,1.0,1.0,17633.4,0.0,13299.539
0,21.0,9.0,0.0,0.0,1.0,1.0,17633.4,3202.8872,3250.9985
0,42.0,8.0,1.0,0.0,0.0,1.0,17633.4,10562.903,0.0
0,46.0,10.0,0.0,1.0,1.0,1.0,17633.4,10741.935,5910.9062
0,23.0,9.0,1.0,0.0,1.0,1.0,17633.4,12532.258,14777.266
0,33.0,8.0,0.0,0.0,1.0,1.0,17633.4,12890.323,22165.898
0,43.0,11.0,1.0,0.0,1.0,1.0,17633.4,14322.581,17732.719
0,43.0,11.0,1.0,0.0,1.0,1.0,17633.4,14322.581,17732.719
0,29.0,8.0,0.0,0.0,1.0,1.0,17633.4,16112.903,11821.813
0,35.0,9.0,0.0,0.0,1.0,1.0,17633.4,16112.903,17732.719
0,50.0,9.0,1.0,0.0,1.0,1.0,17633.4,16112.903,16254.992
0,18.0,9.0,0.0,0.0,1.0,1.0,17633.4,16112.903,17584.945
0,44.0,11.0,0.0,0.0,1.0,1.0,17633.4,16470.969,14555.607
0,34.0,6.0,0.0,0.0,1.0,1.0,17633.4,17903.227,4876.4976
0,26.0,8.0,0.0,0.0,1.0,1.0,17633.4,18440.322,886.6359
0,47.0,10.0,0.0,0.0,1.0,1.0,17633.4,19693.549,30884.484
0,25.0,11.0,1.0,0.0,1.0,1.0,17633.4,21483.871,26599.078
0,44.0,8.0,1.0,0.0,1.0,1.0,17633.4,21483.871,19210.445
0,36.0,10.0,1.0,0.0,0.0,1.0,17633.4,21483.871,17732.719
0,40.0,2.0,1.0,0.0,1.0,1.0,17645.156,13427.419,8866.359
0,46.0,11.0,0.0,0.0,1.0,1.0,17684.342,16112.903,19210.445
0,44.0,5.0,1.0,0.0,1.0,1.0,17688.262,17903.227,19210.445
0,38.0,9.0,0.0,0.0,1.0,1.0,17829.328,7877.4194,20688.172
0,54.0,11.0,0.0,0.0,1.0,1.0,17829.328,15754.839,18102.15
0,32.0,8.0,0.0,0.0,1.0,1.0,17829.328,21483.871,20688.172
0,23.0,10.0,0.0,0.0,1.0,1.0,17829.328,21483.871,23643.625
0,46.0,11.0,1.0,0.0,1.0,1.0,17868.514,17903.227,13326.138
0,44.0,11.0,1.0,0.0,1.0,1.0,17929.252,18588.92,19210.445
0,41.0,10.0,1.0,0.0,1.0,1.0,18025.256,17366.129,21427.035
0,44.0,8.0,0.0,0.0,1.0,1.0,18025.256,18798.387,28076.805
0,36.0,11.0,1.0,0.0,1.0,1.0,18025.256,21483.871,26599.078
0,23.0,8.0,0.0,0.0,1.0,1.0,18221.182,25073.469,12117.358
0,20.0,9.0,0.0,0.0,1.0,1.0,18285.838,20767.742,23643.625
0,46.0,3.0,1.0,0.0,1.0,1.0,18319.145,14322.581,19949.309
0,36.0,10.0,1.0,0.0,1.0,1.0,18417.107,16112.903,22165.898
0,40.0,10.0,0.0,0.0,1.0,1.0,18417.107,17903.227,20688.172
0,40.0,10.0,0.0,0.0,1.0,1.0,18417.107,17903.227,20688.172
0,27.0,8.0,1.0,0.0,1.0,1.0,18417.107,22916.129,31032.258
0,24.0,11.0,1.0,0.0,0.0,1.0,18613.035,20230.645,31032.258
0,34.0,11.0,1.0,0.0,1.0,1.0,18808.96,17903.227,14777.266
0,47.0,10.0,0.0,0.0,1.0,1.0,19004.889,17903.227,21722.58
0,47.0,10.0,0.0,0.0,1.0,1.0,19004.889,17903.227,21722.58
0,49.0,4.0,0.0,0.0,1.0,1.0,19200.814,7161.2905,2955.4531
0,35.0,9.0,0.0,0.0,1.0,1.0,19200.814,17706.29,8866.359
0,33.0,9.0,1.0,0.0,1.0,1.0,19396.74,16112.903,19210.445
0,51.0,11.0,0.0,0.0,1.0,1.0,19592.668,6982.2583,26599.078
0,33.0,10.0,0.0,0.0,1.0,1.0,19592.668,10741.935,26599.078
0,20.0,7.0,1.0,0.0,1.0,1.0,19592.668,11637.097,14777.266
0,36.0,8.0,0.0,1.0,1.0,1.0,19592.668,11995.161,16993.855
0,36.0,8.0,0.0,1.0,1.0,1.0,19592.668,11995.161,16993.855
0,28.0,11.0,1.0,0.0,1.0,1.0,19592.668,12890.323,7130.031
0,44.0,6.0,1.0,0.0,1.0,1.0,19592.668,14322.581,5615.361
0,22.0,10.0,0.0,0.0,1.0,1.0,19592.668,15217.742,0.0
0,50.0,10.0,0.0,0.0,1.0,1.0,19592.668,15933.871,29554.531
0,52.0,9.0,0.0,0.0,1.0,1.0,19592.668,16112.903,24045.566
0,25.0,5.0,1.0,0.0,1.0,1.0,19592.668,16650.0,28076.805
0,52.0,8.0,0.0,0.0,1.0,1.0,19592.668,17903.227,17289.4
0,38.0,8.0,0.0,0.0,1.0,1.0,19592.668,17903.227,30207.688
0,53.0,7.0,0.0,0.0,1.0,1.0,19592.668,19693.549,22165.898
0,38.0,8.0,0.0,0.0,1.0,1.0,19592.668,19693.549,23643.625
0,38.0,8.0,0.0,0.0,1.0,1.0,19592.668,19693.549,23643.625
0,22.0,11.0,0.0,0.0,1.0,1.0,19592.668,20588.71,27929.031
0,41.0,9.0,0.0,0.0,1.0,1.0,19592.668,21483.871,20303.963
0,30.0,11.0,1.0,0.0,1.0,1.0,19592.668,24547.113,22165.898
0,24.0,10.0,0.0,0.0,1.0,1.0,19592.668,25064.516,29554.531
0,43.0,6.0,1.0,0.0,1.0,1.0,19912.03,16112.903,20688.172
0,55.0,6.0,1.0,0.0,1.0,1.0,19962.969,26854.84,14777.266
0,27.0,7.0,0.0,0.0,1.0,1.0,19984.521,20409.678,31032.258
0,23.0,10.0,0.0,0.0,1.0,1.0,19984.521,21483.871,17732.719
0,53.0,10.0,0.0,0.0,1.0,1.0,19984.521,21483.871,4433.1797
0,48.0,8.0,0.0,0.0,1.0,1.0,19984.521,21483.871,19210.445
0,53.0,10.0,1.0,0.0,1.0,1.0,20062.893,15502.403,13299.539
0,50.0,7.0,0.0,0.0,1.0,1.0,20180.447,14322.581,0.0
0,40.0,11.0,1.0,0.0,1.0,1.0,20278.41,16112.903,19210.445
0,50.0,7.0,1.0,0.0,1.0,1.0,20384.213,17008.064,17732.719
0,38.0,9.0,1.0,0.0,1.0,1.0,20388.13,22407.678,16254.992
0,52.0,5.0,0.0,0.0,1.0,1.0,20572.3,16112.903,19210.445
0,36.0,10.0,0.0,0.0,1.0,1.0,20572.3,17366.129,14481.72
0,40.0,11.0,0.0,0.0,1.0,1.0,20572.3,21483.871,27485.715
0,38.0,11.0,0.0,0.0,1.0,1.0,20572.3,21483.871,19210.445
0,41.0,8.0,0.0,0.0,1.0,1.0,20572.3,22379.031,19633.074
0,43.0,11.0,0.0,0.0,1.0,1.0,20629.12,31330.645,26599.078
0,46.0,10.0,0.0,0.0,1.0,1.0,20944.562,21338.855,21131.49
0,53.0,8.0,0.0,0.0,1.0,1.0,20964.154,22033.5,23195.873
0,25.0,10.0,0.0,0.0,1.0,1.0,20964.154,23632.258,23495.854
0,44.0,10.0,1.0,0.0,1.0,1.0,20993.545,19190.469,25068.154
0,44.0,10.0,1.0,0.0,1.0,1.0,20993.545,19190.469,25068.154
0,37.0,8.0,0.0,0.0,1.0,1.0,21481.4,14322.581,23643.625
0,34.0,10.0,1.0,0.0,1.0,1.0,21551.936,10083.097,18471.582
0,46.0,11.0,0.0,0.0,1.0,1.0,21551.936,16112.903,13299.539
0,48.0,6.0,1.0,0.0,1.0,1.0,21551.936,16112.903,17732.719
0,42.0,10.0,0.0,0.0,1.0,1.0,21551.936,18798.387,22165.898
0,55.0,10.0,0.0,0.0,1.0,1.0,21551.936,19693.549,14777.266
0,39.0,9.0,0.0,0.0,1.0,1.0,21551.936,19693.549,20688.172
0,41.0,10.0,1.0,0.0,1.0,1.0,21551.936,20767.742,25121.352
0,33.0,8.0,1.0,0.0,1.0,1.0,21551.936,22379.031,27485.715
0,22.0,10.0,1.0,0.0,1.0,1.0,21551.936,25064.516,31032.258
0,25.0,8.0,0.0,0.0,1.0,1.0,21551.936,25959.678,25121.352
0,54.0,9.0,1.0,0.0,0.0,1.0,21551.936,30435.484,33987.71
0,49.0,8.0,0.0,0.0,0.0,1.0,21551.936,36316.695,44331.797
0,35.0,10.0,0.0,0.0,1.0,1.0,21583.283,23847.098,22756.988
0,43.0,9.0,0.0,0.0,1.0,1.0,21630.305,11565.484,11821.813
0,39.0,7.0,0.0,0.0,1.0,1.0,21712.596,24065.516,23643.625
0,47.0,10.0,0.0,1.0,1.0,1.0,21943.787,18977.42,19210.445
0,51.0,10.0,0.0,0.0,1.0,1.0,21943.787,23274.193,25860.215
0,51.0,10.0,0.0,0.0,1.0,1.0,21943.787,23274.193,25860.215
0,49.0,5.0,0.0,1.0,1.0,1.0,22041.752,23274.193,20392.627
0,48.0,11.0,0.0,0.0,1.0,1.0,22178.9,19693.549,16254.992
0,48.0,11.0,0.0,0.0,1.0,1.0,22178.9,19693.549,16254.992
0,30.0,10.0,1.0,0.0,1.0,1.0,22335.643,0.0,121173.58
0,31.0,9.0,0.0,0.0,1.0,1.0,22531.568,21483.871,0.0
0,28.0,9.0,0.0,0.0,1.0,1.0,22727.494,20767.742,22904.762
0,49.0,10.0,0.0,0.0,1.0,1.0,22727.494,23095.16,24086.943
0,48.0,10.0,0.0,0.0,1.0,1.0,22727.494,26854.84,27042.396
0,49.0,9.0,0.0,0.0,1.0,1.0,22727.494,30435.484,29554.531
0,49.0,4.0,1.0,0.0,1.0,1.0,22968.484,28645.16,22165.898
0,32.0,10.0,0.0,0.0,1.0,1.0,23025.303,21483.871,33987.71
0,30.0,11.0,0.0,0.0,1.0,1.0,23119.348,20051.613,22018.127
0,47.0,10.0,0.0,0.0,1.0,1.0,23236.904,17903.227,35364.953
0,31.0,10.0,0.0,0.0,1.0,1.0,23315.275,2467.0645,15220.584
0,48.0,10.0,0.0,0.0,1.0,1.0,23511.201,2864.516,0.0
0,28.0,11.0,0.0,0.0,1.0,1.0,23511.201,5370.968,21796.467
0,33.0,10.0,1.0,0.0,1.0,1.0,23511.201,12532.258,18471.582
0,52.0,8.0,1.0,0.0,0.0,1.0,23511.201,15217.742,7093.0874
0,53.0,5.0,0.0,0.0,1.0,1.0,23511.201,17903.227,20215.3
0,42.0,6.0,0.0,0.0,1.0,1.0,23511.201,17903.227,23643.625
0,42.0,6.0,0.0,0.0,1.0,1.0,23511.201,17903.227,23643.625
0,42.0,6.0,0.0,0.0,1.0,1.0,23511.201,17903.227,23643.625
0,42.0,8.0,0.0,0.0,1.0,1.0,23511.201,18798.387,26569.523
0,30.0,9.0,0.0,0.0,1.0,1.0,23511.201,19441.113,26599.078
0,36.0,7.0,1.0,0.0,1.0,1.0,23511.201,21483.871,13299.539
0,54.0,8.0,0.0,0.0,1.0,1.0,23511.201,21483.871,19210.445
0,42.0,9.0,0.0,0.0,1.0,1.0,23511.201,21841.936,26303.533
0,51.0,8.0,1.0,0.0,1.0,1.0,23511.201,23274.193,23643.625
0,24.0,10.0,0.0,0.0,1.0,1.0,23511.201,25062.727,29678.66
0,23.0,10.0,0.0,0.0,1.0,1.0,23511.201,25064.516,25121.352
0,50.0,8.0,0.0,0.0,1.0,1.0,23511.201,25243.549,26155.76
0,51.0,11.0,0.0,0.0,1.0,1.0,23511.201,25780.645,27190.17
0,51.0,8.0,0.0,0.0,1.0,1.0,23511.201,26407.258,22165.898
0,51.0,8.0,0.0,0.0,1.0,1.0,23511.201,27019.549,27337.941
0,30.0,10.0,0.0,0.0,1.0,1.0,23511.201,28645.16,28047.25
0,52.0,11.0,0.0,0.0,1.0,1.0,23568.02,0.0,0.0
0,50.0,8.0,1.0,0.0,1.0,1.0,23707.129,28913.71,31032.258
0,29.0,10.0,0.0,0.0,1.0,1.0,23711.047,26854.84,13299.539
0,48.0,9.0,0.0,0.0,1.0,1.0,23859.951,25064.516,26968.51
0,30.0,9.0,0.0,0.0,1.0,1.0,23903.055,23900.807,23791.398
0,37.0,8.0,0.0,0.0,1.0,1.0,24098.982,22823.031,23145.63
0,28.0,11.0,0.0,0.0,1.0,1.0,24098.982,24169.355,35465.438
0,44.0,11.0,1.0,0.0,1.0,1.0,24294.908,35806.453,29554.531
0,44.0,11.0,1.0,0.0,1.0,1.0,24294.908,35806.453,29554.531
0,54.0,3.0,0.0,0.0,1.0,1.0,24530.02,19514.516,30549.041
0,52.0,9.0,0.0,0.0,1.0,1.0,24627.984,25064.516,19210.445
0,35.0,9.0,1.0,0.0,1.0,1.0,24686.762,16829.031,20392.627
0,32.0,10.0,0.0,0.0,1.0,1.0,24686.762,27033.871,22904.762
0,47.0,7.0,0.0,0.0,1.0,1.0,24784.725,23811.29,25860.215
0,30.0,11.0,0.0,0.0,1.0,1.0,24882.688,26854.84,33248.848
0,49.0,6.0,0.0,0.0,1.0,1.0,25274.543,21841.936,29111.215
0,48.0,8.0,0.0,0.0,1.0,1.0,25470.469,0.0,13299.539
0,32.0,9.0,0.0,0.0,1.0,1.0,25470.469,1432.258,24803.64
0,44.0,6.0,0.0,0.0,1.0,1.0,25470.469,7619.613,11821.813
0,48.0,8.0,0.0,1.0,1.0,1.0,25470.469,16112.903,23643.625
0,52.0,7.0,1.0,0.0,0.0,1.0,25470.469,17903.227,25121.352
0,49.0,11.0,0.0,0.0,1.0,1.0,25470.469,19693.549,481.73886
0,38.0,9.0,0.0,0.0,1.0,1.0,25470.469,21483.871,47287.25
0,46.0,8.0,1.0,0.0,1.0,1.0,25470.469,21483.871,11390.316
0,40.0,8.0,0.0,0.0,1.0,1.0,25470.469,21483.871,16254.992
0,44.0,3.0,1.0,0.0,1.0,1.0,25470.469,21483.871,26599.078
0,40.0,10.0,1.0,0.0,0.0,1.0,25470.469,23274.193,20688.172
0,26.0,8.0,1.0,0.0,1.0,1.0,25470.469,23274.193,23643.625
0,49.0,11.0,0.0,0.0,1.0,1.0,25470.469,25064.516,25121.352
0,51.0,11.0,0.0,0.0,1.0,1.0,25470.469,25064.516,26599.078
0,44.0,8.0,0.0,0.0,1.0,1.0,25470.469,26854.84,25860.215
0,47.0,8.0,0.0,0.0,1.0,1.0,25707.54,25064.516,19062.674
0,49.0,8.0,0.0,0.0,1.0,1.0,25862.322,22916.129,16254.992
0,40.0,8.0,0.0,0.0,1.0,1.0,25862.322,26138.71,26155.76
0,48.0,10.0,0.0,0.0,0.0,1.0,26058.248,26854.84,33043.445
0,35.0,9.0,1.0,0.0,1.0,1.0,26134.66,24169.355,26599.078
0,44.0,6.0,0.0,1.0,1.0,1.0,26450.102,3580.6453,0.0
0,42.0,11.0,0.0,0.0,1.0,1.0,26450.102,22379.031,23327.393
0,31.0,8.0,0.0,0.0,1.0,1.0,26450.102,32225.807,26953.732
0,46.0,11.0,0.0,0.0,1.0,1.0,26841.955,29361.29,36943.164
0,51.0,10.0,1.0,0.0,1.0,1.0,27037.883,21483.871,26894.623
0,50.0,8.0,0.0,0.0,0.0,1.0,27084.904,21125.807,26599.078
0,46.0,11.0,0.0,0.0,1.0,1.0,27429.734,9846.774,16993.855
0,51.0,10.0,1.0,0.0,1.0,1.0,27429.734,25064.516,24382.488
0,41.0,7.0,1.0,0.0,1.0,1.0,27429.734,26708.031,14777.266
0,39.0,8.0,1.0,0.0,1.0,1.0,27429.734,26854.84,28076.805
0,48.0,10.0,1.0,0.0,1.0,1.0,27429.734,30435.484,29554.531
0,48.0,10.0,1.0,0.0,1.0,1.0,27429.734,30435.484,29554.531
0,50.0,10.0,0.0,0.0,1.0,1.0,27429.734,32225.807,33987.71
0,49.0,6.0,1.0,0.0,1.0,1.0,27429.734,34016.13,32509.984
0,49.0,8.0,0.0,0.0,1.0,1.0,27482.635,25064.516,27337.941
0,47.0,7.0,0.0,0.0,1.0,1.0,27821.59,27929.031,28925.02
0,42.0,9.0,0.0,0.0,1.0,1.0,28017.516,23453.227,26377.42
0,42.0,9.0,0.0,0.0,1.0,1.0,28017.516,23453.227,26377.42
0,45.0,10.0,0.0,0.0,1.0,1.0,28017.516,32225.807,36943.164
0,55.0,10.0,0.0,0.0,1.0,1.0,28330.998,28602.193,28815.668
0,40.0,11.0,0.0,0.0,1.0,1.0,28409.37,12532.258,13299.539
0,48.0,8.0,0.0,0.0,1.0,1.0,28409.37,26317.742,28076.805
0,36.0,10.0,0.0,1.0,1.0,1.0,28409.37,28645.16,39159.754
0,46.0,9.0,1.0,0.0,1.0,1.0,28605.295,32225.807,41376.344
0,46.0,10.0,0.0,0.0,1.0,1.0,28765.955,19514.516,25676.977
0,45.0,9.0,1.0,0.0,1.0,1.0,28863.92,26854.84,36943.164
0,49.0,7.0,0.0,0.0,1.0,1.0,29247.936,20767.742,21341.326
0,37.0,10.0,0.0,0.0,1.0,1.0,29369.408,27750.0,39898.617
0,48.0,9.0,0.0,0.0,1.0,1.0,29389.002,19693.549,23052.535
0,37.0,11.0,1.0,0.0,1.0,1.0,29389.002,21483.871,13063.103
0,28.0,10.0,0.0,0.0,1.0,1.0,29389.002,23274.193,22904.762
0,36.0,11.0,1.0,0.0,0.0,1.0,29389.002,25982.951,45809.523
0,40.0,11.0,0.0,0.0,1.0,1.0,29389.002,26407.258,31032.258
0,44.0,10.0,0.0,0.0,1.0,1.0,29389.002,26854.84,23643.625
0,47.0,10.0,1.0,0.0,1.0,1.0,29389.002,26854.84,0.0
0,47.0,10.0,1.0,0.0,1.0,1.0,29389.002,26854.84,0.0
0,30.0,11.0,0.0,1.0,1.0,1.0,29389.002,26854.84,36943.164
0,33.0,10.0,0.0,0.0,1.0,1.0,29389.002,28645.16,36499.848
0,48.0,9.0,0.0,0.0,1.0,1.0,29389.002,32225.807,31032.258
0,19.0,11.0,1.0,0.0,0.0,1.0,29725.996,8806.597,9457.45
0,38.0,9.0,0.0,0.0,1.0,1.0,29976.781,25064.516,47287.25
0,42.0,9.0,0.0,0.0,0.0,1.0,30368.635,19693.549,35465.438
0,32.0,10.0,1.0,0.0,1.0,1.0,30930.945,35806.453,38125.348
0,55.0,11.0,0.0,0.0,1.0,1.0,31048.502,31053.145,28076.805
0,37.0,11.0,0.0,0.0,1.0,1.0,31250.305,26854.84,36943.164
0,21.0,10.0,0.0,0.0,1.0,1.0,31348.27,10741.935,44331.797
0,51.0,11.0,1.0,0.0,1.0,1.0,31348.27,21483.871,26007.988
0,42.0,6.0,1.0,0.0,1.0,1.0,31348.27,28645.16,20688.172
0,42.0,5.0,1.0,0.0,1.0,1.0,31348.27,32225.807,23643.625
0,52.0,11.0,0.0,0.0,1.0,1.0,31348.27,33120.97,28076.805
0,45.0,5.0,0.0,0.0,1.0,1.0,31348.27,37596.773,31477.055
0,49.0,8.0,0.0,0.0,1.0,1.0,31348.27,37596.773,38420.89
0,48.0,8.0,0.0,0.0,1.0,1.0,31510.889,35795.71,28076.805
0,48.0,8.0,0.0,0.0,1.0,1.0,31510.889,35795.71,28076.805
0,55.0,7.0,1.0,0.0,1.0,1.0,32504.236,26854.84,31918.895
0,55.0,7.0,1.0,0.0,1.0,1.0,32504.236,26854.84,31918.895
0,47.0,11.0,0.0,0.0,1.0,1.0,32719.756,30435.484,36943.164
0,51.0,8.0,0.0,0.0,1.0,1.0,33111.61,27750.0,32362.213
0,54.0,11.0,0.0,0.0,1.0,1.0,33158.633,32225.807,36943.164
0,42.0,9.0,0.0,0.0,1.0,1.0,33221.33,32225.807,33987.71
0,42.0,9.0,0.0,0.0,1.0,1.0,33221.33,32225.807,33987.71
0,51.0,8.0,1.0,0.0,1.0,1.0,33299.7,25064.516,25121.352
0,55.0,2.0,1.0,0.0,1.0,1.0,33307.535,20946.773,28076.805
0,32.0,10.0,0.0,0.0,1.0,1.0,33307.535,25064.516,29554.531
0,38.0,8.0,0.0,0.0,1.0,1.0,33307.535,35448.387,33987.71
0,42.0,11.0,0.0,0.0,1.0,1.0,33307.535,44758.066,54675.883
0,49.0,8.0,0.0,0.0,1.0,1.0,33699.39,28645.16,2955.4531
0,35.0,7.0,0.0,0.0,1.0,1.0,34091.242,28287.098,25121.352
0,46.0,11.0,0.0,0.0,1.0,1.0,34287.168,30077.42,39898.617
0,46.0,11.0,0.0,0.0,1.0,1.0,34287.168,30077.42,39898.617
0,31.0,11.0,0.0,0.0,1.0,1.0,34483.098,35806.453,36943.164
0,52.0,10.0,0.0,0.0,1.0,1.0,35266.8,17187.098,39159.754
0,51.0,8.0,1.0,0.0,1.0,1.0,35266.8,25064.516,1182.1813
0,51.0,9.0,0.0,0.0,0.0,1.0,35266.8,32225.807,39898.617
0,52.0,8.0,1.0,0.0,1.0,1.0,35266.8,33120.97,44147.082
0,49.0,6.0,0.0,0.0,1.0,1.0,35266.8,33120.97,26894.623
0,48.0,10.0,0.0,0.0,1.0,1.0,35266.8,34911.29,38568.664
0,31.0,10.0,0.0,0.0,1.0,1.0,35266.8,35806.453,44331.797
0,42.0,11.0,0.0,0.0,1.0,1.0,35266.8,44758.066,38420.89
0,50.0,11.0,0.0,0.0,1.0,1.0,36205.29,38563.547,31032.258
0,50.0,11.0,0.0,0.0,1.0,1.0,36205.29,38563.547,31032.258
0,37.0,10.0,0.0,0.0,1.0,1.0,36246.438,17545.16,17732.719
0,37.0,10.0,0.0,0.0,1.0,1.0,36246.438,17545.16,17732.719
0,55.0,11.0,0.0,0.0,1.0,1.0,36638.29,37417.742,32177.496
0,50.0,11.0,0.0,0.0,1.0,1.0,36677.477,46548.387,47287.25
0,41.0,8.0,1.0,0.0,1.0,1.0,36691.188,32888.227,42262.98
0,49.0,8.0,0.0,0.0,1.0,1.0,37226.07,14322.581,23643.625
0,48.0,8.0,1.0,0.0,1.0,1.0,37226.07,26854.84,30569.73
0,48.0,8.0,1.0,0.0,1.0,1.0,37226.07,26854.84,30569.73
0,48.0,6.0,0.0,1.0,1.0,1.0,38670.05,42967.742,36943.164
0,48.0,6.0,0.0,1.0,1.0,1.0,38670.05,42967.742,36943.164
0,46.0,11.0,0.0,0.0,1.0,1.0,39185.336,39387.098,35465.438
0,29.0,10.0,0.0,0.0,1.0,1.0,41144.6,8951.613,31032.258
0,55.0,8.0,0.0,0.0,1.0,1.0,43025.5,37972.742,51580.047
0,32.0,10.0,0.0,0.0,1.0,1.0,43103.87,39387.098,36943.164
0,47.0,8.0,0.0,0.0,1.0,1.0,44667.363,33837.098,38568.664
0,32.0,8.0,0.0,0.0,1.0,1.0,47022.402,67137.09,59109.062
0,47.0,10.0,0.0,0.0,1.0,1.0,48197.965,47968.113,55710.293
0,54.0,0.0,0.0,1.0,1.0,1.0,49228.54,44220.97,20540.398
0,40.0,8.0,0.0,0.0,1.0,1.0,50940.938,55500.0,53198.156
