domain,step,X0,X1,X2,C4,C5
0,1,-1.183749,-0.638266,-1.101690,0.333476,0.258248
0,2,-0.167744,-0.220510,1.064795,0.584014,0.258248
0,3,1.065592,-1.382111,0.679437,-1.388291,0.258248
0,4,-2.296414,-1.870089,1.209258,0.810000,0.258248
0,5,-0.299562,0.222990,-0.816356,0.151594,0.258248
0,6,-1.442895,1.372082,-0.023128,1.022595,0.258248
0,7,0.466800,2.488384,0.497716,-0.117351,0.258248
0,8,-1.305840,2.797498,0.334056,-0.490622,0.258248
0,9,0.382630,0.973109,-0.456174,-1.258330,0.258248
0,10,0.505744,-0.228185,-1.943174,2.127403,0.258248
0,11,2.653328,1.356279,0.466648,-1.508148,0.258248
0,12,-1.030392,1.015932,-3.008326,0.027584,0.258248
0,13,1.565852,-0.290354,-3.824863,2.576277,0.258248
0,14,0.755452,-0.335365,-0.602161,1.661878,0.258248
0,15,0.445661,-2.070974,0.697580,0.861817,0.258248
0,16,0.446679,-1.867141,1.649990,-0.249913,0.258248
0,17,0.323748,0.476043,0.478671,-0.865165,0.258248
0,18,-2.485085,-1.767172,3.616618,-0.656006,0.258248
0,19,-0.014042,-0.535179,-0.066989,-0.818622,0.258248
0,20,-0.988641,-0.621674,-0.505538,-0.776433,0.258248
0,21,-2.439959,-1.749417,0.650997,-1.476558,0.258248
0,22,-1.264050,-1.959311,0.927101,0.119911,0.258248
0,23,0.345279,-0.646778,3.895655,1.290288,0.258248
0,24,-0.665281,1.194654,2.827562,-1.499601,0.258248
0,25,-1.281039,0.350225,-0.377124,1.387766,0.258248
0,26,-0.202502,0.853999,0.582414,-0.870553,0.258248
0,27,0.058047,0.878226,-1.079600,1.183559,0.258248
0,28,2.846016,2.954850,1.321988,-0.963356,0.258248
0,29,0.999261,0.795452,-0.125353,-2.362001,0.258248
0,30,-2.564367,0.544567,-1.745289,-0.083053,0.258248
0,31,-0.457175,-0.406428,-0.277228,-0.797793,0.258248
0,32,-0.855927,-0.269459,-1.803684,-0.133292,0.258248
0,33,-0.048123,1.258931,-0.892118,-1.452881,0.258248
0,34,-2.736084,0.308033,-0.163471,-0.741061,0.258248
0,35,-1.260417,1.137060,0.250785,-0.085386,0.258248
0,36,-1.548571,0.695323,-0.440111,-0.971242,0.258248
0,37,-2.827867,-0.142790,-0.680337,-1.679783,0.258248
0,38,-1.304557,-0.042185,-2.034490,-0.251268,0.258248
0,39,0.262043,0.375844,-1.520824,-0.938624,0.258248
0,40,-1.256564,0.325325,-0.667020,-0.426238,0.258248
0,41,0.374140,-0.591841,-0.229932,-1.653327,0.258248
0,42,-0.894531,-0.987328,-1.325843,-1.131426,0.258248
0,43,-2.029434,-0.875673,-0.715837,0.267305,0.258248
0,44,-1.018524,-1.452956,0.673887,-0.393017,0.258248
0,45,1.228445,1.067351,-0.981585,-0.969103,0.258248
0,46,-0.697930,0.050221,0.075604,0.293502,0.258248
0,47,-1.861690,2.157547,-0.952487,-0.811243,0.258248
0,48,-2.331011,0.826618,-1.293651,0.202921,0.258248
0,49,0.518717,-0.678455,-0.642191,0.258902,0.258248
0,50,-0.263001,-0.477106,-1.184938,-1.472471,0.258248
0,51,-0.025236,-0.141858,0.548824,1.790436,0.258248
0,52,-0.935208,-0.659866,0.023109,0.964774,0.258248
0,53,-1.120044,-0.581482,0.193230,-0.688679,0.258248
0,54,-1.791042,-0.373500,-0.141707,-1.781330,0.258248
0,55,-3.326310,-1.234452,-0.171681,1.064047,0.258248
0,56,1.336996,-1.784299,-1.255935,0.011075,0.258248
0,57,0.751274,-1.185524,0.180997,-0.593595,0.258248
0,58,-0.988283,0.212759,-1.055758,2.099771,0.258248
0,59,1.213931,0.741978,1.319740,-1.041247,0.258248
0,60,-1.314733,-1.376384,-0.096445,-1.356237,0.258248
0,61,-1.403521,-1.536428,-1.141269,-1.783144,0.258248
0,62,-1.836549,-0.585221,-0.202022,-0.658667,0.258248
0,63,-2.189261,-2.421599,0.554293,-0.547018,0.258248
0,64,-2.636849,0.314530,1.514144,0.952282,0.258248
0,65,1.866856,1.523390,4.057419,-1.391703,0.258248
0,66,-0.919905,2.586695,1.239895,-1.177549,0.258248
0,67,-0.399819,-0.626489,-0.700240,-0.188598,0.258248
0,68,-1.492752,-1.590774,-0.031973,-0.368680,0.258248
0,69,-0.181514,-1.827139,1.481527,-0.514239,0.258248
0,70,-1.292284,-2.407996,0.498811,1.108962,0.258248
0,71,0.100178,-0.755434,0.305353,-0.270160,0.258248
0,72,0.466943,-0.589982,0.482454,0.059675,0.258248
0,73,0.528851,0.144276,1.334664,-0.407164,0.258248
0,74,0.221231,-0.541384,0.161171,0.011382,0.258248
0,75,0.213148,0.311327,-0.634065,-1.334316,0.258248
0,76,-1.289150,-0.142087,-1.576971,0.927866,0.258248
0,77,1.173758,0.295263,-0.471669,-0.259752,0.258248
0,78,0.666391,-0.295037,-0.101379,-0.021734,0.258248
0,79,0.951726,0.752758,-0.989110,-1.560625,0.258248
0,80,0.528629,0.473047,0.613053,-2.440078,0.258248
0,81,-0.759402,-1.182228,-1.636901,0.181691,0.258248
0,82,-1.132100,-0.452412,0.555473,-1.290138,0.258248
0,83,-0.936679,-0.981512,-1.967870,-0.452740,0.258248
0,84,-1.760925,-2.010951,0.639456,0.667909,0.258248
0,85,0.295616,0.549775,1.996799,0.818869,0.258248
0,86,0.477544,-1.501195,1.284374,0.574328,0.258248
0,87,-1.298063,-1.491017,1.539827,2.284037,0.258248
0,88,0.836322,-1.632931,3.998274,-0.696949,0.258248
0,89,1.175531,0.113259,1.550819,0.026799,0.258248
0,90,-0.274683,-0.618878,1.764546,-1.153732,0.258248
0,91,0.013631,1.051386,0.445974,0.443082,0.258248
0,92,2.355936,1.758062,2.283574,0.547716,0.258248
0,93,1.711962,0.704707,0.989811,1.199799,0.258248
0,94,0.897123,2.078986,0.942328,1.982064,0.258248
0,95,2.062341,1.090791,0.446913,1.071101,0.258248
0,96,1.157688,0.613594,-1.519738,0.173541,0.258248
0,97,-0.850382,-0.531278,-1.450431,0.869514,0.258248
0,98,0.505114,-0.876351,-0.747930,1.292221,0.258248
0,99,1.007865,0.454061,-0.797436,-1.122948,0.258248
0,100,0.184400,-0.154224,-2.030103,-0.934962,0.258248
1,1,1.821260,0.447422,-0.548212,0.333476,-0.559989
1,2,-0.441379,0.329283,-1.953255,0.584014,-0.559989
1,3,0.248769,2.013679,-0.131290,-1.388291,-0.559989
1,4,0.219763,-0.761699,1.183280,0.810000,-0.559989
1,5,0.026006,-0.093493,-2.035212,0.151594,-0.559989
1,6,-0.244407,-0.111949,-1.150700,1.022595,-0.559989
1,7,-0.207174,-1.441487,0.346881,-0.117351,-0.559989
1,8,-0.789499,0.335394,1.567734,-0.490622,-0.559989
1,9,-1.989110,-0.186262,-0.223201,-1.258330,-0.559989
1,10,-1.043406,2.772385,-1.517644,2.127403,-0.559989
1,11,0.848301,0.701355,0.424785,-1.508148,-0.559989
1,12,-0.362593,0.015235,-1.349881,0.027584,-0.559989
1,13,0.692730,-0.109353,-1.084342,2.576277,-0.559989
1,14,1.200826,-0.868863,0.616325,1.661878,-0.559989
1,15,1.067001,-0.275361,1.501097,0.861817,-0.559989
1,16,0.106849,-2.834585,0.439555,-0.249913,-0.559989
1,17,-1.104607,-0.696466,-0.544157,-0.865165,-0.559989
1,18,-2.375502,-0.165134,2.263413,-0.656006,-0.559989
1,19,-1.394946,0.152948,-0.903671,-0.818622,-0.559989
1,20,-0.610562,-0.622083,-1.716060,-0.776433,-0.559989
1,21,1.550624,-1.465943,-2.035217,-1.476558,-0.559989
1,22,-1.156885,-0.807907,0.469366,0.119911,-0.559989
1,23,-1.232654,-0.112218,2.694480,1.290288,-0.559989
1,24,-1.444892,-0.960058,0.688111,-1.499601,-0.559989
1,25,-2.783674,-0.628888,-1.468127,1.387766,-0.559989
1,26,0.413896,-1.262639,-0.582011,-0.870553,-0.559989
1,27,1.941538,-0.578942,0.311676,1.183559,-0.559989
1,28,1.918735,-0.163472,0.106856,-0.963356,-0.559989
1,29,1.390404,0.076367,-0.371088,-2.362001,-0.559989
1,30,-1.348728,1.588415,-0.283156,-0.083053,-0.559989
1,31,1.089707,0.607097,-0.425736,-0.797793,-0.559989
1,32,-0.044013,1.930809,-1.654822,-0.133292,-0.559989
1,33,-0.435656,-0.400810,-1.111069,-1.452881,-0.559989
1,34,-1.495091,-0.148264,-4.443609,-0.741061,-0.559989
1,35,1.032650,-0.934320,-2.155285,-0.085386,-0.559989
1,36,0.708768,-1.756148,-0.394438,-0.971242,-0.559989
1,37,-0.734981,-0.507065,-2.437577,-1.679783,-0.559989
1,38,-2.506844,-1.286200,-1.363424,-0.251268,-0.559989
1,39,-0.411179,-0.596303,-0.872698,-0.938624,-0.559989
1,40,-2.116077,0.420550,0.135464,-0.426238,-0.559989
1,41,-0.686800,-0.480076,0.927515,-1.653327,-0.559989
1,42,0.069121,0.360552,-1.827226,-1.131426,-0.559989
1,43,-0.530644,-0.272456,-0.792826,0.267305,-0.559989
1,44,0.202347,-2.509572,-1.368203,-0.393017,-0.559989
1,45,-0.027753,-1.381171,-1.233929,-0.969103,-0.559989
1,46,-3.689309,-1.370638,0.771783,0.293502,-0.559989
1,47,-1.230908,-1.745749,0.319396,-0.811243,-0.559989
1,48,-1.846028,-1.348119,-0.398663,0.202921,-0.559989
1,49,-0.574938,-0.896377,2.140620,0.258902,-0.559989
1,50,0.232328,-1.923802,0.976738,-1.472471,-0.559989
1,51,0.745276,-0.800774,0.782833,1.790436,-0.559989
1,52,-0.929584,-1.446195,2.200287,0.964774,-0.559989
1,53,-0.092462,0.932904,1.153605,-0.688679,-0.559989
1,54,0.265049,1.811384,0.108786,-1.781330,-0.559989
1,55,-3.228497,-0.316209,-2.244488,1.064047,-0.559989
1,56,-2.549387,0.902685,-1.443446,0.011075,-0.559989
1,57,0.024406,0.443568,-1.119540,-0.593595,-0.559989
1,58,-1.562371,-2.222810,0.026089,2.099771,-0.559989
1,59,0.238658,-1.047076,-0.486316,-1.041247,-0.559989
1,60,-2.903252,-2.076040,0.904828,-1.356237,-0.559989
1,61,-3.866703,-1.137651,0.121397,-1.783144,-0.559989
1,62,-2.897991,-1.413219,0.624626,-0.658667,-0.559989
1,63,-1.181029,-1.156864,-0.039510,-0.547018,-0.559989
1,64,-0.385951,-0.238113,0.150535,0.952282,-0.559989
1,65,3.075227,0.165563,1.929467,-1.391703,-0.559989
1,66,-0.533056,-1.721564,-0.444664,-1.177549,-0.559989
1,67,-1.965106,-1.092599,-0.042630,-0.188598,-0.559989
1,68,-0.197541,-1.368720,0.139829,-0.368680,-0.559989
1,69,0.372307,0.064041,0.426407,-0.514239,-0.559989
1,70,-2.345538,-2.186074,0.214854,1.108962,-0.559989
1,71,0.579118,-2.086428,-0.237831,-0.270160,-0.559989
1,72,-2.041264,-1.438083,1.320072,0.059675,-0.559989
1,73,-0.893856,-0.821043,0.534894,-0.407164,-0.559989
1,74,-0.667950,0.931683,0.532269,0.011382,-0.559989
1,75,0.866497,0.696863,-0.857651,-1.334316,-0.559989
1,76,0.167244,0.307559,-1.661157,0.927866,-0.559989
1,77,2.471695,-0.641127,-2.676854,-0.259752,-0.559989
1,78,-1.203821,-0.053959,-1.038634,-0.021734,-0.559989
1,79,-0.748410,-2.231242,-0.971060,-1.560625,-0.559989
1,80,-1.410167,0.806425,-0.652495,-2.440078,-0.559989
1,81,-3.926095,2.318005,-0.030665,0.181691,-0.559989
1,82,-0.930708,-0.559106,0.649776,-1.290138,-0.559989
1,83,-2.890594,-1.776122,-4.080754,-0.452740,-0.559989
1,84,-0.516615,-1.766691,-1.550597,0.667909,-0.559989
1,85,-0.742183,1.395487,-0.137612,0.818869,-0.559989
1,86,2.390987,1.118279,1.477014,0.574328,-0.559989
1,87,0.046828,-0.780083,-0.843601,2.284037,-0.559989
1,88,2.982620,-1.254314,-0.749877,-0.696949,-0.559989
1,89,2.016077,0.131319,-0.217291,0.026799,-0.559989
1,90,0.786292,-0.998123,1.598410,-1.153732,-0.559989
1,91,-1.255564,0.320128,0.587316,0.443082,-0.559989
1,92,1.191864,-0.389112,0.645520,0.547716,-0.559989
1,93,-0.069339,-0.869932,2.154138,1.199799,-0.559989
1,94,2.646846,-0.301581,1.148056,1.982064,-0.559989
1,95,1.690946,0.164436,3.709004,1.071101,-0.559989
1,96,-0.481912,0.441781,1.045689,0.173541,-0.559989
1,97,3.101760,0.416812,0.238737,0.869514,-0.559989
1,98,1.557951,-1.064607,-0.526387,1.292221,-0.559989
1,99,2.360823,0.027560,-1.177216,-1.122948,-0.559989
1,100,-1.627833,1.623428,-0.561113,-0.934962,-0.559989
2,1,0.011127,1.387245,0.363679,0.333476,0.182544
2,2,0.160277,0.728046,0.865345,0.584014,0.182544
2,3,1.599478,-0.009523,-0.211007,-1.388291,0.182544
2,4,-0.754306,1.085827,-1.987009,0.810000,0.182544
2,5,-2.887455,0.866566,1.216313,0.151594,0.182544
2,6,-0.443539,0.127338,-0.333316,1.022595,0.182544
2,7,1.367682,-0.838493,-0.493810,-0.117351,0.182544
2,8,1.066229,-0.524592,1.553632,-0.490622,0.182544
2,9,0.256008,-0.576950,0.065756,-1.258330,0.182544
2,10,-1.572382,0.479670,0.338738,2.127403,0.182544
2,11,2.114661,-1.611440,2.565290,-1.508148,0.182544
2,12,0.014986,-0.817311,1.712035,0.027584,0.182544
2,13,-0.837059,0.161135,0.268395,2.576277,0.182544
2,14,1.022381,0.113228,-0.019044,1.661878,0.182544
2,15,1.721972,-0.612516,2.141952,0.861817,0.182544
2,16,0.159335,0.153945,1.949723,-0.249913,0.182544
2,17,-0.125136,0.536551,1.333341,-0.865165,0.182544
2,18,-1.738566,1.304595,0.387293,-0.656006,0.182544
2,19,-0.340643,-0.343898,1.174353,-0.818622,0.182544
2,20,-2.071343,-1.550118,-1.166344,-0.776433,0.182544
2,21,-2.142558,-2.638351,0.710716,-1.476558,0.182544
2,22,0.278625,-0.750336,-0.839809,0.119911,0.182544
2,23,0.500327,0.614385,1.444809,1.290288,0.182544
2,24,-0.043227,-0.513122,2.309422,-1.499601,0.182544
2,25,-3.191051,-2.123593,-0.135291,1.387766,0.182544
2,26,-0.587776,-1.706292,1.230834,-0.870553,0.182544
2,27,-0.741594,-0.151570,3.704018,1.183559,0.182544
2,28,-0.741365,-0.096062,1.784368,-0.963356,0.182544
2,29,0.408165,-2.132834,0.426932,-2.362001,0.182544
2,30,-1.757040,-0.716331,-1.422217,-0.083053,0.182544
2,31,-0.201083,-1.658707,0.195750,-0.797793,0.182544
2,32,0.308410,-0.095264,-0.498598,-0.133292,0.182544
2,33,-0.780626,0.167208,1.205473,-1.452881,0.182544
2,34,-2.088070,-0.817473,-1.713693,-0.741061,0.182544
2,35,-2.389554,-0.370680,-2.656696,-0.085386,0.182544
2,36,-1.817213,1.811379,-1.121785,-0.971242,0.182544
2,37,-1.056312,2.205441,-1.151249,-1.679783,0.182544
2,38,-1.922454,0.735957,-1.496492,-0.251268,0.182544
2,39,-0.447854,2.851058,-1.200001,-0.938624,0.182544
2,40,-2.725886,1.795610,-2.110004,-0.426238,0.182544
2,41,0.590173,0.137273,-0.528082,-1.653327,0.182544
2,42,-0.575030,0.853986,-2.929579,-1.131426,0.182544
2,43,0.613629,-1.222508,-2.460332,0.267305,0.182544
2,44,0.705718,2.017670,-1.126668,-0.393017,0.182544
2,45,1.292595,2.226908,-0.216663,-0.969103,0.182544
2,46,0.174329,-0.320795,-1.370829,0.293502,0.182544
2,47,-1.758756,0.001796,-2.162201,-0.811243,0.182544
2,48,-3.374530,-1.101593,-1.679818,0.202921,0.182544
2,49,0.291702,0.466054,-2.337376,0.258902,0.182544
2,50,0.026905,-1.283013,1.444209,-1.472471,0.182544
2,51,-1.493007,0.987193,-0.786347,1.790436,0.182544
2,52,-0.682375,0.958148,0.008794,0.964774,0.182544
2,53,0.767270,0.184671,0.749021,-0.688679,0.182544
2,54,-1.164469,-0.266522,-0.273591,-1.781330,0.182544
2,55,-2.249238,-1.241540,-0.047162,1.064047,0.182544
2,56,0.442621,-0.088509,1.051558,0.011075,0.182544
2,57,-0.822509,-2.525905,-0.434219,-0.593595,0.182544
2,58,-0.043929,-1.183495,-1.228717,2.099771,0.182544
2,59,2.042927,-1.835856,1.004686,-1.041247,0.182544
2,60,-0.570960,-1.564813,1.113854,-1.356237,0.182544
2,61,-1.593793,-0.837310,1.652216,-1.783144,0.182544
2,62,-2.221991,-1.210803,-0.376809,-0.658667,0.182544
2,63,-1.200324,-1.302103,-2.689469,-0.547018,0.182544
2,64,-1.539163,-0.597558,-0.980389,0.952282,0.182544
2,65,0.010124,-1.495001,2.344029,-1.391703,0.182544
2,66,-0.484335,0.482921,0.744758,-1.177549,0.182544
2,67,0.102511,0.649196,1.050397,-0.188598,0.182544
2,68,-1.541279,0.014026,0.611762,-0.368680,0.182544
2,69,0.079782,1.675040,0.446862,-0.514239,0.182544
2,70,-2.543506,1.110851,0.235442,1.108962,0.182544
2,71,0.451793,0.595276,-0.457326,-0.270160,0.182544
2,72,0.865498,-0.604760,-0.158633,0.059675,0.182544
2,73,0.240463,-1.676731,0.778013,-0.407164,0.182544
2,74,1.631467,-1.319901,1.286189,0.011382,0.182544
2,75,1.632096,-0.705423,-0.596964,-1.334316,0.182544
2,76,0.361531,-0.006226,1.024973,0.927866,0.182544
2,77,1.334745,0.127473,0.320016,-0.259752,0.182544
2,78,-1.069175,-1.403608,1.287757,-0.021734,0.182544
2,79,-0.004982,-2.629944,1.054504,-1.560625,0.182544
2,80,0.198361,-1.066304,-0.737410,-2.440078,0.182544
2,81,-2.108775,-0.082484,-1.184448,0.181691,0.182544
2,82,-0.542913,-1.876321,-2.055761,-1.290138,0.182544
2,83,-0.044893,-1.388368,0.037727,-0.452740,0.182544
2,84,-0.711251,0.016670,-0.131057,0.667909,0.182544
2,85,0.711820,-2.195500,-0.008257,0.818869,0.182544
2,86,-0.182650,-1.796534,-0.232816,0.574328,0.182544
2,87,-2.993239,-1.968556,1.251718,2.284037,0.182544
2,88,1.933006,-2.062604,3.088752,-0.696949,0.182544
2,89,1.251673,-1.361925,1.709821,0.026799,0.182544
2,90,-0.993749,-2.766768,2.463077,-1.153732,0.182544
2,91,0.439313,-0.699523,0.426176,0.443082,0.182544
2,92,-0.048569,0.883952,1.511754,0.547716,0.182544
2,93,0.839335,1.580302,0.859835,1.199799,0.182544
2,94,0.509264,-0.242205,0.971935,1.982064,0.182544
2,95,3.011183,0.694274,1.053007,1.071101,0.182544
2,96,1.029366,-1.137071,0.574623,0.173541,0.182544
2,97,1.996307,0.295144,1.165036,0.869514,0.182544
2,98,-0.547346,-0.769234,1.550134,1.292221,0.182544
2,99,0.553242,-0.503457,1.725230,-1.122948,0.182544
2,100,-0.786376,0.188115,1.440583,-0.934962,0.182544
3,1,0.918786,-1.471159,0.382353,0.333476,-0.332673
3,2,1.293085,-1.230635,-1.061033,0.584014,-0.332673
3,3,0.752389,-1.709141,0.115392,-1.388291,-0.332673
3,4,-0.943830,-0.208478,-0.813706,0.810000,-0.332673
3,5,-0.332454,-0.507073,2.469569,0.151594,-0.332673
3,6,0.009509,-0.969194,-0.403436,1.022595,-0.332673
3,7,1.564811,-1.464813,-0.235895,-0.117351,-0.332673
3,8,-0.719429,-1.383198,0.194479,-0.490622,-0.332673
3,9,-1.007731,1.391730,0.626701,-1.258330,-0.332673
3,10,-0.846401,2.004734,-0.098889,2.127403,-0.332673
3,11,2.019194,1.152060,0.111336,-1.508148,-0.332673
3,12,-1.875492,-0.211888,-1.533570,0.027584,-0.332673
3,13,0.852642,1.514519,-0.483418,2.576277,-0.332673
3,14,2.424190,-1.342749,1.192613,1.661878,-0.332673
3,15,1.020448,-1.485622,-1.153443,0.861817,-0.332673
3,16,1.010572,-0.535151,1.078553,-0.249913,-0.332673
3,17,0.364314,-1.112748,1.407472,-0.865165,-0.332673
3,18,-0.451957,-1.602899,0.173250,-0.656006,-0.332673
3,19,-2.237585,-0.512101,-0.184503,-0.818622,-0.332673
3,20,-2.124507,1.246581,2.272050,-0.776433,-0.332673
3,21,-3.683749,1.642407,-1.507432,-1.476558,-0.332673
3,22,-1.937026,0.642758,-2.123396,0.119911,-0.332673
3,23,-0.396978,-0.378470,-1.244933,1.290288,-0.332673
3,24,0.521803,-0.351095,-1.863764,-1.499601,-0.332673
3,25,-3.344670,1.090213,-1.327955,1.387766,-0.332673
3,26,-0.132403,-0.813627,1.012328,-0.870553,-0.332673
3,27,-0.042747,-0.529421,-0.597989,1.183559,-0.332673
3,28,1.162564,1.698991,1.594256,-0.963356,-0.332673
3,29,0.337829,2.008829,-0.074908,-2.362001,-0.332673
3,30,-1.560120,0.651842,-2.692914,-0.083053,-0.332673
3,31,-2.592763,-0.550406,-2.784828,-0.797793,-0.332673
3,32,-0.377623,0.128050,-4.160120,-0.133292,-0.332673
3,33,-0.377851,-0.959801,-2.052751,-1.452881,-0.332673
3,34,-0.425082,-0.089921,-0.724186,-0.741061,-0.332673
3,35,1.128509,0.282017,-0.110045,-0.085386,-0.332673
3,36,0.266738,0.808423,-1.599549,-0.971242,-0.332673
3,37,-0.440740,-0.073836,0.339254,-1.679783,-0.332673
3,38,-1.354836,-2.840293,-2.400480,-0.251268,-0.332673
3,39,1.671027,-0.770151,-1.825674,-0.938624,-0.332673
3,40,-0.108807,0.132520,1.079253,-0.426238,-0.332673
3,41,-0.797876,1.272046,0.156799,-1.653327,-0.332673
3,42,-0.418287,1.355609,1.833341,-1.131426,-0.332673
3,43,-1.149902,-0.220532,-1.105912,0.267305,-0.332673
3,44,0.369187,-1.313963,-0.653911,-0.393017,-0.332673
3,45,0.549947,0.520521,0.441171,-0.969103,-0.332673
3,46,-0.951752,-1.207123,0.802462,0.293502,-0.332673
3,47,-2.671395,-1.011879,0.489945,-0.811243,-0.332673
3,48,-1.205774,-2.612092,0.021311,0.202921,-0.332673
3,49,0.128085,-1.243030,0.777554,0.258902,-0.332673
3,50,-0.317150,0.109575,2.555287,-1.472471,-0.332673
3,51,-0.511409,1.916679,-0.443640,1.790436,-0.332673
3,52,-0.155684,0.621150,0.178716,0.964774,-0.332673
3,53,0.975614,0.135968,-0.076464,-0.688679,-0.332673
3,54,0.019277,-0.346485,-1.821238,-1.781330,-0.332673
3,55,-1.630895,-0.987507,-3.412117,1.064047,-0.332673
3,56,-0.463043,-1.678034,0.415105,0.011075,-0.332673
3,57,0.851801,-0.450684,-0.551509,-0.593595,-0.332673
3,58,-2.510380,-2.044930,-1.649163,2.099771,-0.332673
3,59,1.478472,0.016660,2.066456,-1.041247,-0.332673
3,60,-3.508408,-2.395089,-0.080579,-1.356237,-0.332673
3,61,-3.763709,-1.182691,-2.046932,-1.783144,-0.332673
3,62,-5.058430,-0.264418,-1.663622,-0.658667,-0.332673
3,63,-2.108389,-1.921471,-1.243149,-0.547018,-0.332673
3,64,-0.325075,-0.786433,-1.673259,0.952282,-0.332673
3,65,1.930025,-1.914549,0.035081,-1.391703,-0.332673
3,66,-2.226469,-0.503952,-1.031794,-1.177549,-0.332673
3,67,-0.134161,-0.081010,0.253572,-0.188598,-0.332673
3,68,-2.323239,0.054918,1.181985,-0.368680,-0.332673
3,69,0.365969,0.242437,0.245433,-0.514239,-0.332673
3,70,-1.187752,0.367254,2.241926,1.108962,-0.332673
3,71,-0.208444,2.035902,-0.788214,-0.270160,-0.332673
3,72,-1.341306,0.445421,-1.892272,0.059675,-0.332673
3,73,0.384100,-0.336489,-1.008725,-0.407164,-0.332673
3,74,1.093776,1.796802,-0.927333,0.011382,-0.332673
3,75,1.377874,0.396142,0.459720,-1.334316,-0.332673
3,76,1.925059,2.279686,-1.736720,0.927866,-0.332673
3,77,1.266273,2.153357,-1.953934,-0.259752,-0.332673
3,78,1.160354,2.012705,-0.194037,-0.021734,-0.332673
3,79,-0.893661,1.683047,-1.598822,-1.560625,-0.332673
3,80,0.052530,-1.233828,0.057345,-2.440078,-0.332673
3,81,-2.256275,-1.565360,-2.573806,0.181691,-0.332673
3,82,-2.923060,-0.283935,-0.542551,-1.290138,-0.332673
3,83,-0.072052,1.780260,0.986677,-0.452740,-0.332673
3,84,-2.637294,0.212034,0.544064,0.667909,-0.332673
3,85,-1.093441,-0.658943,0.660527,0.818869,-0.332673
3,86,1.141112,-1.465276,-0.115857,0.574328,-0.332673
3,87,-2.218034,-3.382278,0.487830,2.284037,-0.332673
3,88,0.618987,-3.036783,1.547671,-0.696949,-0.332673
3,89,-0.312323,-0.811450,1.660729,0.026799,-0.332673
3,90,0.702491,-1.842071,-0.020792,-1.153732,-0.332673
3,91,-0.169805,0.347936,-1.045228,0.443082,-0.332673
3,92,1.296716,0.880908,-0.072355,0.547716,-0.332673
3,93,1.760158,0.538190,0.107000,1.199799,-0.332673
3,94,2.808939,-0.174775,-0.033397,1.982064,-0.332673
3,95,4.461072,0.700521,1.796799,1.071101,-0.332673
3,96,1.715457,-0.567075,0.431103,0.173541,-0.332673
3,97,1.076594,-0.213985,1.842876,0.869514,-0.332673
3,98,1.153474,-0.220383,1.336885,1.292221,-0.332673
3,99,0.116452,-0.073942,1.665215,-1.122948,-0.332673
3,100,0.713649,-0.247323,-0.897544,-0.934962,-0.332673
4,1,0.011712,0.183400,2.241345,0.333476,0.239401
4,2,-0.840085,0.085239,0.343484,0.584014,0.239401
4,3,0.687861,0.913126,-0.014905,-1.388291,0.239401
4,4,1.861491,-1.131377,-0.146640,0.810000,0.239401
4,5,2.498708,-1.350098,0.896256,0.151594,0.239401
4,6,2.414055,-2.318699,1.989362,1.022595,0.239401
4,7,2.607418,-1.421468,2.164414,-0.117351,0.239401
4,8,-1.524383,-0.521058,1.846138,-0.490622,0.239401
4,9,-1.634436,-1.171690,1.165363,-1.258330,0.239401
4,10,-2.455445,-0.301794,1.742061,2.127403,0.239401
4,11,0.603114,-1.192783,3.304659,-1.508148,0.239401
4,12,-2.205248,-2.733930,0.770312,0.027584,0.239401
4,13,1.207799,-0.075563,1.000511,2.576277,0.239401
4,14,2.939514,-0.954973,3.481366,1.661878,0.239401
4,15,3.002328,-1.136120,1.302970,0.861817,0.239401
4,16,3.110151,0.514186,1.344467,-0.249913,0.239401
4,17,-0.193017,1.326417,0.838247,-0.865165,0.239401
4,18,-2.483492,-1.542183,1.367380,-0.656006,0.239401
4,19,-1.993968,-0.550765,-0.133027,-0.818622,0.239401
4,20,-1.909134,-0.407688,-0.633847,-0.776433,0.239401
4,21,-2.034510,-2.272733,0.506761,-1.476558,0.239401
4,22,-1.541383,-1.209519,-1.392426,0.119911,0.239401
4,23,-1.543030,1.181665,1.884686,1.290288,0.239401
4,24,1.132422,-1.974211,1.604234,-1.499601,0.239401
4,25,0.814569,-0.383576,-1.571420,1.387766,0.239401
4,26,1.312156,-0.640317,1.911852,-0.870553,0.239401
4,27,0.685261,-0.306755,0.665106,1.183559,0.239401
4,28,1.107656,-0.771770,1.298864,-0.963356,0.239401
4,29,0.789600,0.939331,0.345529,-2.362001,0.239401
4,30,-1.514355,-0.104397,-1.098222,-0.083053,0.239401
4,31,-1.277707,-2.037520,-1.432325,-0.797793,0.239401
4,32,-2.131462,-0.734991,-0.546925,-0.133292,0.239401
4,33,-1.425477,0.392115,0.451527,-1.452881,0.239401
4,34,-2.058971,0.403348,-0.380016,-0.741061,0.239401
4,35,-1.582832,-0.869976,0.268185,-0.085386,0.239401
4,36,-0.169536,-0.949318,0.868457,-0.971242,0.239401
4,37,-1.232102,-0.202969,1.288959,-1.679783,0.239401
4,38,-3.349700,-0.065321,1.416236,-0.251268,0.239401
4,39,-1.986500,0.436730,0.387193,-0.938624,0.239401
4,40,-1.289793,-0.350715,0.761540,-0.426238,0.239401
4,41,-2.051411,0.749373,-2.851754,-1.653327,0.239401
4,42,0.339395,0.499243,-2.116557,-1.131426,0.239401
4,43,-1.616320,0.378704,-1.784883,0.267305,0.239401
4,44,-2.646563,-0.646955,-1.253731,-0.393017,0.239401
4,45,-1.273699,-1.208964,1.119205,-0.969103,0.239401
4,46,-2.386419,-0.148129,0.737780,0.293502,0.239401
4,47,-1.909566,-0.328053,0.137853,-0.811243,0.239401
4,48,-1.883301,0.780069,-0.887907,0.202921,0.239401
4,49,-0.157719,0.373624,0.195742,0.258902,0.239401
4,50,0.686989,1.930223,-1.145980,-1.472471,0.239401
4,51,0.181236,0.677359,-2.570497,1.790436,0.239401
4,52,0.458249,-0.118841,-1.309960,0.964774,0.239401
4,53,-0.004253,0.644884,1.702565,-0.688679,0.239401
4,54,-0.186695,0.673344,0.225910,-1.781330,0.239401
4,55,-1.943490,-1.583250,-2.282447,1.064047,0.239401
4,56,0.525082,-2.298640,-1.302581,0.011075,0.239401
4,57,0.405953,-0.474925,0.618885,-0.593595,0.239401
4,58,-0.988442,-0.314786,1.840354,2.099771,0.239401
4,59,0.394123,-0.152262,1.091690,-1.041247,0.239401
4,60,-3.127365,-1.411136,-0.782851,-1.356237,0.239401
4,61,-4.114808,-0.839590,-2.286370,-1.783144,0.239401
4,62,-2.308355,-1.490077,-0.529380,-0.658667,0.239401
4,63,-1.973429,-1.424012,0.257427,-0.547018,0.239401
4,64,0.078947,-0.914209,0.489171,0.952282,0.239401
4,65,1.202149,0.897834,1.014979,-1.391703,0.239401
4,66,-1.980743,0.661044,-1.461967,-1.177549,0.239401
4,67,-1.005171,0.858936,-2.696214,-0.188598,0.239401
4,68,-0.545355,0.770481,-2.153301,-0.368680,0.239401
4,69,-0.488149,-1.381857,-2.315362,-0.514239,0.239401
4,70,-2.455816,0.002695,-0.511072,1.108962,0.239401
4,71,1.169637,1.007462,0.424758,-0.270160,0.239401
4,72,-1.486840,1.082760,-0.228582,0.059675,0.239401
4,73,-0.138117,1.169256,0.716106,-0.407164,0.239401
4,74,-1.271981,-0.679198,-0.421725,0.011382,0.239401
4,75,0.499327,1.594303,0.403175,-1.334316,0.239401
4,76,-0.781126,1.848444,-1.331303,0.927866,0.239401
4,77,2.275437,0.106453,0.061081,-0.259752,0.239401
4,78,-0.532032,-0.090951,-2.337201,-0.021734,0.239401
4,79,-1.157868,-0.974581,-0.658809,-1.560625,0.239401
4,80,-1.325287,-0.635942,0.347820,-2.440078,0.239401
4,81,-1.315954,0.111687,-1.273710,0.181691,0.239401
4,82,-0.970051,0.202658,-2.197563,-1.290138,0.239401
4,83,-1.133145,0.232169,-2.285908,-0.452740,0.239401
4,84,0.105553,-0.647452,-0.446088,0.667909,0.239401
4,85,-0.332336,-0.959493,0.482600,0.818869,0.239401
4,86,0.980550,0.450872,1.501650,0.574328,0.239401
4,87,0.928367,-1.518793,2.348526,2.284037,0.239401
4,88,1.196923,-2.428055,3.075870,-0.696949,0.239401
4,89,-0.025378,-0.190767,3.353890,0.026799,0.239401
4,90,0.620486,-2.849093,3.217753,-1.153732,0.239401
4,91,-0.445692,0.385950,2.240000,0.443082,0.239401
4,92,-1.299621,0.440123,3.662276,0.547716,0.239401
4,93,-0.866380,-0.610262,0.397962,1.199799,0.239401
4,94,0.151550,0.061539,2.024868,1.982064,0.239401
4,95,3.146146,1.261875,3.057692,1.071101,0.239401
4,96,1.654983,0.089145,-0.466738,0.173541,0.239401
4,97,2.408626,0.295126,1.600275,0.869514,0.239401
4,98,-0.071405,-0.579056,1.046374,1.292221,0.239401
4,99,1.307013,-0.861777,0.774246,-1.122948,0.239401
4,100,-0.524338,0.737355,-0.565571,-0.934962,0.239401
5,1,0.284719,-2.022274,2.193574,0.333476,0.012914
5,2,1.058431,-1.457255,3.382199,0.584014,0.012914
5,3,1.642656,-1.149695,0.607942,-1.388291,0.012914
5,4,0.036404,-1.284743,-0.272718,0.810000,0.012914
5,5,0.585428,-0.875200,-0.080077,0.151594,0.012914
5,6,0.708111,0.607213,0.723628,1.022595,0.012914
5,7,0.715870,-0.059972,2.287406,-0.117351,0.012914
5,8,-1.089533,0.882117,0.666878,-0.490622,0.012914
5,9,-1.033941,0.531943,-1.238186,-1.258330,0.012914
5,10,-1.097161,-0.611445,-1.162692,2.127403,0.012914
5,11,1.097639,2.198266,2.269783,-1.508148,0.012914
5,12,-2.461188,-0.331945,-0.271738,0.027584,0.012914
5,13,1.125167,-0.061210,-2.342804,2.576277,0.012914
5,14,2.146734,-0.606758,1.015129,1.661878,0.012914
5,15,3.091915,0.097399,1.192902,0.861817,0.012914
5,16,2.716209,1.512915,0.825751,-0.249913,0.012914
5,17,0.048981,-0.851436,1.143623,-0.865165,0.012914
5,18,-1.786655,-0.917809,-1.424767,-0.656006,0.012914
5,19,-0.907325,-0.541442,-1.209503,-0.818622,0.012914
5,20,-0.202580,-0.904447,0.014068,-0.776433,0.012914
5,21,-1.569560,-1.396289,-0.611086,-1.476558,0.012914
5,22,0.743744,-2.076935,-0.596770,0.119911,0.012914
5,23,0.391495,-1.896105,-1.181055,1.290288,0.012914
5,24,1.381948,0.817824,2.397034,-1.499601,0.012914
5,25,-1.051559,-0.340305,0.697207,1.387766,0.012914
5,26,-0.210379,-0.726150,0.008176,-0.870553,0.012914
5,27,-2.607903,0.554693,-0.587083,1.183559,0.012914
5,28,0.343063,0.341921,3.018072,-0.963356,0.012914
5,29,0.241796,-0.095056,-0.771571,-2.362001,0.012914
5,30,-4.001894,0.011268,-1.864263,-0.083053,0.012914
5,31,-2.092993,-0.772196,-1.757075,-0.797793,0.012914
5,32,0.517974,1.916285,-1.267415,-0.133292,0.012914
5,33,0.883365,2.862454,-1.003041,-1.452881,0.012914
5,34,-1.636374,-0.280060,-1.346877,-0.741061,0.012914
5,35,-0.127144,0.050930,-2.062859,-0.085386,0.012914
5,36,0.251309,0.468188,-1.145388,-0.971242,0.012914
5,37,-2.701451,-0.031481,-1.134030,-1.679783,0.012914
5,38,-2.899796,-0.036884,-3.028094,-0.251268,0.012914
5,39,-1.876954,-2.245689,-0.147780,-0.938624,0.012914
5,40,-0.635810,-0.964595,-1.476813,-0.426238,0.012914
5,41,1.861223,1.321785,-0.604163,-1.653327,0.012914
5,42,-0.234561,0.915896,0.568230,-1.131426,0.012914
5,43,0.012707,0.143518,-2.168449,0.267305,0.012914
5,44,-1.283449,0.295472,-0.514774,-0.393017,0.012914
5,45,-1.790741,-0.684214,0.741189,-0.969103,0.012914
5,46,-0.929797,-0.056300,-0.381253,0.293502,0.012914
5,47,-2.039133,-1.300019,1.812045,-0.811243,0.012914
5,48,0.277457,-1.394850,-0.208535,0.202921,0.012914
5,49,1.854069,-0.831804,-0.909789,0.258902,0.012914
5,50,0.025861,-0.028573,0.369870,-1.472471,0.012914
5,51,-0.395498,0.947076,-0.220562,1.790436,0.012914
5,52,-0.014732,0.816020,-0.142822,0.964774,0.012914
5,53,1.148918,0.740248,1.243403,-0.688679,0.012914
5,54,-0.696155,1.576239,-0.613210,-1.781330,0.012914
5,55,-1.533609,1.568510,-1.479165,1.064047,0.012914
5,56,-0.200929,-1.484926,-0.416036,0.011075,0.012914
5,57,-0.682446,-1.368033,-1.459671,-0.593595,0.012914
5,58,-2.134782,0.842289,-0.421451,2.099771,0.012914
5,59,2.543821,1.190103,3.078450,-1.041247,0.012914
5,60,-1.920612,-0.783335,-2.818323,-1.356237,0.012914
5,61,-2.261812,-1.974737,-2.957485,-1.783144,0.012914
5,62,-2.234543,-0.318676,-3.556962,-0.658667,0.012914
5,63,-1.115685,-1.403316,-0.928936,-0.547018,0.012914
5,64,-0.915260,-1.915500,-1.094636,0.952282,0.012914
5,65,-0.117328,-1.896154,-0.269893,-1.391703,0.012914
5,66,0.866938,-0.895388,-0.081690,-1.177549,0.012914
5,67,-0.042779,-1.341855,0.156790,-0.188598,0.012914
5,68,0.944774,-0.528098,-0.838647,-0.368680,0.012914
5,69,1.271195,-0.237333,-0.010072,-0.514239,0.012914
5,70,-1.461212,-0.779388,-0.261988,1.108962,0.012914
5,71,1.895140,-1.431650,0.030244,-0.270160,0.012914
5,72,-0.899170,-1.365128,-0.677889,0.059675,0.012914
5,73,0.248647,-1.536562,-1.411455,-0.407164,0.012914
5,74,2.295678,-1.412546,2.753752,0.011382,0.012914
5,75,0.805853,2.196953,1.305163,-1.334316,0.012914
5,76,0.124511,-0.159422,1.314225,0.927866,0.012914
5,77,-0.188691,-1.482787,-0.895612,-0.259752,0.012914
5,78,-1.130462,-2.135895,-1.898221,-0.021734,0.012914
5,79,-0.696710,-1.147414,-0.097673,-1.560625,0.012914
5,80,-3.577615,0.772117,1.432486,-2.440078,0.012914
5,81,-3.425228,2.063036,-0.443136,0.181691,0.012914
5,82,-2.480313,2.423370,0.704610,-1.290138,0.012914
5,83,-2.250483,0.508402,-0.352533,-0.452740,0.012914
5,84,-1.275693,0.287241,-0.444900,0.667909,0.012914
5,85,1.234046,-1.424260,-1.378009,0.818869,0.012914
5,86,1.918064,-1.583614,-1.397732,0.574328,0.012914
5,87,2.237166,-2.034076,-0.431043,2.284037,0.012914
5,88,1.798998,-3.098882,2.366860,-0.696949,0.012914
5,89,0.478528,0.234979,0.658720,0.026799,0.012914
5,90,-1.685199,-1.900005,1.121819,-1.153732,0.012914
5,91,-0.582176,-0.285941,-2.876841,0.443082,0.012914
5,92,0.606711,0.591906,-0.316120,0.547716,0.012914
5,93,1.146236,-1.674454,-0.619487,1.199799,0.012914
5,94,2.277216,1.158061,-1.970208,1.982064,0.012914
5,95,3.722267,2.431223,0.514120,1.071101,0.012914
5,96,2.927816,-0.323012,0.513647,0.173541,0.012914
5,97,3.249333,-1.008208,-2.155143,0.869514,0.012914
5,98,0.617893,-0.129706,1.991184,1.292221,0.012914
5,99,1.823291,-0.780244,3.073477,-1.122948,0.012914
5,100,-0.742450,0.121588,0.371596,-0.934962,0.012914
6,1,3.105447,0.517765,-1.091068,0.333476,-1.071093
6,2,1.943913,0.643895,-0.704720,0.584014,-1.071093
6,3,1.159040,0.795113,-0.908045,-1.388291,-1.071093
6,4,-0.843228,-0.600102,-1.145737,0.810000,-1.071093
6,5,0.101297,-1.019187,-0.065578,0.151594,-1.071093
6,6,1.758755,1.029972,0.746906,1.022595,-1.071093
6,7,3.258183,-0.013690,0.576076,-0.117351,-1.071093
6,8,0.959323,-1.614978,-1.324870,-0.490622,-1.071093
6,9,-1.014734,-2.624033,-1.385365,-1.258330,-1.071093
6,10,0.804176,-2.244787,0.879837,2.127403,-1.071093
6,11,2.670888,-0.794642,2.245162,-1.508148,-1.071093
6,12,-0.550585,-0.372052,2.187771,0.027584,-1.071093
6,13,1.349649,1.661783,1.065798,2.576277,-1.071093
6,14,1.193270,1.052099,0.577503,1.661878,-1.071093
6,15,0.059546,1.085737,-0.883490,0.861817,-1.071093
6,16,0.897930,0.657955,-1.733892,-0.249913,-1.071093
6,17,0.887455,1.531298,-2.788330,-0.865165,-1.071093
6,18,-1.531834,1.078332,-3.003219,-0.656006,-1.071093
6,19,-1.812804,-0.259850,-1.913103,-0.818622,-1.071093
6,20,-1.468915,0.322794,-4.560148,-0.776433,-1.071093
6,21,-2.725415,-1.777008,-2.202583,-1.476558,-1.071093
6,22,-0.825702,0.393814,-2.604569,0.119911,-1.071093
6,23,0.969839,-1.392731,0.533635,1.290288,-1.071093
6,24,0.327685,-1.318030,-0.141516,-1.499601,-1.071093
6,25,-1.650569,-3.879426,0.242462,1.387766,-1.071093
6,26,0.989123,-0.782584,0.490021,-0.870553,-1.071093
6,27,-0.458182,0.759587,0.784629,1.183559,-1.071093
6,28,1.219080,1.750648,0.313699,-0.963356,-1.071093
6,29,0.109224,2.910778,-1.681002,-2.362001,-1.071093
6,30,-1.590049,3.082412,-3.513106,-0.083053,-1.071093
6,31,-2.391983,0.661131,-3.858559,-0.797793,-1.071093
6,32,0.307216,0.644828,-3.372061,-0.133292,-1.071093
6,33,-0.879658,-0.465829,-2.697319,-1.452881,-1.071093
6,34,-1.766502,-1.154844,-1.521464,-0.741061,-1.071093
6,35,-0.154307,-1.161165,-0.191072,-0.085386,-1.071093
6,36,-0.356609,-0.356005,-0.288891,-0.971242,-1.071093
6,37,0.823336,0.610483,-1.011188,-1.679783,-1.071093
6,38,-3.399379,-0.425621,-2.128098,-0.251268,-1.071093
6,39,0.233419,0.757577,-3.267669,-0.938624,-1.071093
6,40,0.365041,-0.370287,-0.135578,-0.426238,-1.071093
6,41,-0.867643,0.305402,-1.348021,-1.653327,-1.071093
6,42,-2.992949,0.292519,-0.261172,-1.131426,-1.071093
6,43,-1.908045,0.971368,-0.869131,0.267305,-1.071093
6,44,0.100381,-0.544157,-1.646782,-0.393017,-1.071093
6,45,-0.500270,-1.015569,-1.595437,-0.969103,-1.071093
6,46,-0.074489,0.842002,-0.847748,0.293502,-1.071093
6,47,-2.231215,0.047847,0.051958,-0.811243,-1.071093
6,48,-2.063852,-2.099207,-0.745369,0.202921,-1.071093
6,49,0.120981,-1.866395,0.034479,0.258902,-1.071093
6,50,-0.853065,-0.804539,0.343830,-1.472471,-1.071093
6,51,0.830149,-0.281521,0.915482,1.790436,-1.071093
6,52,1.209746,0.698684,-0.036334,0.964774,-1.071093
6,53,1.272647,0.275639,-1.449643,-0.688679,-1.071093
6,54,-0.560331,1.227903,-1.137089,-1.781330,-1.071093
6,55,-0.428603,0.572015,-3.353371,1.064047,-1.071093
6,56,2.408057,-1.243540,-2.949509,0.011075,-1.071093
6,57,0.434204,-0.524143,-1.872900,-0.593595,-1.071093
6,58,0.863653,0.248327,-1.716435,2.099771,-1.071093
6,59,1.772643,0.784990,-0.333701,-1.041247,-1.071093
6,60,-1.951295,0.743734,-0.794601,-1.356237,-1.071093
6,61,-3.702507,-1.958258,-1.073787,-1.783144,-1.071093
6,62,-2.219571,-2.102723,-1.541731,-0.658667,-1.071093
6,63,-2.598415,-0.902044,0.148636,-0.547018,-1.071093
6,64,-0.048654,-0.026058,1.334582,0.952282,-1.071093
6,65,2.013882,-0.094482,1.745837,-1.391703,-1.071093
6,66,-1.539582,-0.919524,-1.945474,-1.177549,-1.071093
6,67,-0.138639,0.166786,-3.703265,-0.188598,-1.071093
6,68,0.723278,-0.835083,-1.599342,-0.368680,-1.071093
6,69,0.153190,0.048221,-2.243738,-0.514239,-1.071093
6,70,-1.618145,-0.657799,0.500581,1.108962,-1.071093
6,71,-0.634370,-0.047724,0.546172,-0.270160,-1.071093
6,72,-3.812298,-1.227123,0.760693,0.059675,-1.071093
6,73,-0.724057,-0.852943,-1.746355,-0.407164,-1.071093
6,74,-2.662497,0.566548,0.444223,0.011382,-1.071093
6,75,0.582383,-0.248988,-1.215750,-1.334316,-1.071093
6,76,-0.818736,-1.274189,-3.432043,0.927866,-1.071093
6,77,0.830345,2.102612,1.432466,-0.259752,-1.071093
6,78,-1.167102,-0.401629,0.360554,-0.021734,-1.071093
6,79,0.050484,-1.146621,-0.231659,-1.560625,-1.071093
6,80,-0.476022,-0.261732,-1.358521,-2.440078,-1.071093
6,81,-3.705813,0.591351,-2.680598,0.181691,-1.071093
6,82,-1.204060,-1.290571,-1.081415,-1.290138,-1.071093
6,83,-2.777273,-1.602847,-1.780350,-0.452740,-1.071093
6,84,-1.680436,0.335573,-1.644784,0.667909,-1.071093
6,85,1.112966,-1.569930,1.266743,0.818869,-1.071093
6,86,0.754378,-0.099574,-0.459890,0.574328,-1.071093
6,87,0.566163,0.115929,-0.251205,2.284037,-1.071093
6,88,-0.312824,-0.420562,0.747522,-0.696949,-1.071093
6,89,-0.620264,-0.580755,-0.023728,0.026799,-1.071093
6,90,-1.095976,-0.598230,-0.157995,-1.153732,-1.071093
6,91,0.377972,-0.545318,0.383610,0.443082,-1.071093
6,92,2.029795,-0.310931,1.022382,0.547716,-1.071093
6,93,1.064230,-0.033908,0.167678,1.199799,-1.071093
6,94,1.053914,-1.280882,1.364784,1.982064,-1.071093
6,95,1.974273,-0.087067,1.106829,1.071101,-1.071093
6,96,0.617816,1.884985,1.189939,0.173541,-1.071093
6,97,1.416793,1.552894,-0.419863,0.869514,-1.071093
6,98,0.860644,0.540324,-0.330142,1.292221,-1.071093
6,99,1.273769,-0.291310,-0.133431,-1.122948,-1.071093
6,100,0.528632,-0.512882,-1.019280,-0.934962,-1.071093
7,1,0.363241,-0.263460,-0.476488,0.333476,0.685813
7,2,-2.124495,0.041706,-0.613864,0.584014,0.685813
7,3,-0.386537,-2.428753,-1.113067,-1.388291,0.685813
7,4,-2.605884,-0.038801,0.154594,0.810000,0.685813
7,5,-0.213635,-0.763510,2.261583,0.151594,0.685813
7,6,2.714964,0.611696,1.552429,1.022595,0.685813
7,7,1.794646,1.431576,1.231807,-0.117351,0.685813
7,8,0.832309,1.537236,0.225771,-0.490622,0.685813
7,9,0.631571,0.858475,0.222220,-1.258330,0.685813
7,10,-2.115812,-0.938976,-1.643680,2.127403,0.685813
7,11,0.993553,1.991056,0.489662,-1.508148,0.685813
7,12,-3.326956,0.775601,1.145473,0.027584,0.685813
7,13,1.520679,2.137096,-0.881598,2.576277,0.685813
7,14,1.476200,0.601075,0.782111,1.661878,0.685813
7,15,1.207033,-0.364954,-1.452920,0.861817,0.685813
7,16,0.566947,0.853734,-0.164365,-0.249913,0.685813
7,17,0.944782,2.111832,1.045193,-0.865165,0.685813
7,18,-2.079065,-0.370007,0.275084,-0.656006,0.685813
7,19,-1.318413,-0.613126,-0.740643,-0.818622,0.685813
7,20,-2.812945,0.471932,-0.890325,-0.776433,0.685813
7,21,-2.704299,0.963655,1.203221,-1.476558,0.685813
7,22,-2.047039,0.793119,-1.163991,0.119911,0.685813
7,23,-0.343945,2.298509,0.281828,1.290288,0.685813
7,24,0.309886,0.745443,0.781809,-1.499601,0.685813
7,25,-2.818919,-0.891035,-1.602164,1.387766,0.685813
7,26,-0.344141,0.069149,1.326322,-0.870553,0.685813
7,27,-1.302168,0.517043,0.829336,1.183559,0.685813
7,28,0.691269,0.414391,2.148907,-0.963356,0.685813
7,29,0.573931,1.066658,-0.121917,-2.362001,0.685813
7,30,-0.825485,2.132769,0.049998,-0.083053,0.685813
7,31,-1.711215,-0.399626,0.558538,-0.797793,0.685813
7,32,0.238041,-0.902842,-1.785285,-0.133292,0.685813
7,33,0.443381,1.447691,-0.022027,-1.452881,0.685813
7,34,-1.222275,0.098996,1.776492,-0.741061,0.685813
7,35,-1.437513,-1.908334,-0.710275,-0.085386,0.685813
7,36,-0.735768,-1.534628,-2.975390,-0.971242,0.685813
7,37,-0.571928,0.008268,0.122419,-1.679783,0.685813
7,38,-0.527232,0.838010,1.392811,-0.251268,0.685813
7,39,-0.035781,3.388857,-0.103547,-0.938624,0.685813
7,40,-0.502626,1.835974,-0.885727,-0.426238,0.685813
7,41,0.970294,-0.222745,-2.239778,-1.653327,0.685813
7,42,-1.426606,2.176578,-2.683184,-1.131426,0.685813
7,43,-1.399828,0.592709,-1.234440,0.267305,0.685813
7,44,1.390383,1.168215,-0.492194,-0.393017,0.685813
7,45,1.694105,0.315440,-1.061020,-0.969103,0.685813
7,46,-2.905356,-1.471143,0.703117,0.293502,0.685813
7,47,-3.910249,-2.166095,1.189336,-0.811243,0.685813
7,48,-0.223467,-1.072454,0.749419,0.202921,0.685813
7,49,0.570635,-0.732729,2.014371,0.258902,0.685813
7,50,-0.409054,-1.169472,1.968642,-1.472471,0.685813
7,51,1.221002,0.438494,0.839620,1.790436,0.685813
7,52,1.772787,-2.475882,2.870456,0.964774,0.685813
7,53,2.601977,-1.833907,1.024387,-0.688679,0.685813
7,54,1.516471,-0.819603,1.740614,-1.781330,0.685813
7,55,-2.503416,-3.439625,1.290501,1.064047,0.685813
7,56,-1.336101,-2.860887,1.225523,0.011075,0.685813
7,57,-0.650830,1.026403,2.633752,-0.593595,0.685813
7,58,-1.084511,-0.910455,2.352454,2.099771,0.685813
7,59,0.973171,-0.032519,1.806007,-1.041247,0.685813
7,60,-1.639815,-0.862228,0.082210,-1.356237,0.685813
7,61,-3.384251,-0.017334,-0.478000,-1.783144,0.685813
7,62,-1.835870,0.409697,-1.114676,-0.658667,0.685813
7,63,-0.404904,0.039256,-0.110224,-0.547018,0.685813
7,64,0.006309,2.602270,-0.797042,0.952282,0.685813
7,65,3.216179,1.285917,-0.008050,-1.391703,0.685813
7,66,-0.730531,-0.306200,-1.687196,-1.177549,0.685813
7,67,-2.259606,1.328423,-2.387844,-0.188598,0.685813
7,68,-0.414061,-1.407925,1.252519,-0.368680,0.685813
7,69,0.744520,-0.384390,-0.596235,-0.514239,0.685813
7,70,-0.072307,-1.463381,2.952073,1.108962,0.685813
7,71,1.091980,-3.374499,0.478206,-0.270160,0.685813
7,72,-0.445890,-3.058116,0.932987,0.059675,0.685813
7,73,-0.989457,-1.825047,0.692097,-0.407164,0.685813
7,74,-1.726036,0.354216,0.434192,0.011382,0.685813
7,75,0.569619,0.580013,2.408505,-1.334316,0.685813
7,76,-0.323025,-1.068744,0.919893,0.927866,0.685813
7,77,3.134026,-1.360556,-0.280179,-0.259752,0.685813
7,78,0.642486,-1.748187,1.892412,-0.021734,0.685813
7,79,-0.900007,-1.287031,1.473387,-1.560625,0.685813
7,80,-0.495882,-2.058124,0.646010,-2.440078,0.685813
7,81,-2.677842,-1.812548,0.485235,0.181691,0.685813
7,82,-1.205912,0.343669,1.641908,-1.290138,0.685813
7,83,-2.097686,-0.406053,-0.123936,-0.452740,0.685813
7,84,-0.172751,-0.806246,0.362953,0.667909,0.685813
7,85,-0.349871,-1.977862,2.552260,0.818869,0.685813
7,86,0.471485,-1.548224,0.853044,0.574328,0.685813
7,87,0.054342,-0.859324,1.396044,2.284037,0.685813
7,88,2.135759,0.013887,2.475662,-0.696949,0.685813
7,89,1.555432,0.788615,1.098008,0.026799,0.685813
7,90,0.860857,-0.527482,0.191105,-1.153732,0.685813
7,91,0.172560,-0.047545,-1.054551,0.443082,0.685813
7,92,2.124089,2.453917,1.881551,0.547716,0.685813
7,93,1.268116,-0.458328,0.922031,1.199799,0.685813
7,94,-0.588160,-0.696431,0.170316,1.982064,0.685813
7,95,3.094789,-0.269619,0.833788,1.071101,0.685813
7,96,1.528396,-0.529647,1.599021,0.173541,0.685813
7,97,1.506059,0.952275,0.816679,0.869514,0.685813
7,98,0.731776,1.004619,1.776571,1.292221,0.685813
7,99,4.037840,-0.898429,1.767714,-1.122948,0.685813
7,100,1.110607,1.088287,-0.657242,-0.934962,0.685813
8,1,-1.596881,-0.366646,-0.122467,0.333476,-1.283674
8,2,-0.295182,-0.513430,-1.964664,0.584014,-1.283674
8,3,0.893029,1.090971,-1.112522,-1.388291,-1.283674
8,4,0.031536,1.138326,-3.090587,0.810000,-1.283674
8,5,0.364012,1.514506,-1.260212,0.151594,-1.283674
8,6,1.295822,0.228888,-3.296133,1.022595,-1.283674
8,7,0.700789,-1.966767,-2.124147,-0.117351,-1.283674
8,8,-0.483603,-1.172124,-1.605216,-0.490622,-1.283674
8,9,-1.111880,-0.155970,0.257116,-1.258330,-1.283674
8,10,-2.216730,-1.383364,0.838551,2.127403,-1.283674
8,11,2.445580,1.071972,-1.291239,-1.508148,-1.283674
8,12,-1.356632,-0.869959,-0.774419,0.027584,-1.283674
8,13,-0.446065,-0.123203,-2.008483,2.576277,-1.283674
8,14,3.277987,-0.342928,0.310600,1.661878,-1.283674
8,15,1.723003,-0.975399,-1.545210,0.861817,-1.283674
8,16,3.492279,-0.874879,-1.073588,-0.249913,-1.283674
8,17,0.718846,0.940661,0.115757,-0.865165,-1.283674
8,18,-2.761137,2.776567,-0.967292,-0.656006,-1.283674
8,19,-2.904656,-0.366234,-3.660765,-0.818622,-1.283674
8,20,-0.986885,1.163111,-2.377594,-0.776433,-1.283674
8,21,-2.556676,-0.754624,-1.402058,-1.476558,-1.283674
8,22,-1.116241,-2.179959,-2.275765,0.119911,-1.283674
8,23,1.259196,-1.990712,-0.151009,1.290288,-1.283674
8,24,0.061599,-1.096974,-0.471677,-1.499601,-1.283674
8,25,-1.083532,-0.541018,1.483327,1.387766,-1.283674
8,26,0.174835,1.029981,3.000134,-0.870553,-1.283674
8,27,-1.788476,-1.229127,0.476374,1.183559,-1.283674
8,28,-0.390531,0.214734,-0.951269,-0.963356,-1.283674
8,29,-0.285403,0.561564,0.283401,-2.362001,-1.283674
8,30,-2.400705,-0.238303,-0.310717,-0.083053,-1.283674
8,31,-0.595563,1.270637,0.848085,-0.797793,-1.283674
8,32,-0.549244,1.152899,-1.223406,-0.133292,-1.283674
8,33,0.212428,1.657548,-1.060431,-1.452881,-1.283674
8,34,-0.873441,-0.245477,-3.809350,-0.741061,-1.283674
8,35,-1.683005,-1.320993,-2.101342,-0.085386,-1.283674
8,36,0.003536,-1.137925,-0.112597,-0.971242,-1.283674
8,37,0.239397,-2.122672,-1.901533,-1.679783,-1.283674
8,38,-1.313632,-0.924881,-2.253374,-0.251268,-1.283674
8,39,-0.354360,-0.061951,-0.853413,-0.938624,-1.283674
8,40,0.452008,-0.643971,-2.599023,-0.426238,-1.283674
8,41,-1.637156,-0.558895,-1.411300,-1.653327,-1.283674
8,42,-1.620443,-1.332321,-1.189223,-1.131426,-1.283674
8,43,-1.269755,-0.273272,-1.784419,0.267305,-1.283674
8,44,1.079534,0.406922,1.156565,-0.393017,-1.283674
8,45,2.432318,0.387478,0.656173,-0.969103,-1.283674
8,46,0.083013,-1.922950,-1.636314,0.293502,-1.283674
8,47,-2.185316,-1.743454,-0.227857,-0.811243,-1.283674
8,48,-1.819901,-0.593021,0.278825,0.202921,-1.283674
8,49,-1.225970,-0.397635,-0.667726,0.258902,-1.283674
8,50,-1.596246,0.351179,-2.468301,-1.472471,-1.283674
8,51,0.144917,1.366506,-3.272240,1.790436,-1.283674
8,52,-0.375748,1.711246,-1.818808,0.964774,-1.283674
8,53,-0.383511,2.729138,-3.391643,-0.688679,-1.283674
8,54,-2.357699,2.776204,-4.450410,-1.781330,-1.283674
8,55,-4.426641,0.600413,-2.750432,1.064047,-1.283674
8,56,-0.279407,-0.178617,-3.845878,0.011075,-1.283674
8,57,0.641230,-0.697927,-2.040194,-0.593595,-1.283674
8,58,-1.583642,-0.355172,-1.274747,2.099771,-1.283674
8,59,0.497648,0.731454,1.124025,-1.041247,-1.283674
8,60,-1.251566,-2.076915,-2.079906,-1.356237,-1.283674
8,61,-2.942307,-3.024351,-1.759415,-1.783144,-1.283674
8,62,-0.368271,-1.267721,-0.830343,-0.658667,-1.283674
8,63,-0.209836,-0.776637,0.566804,-0.547018,-1.283674
8,64,-1.445221,-1.081444,-0.736217,0.952282,-1.283674
8,65,1.674280,-1.289336,-0.642955,-1.391703,-1.283674
8,66,0.584868,0.467418,-1.060067,-1.177549,-1.283674
8,67,0.689790,-0.129955,-1.593665,-0.188598,-1.283674
8,68,-0.499761,-0.019056,-0.344635,-0.368680,-1.283674
8,69,-1.475739,-0.822617,-2.111259,-0.514239,-1.283674
8,70,-1.463568,0.193621,-0.567099,1.108962,-1.283674
8,71,0.891523,-0.296459,-1.342585,-0.270160,-1.283674
8,72,-1.373028,-1.453921,-2.616268,0.059675,-1.283674
8,73,-1.333908,0.146578,-0.095765,-0.407164,-1.283674
8,74,-1.798532,1.124459,-0.743689,0.011382,-1.283674
8,75,-0.529851,0.307375,-1.199613,-1.334316,-1.283674
8,76,-1.655039,0.393994,-2.677567,0.927866,-1.283674
8,77,-0.779293,-0.739585,-1.347669,-0.259752,-1.283674
8,78,-1.602037,-0.406851,-3.216657,-0.021734,-1.283674
8,79,-0.795311,0.413992,-1.885934,-1.560625,-1.283674
8,80,-2.231474,-0.657962,-0.278956,-2.440078,-1.283674
8,81,-3.419513,0.144350,-2.170111,0.181691,-1.283674
8,82,-2.626342,-0.741593,0.774610,-1.290138,-1.283674
8,83,-2.778199,-1.300539,-0.845208,-0.452740,-1.283674
8,84,-1.056808,0.325244,0.242065,0.667909,-1.283674
8,85,0.521262,0.201642,0.243200,0.818869,-1.283674
8,86,0.246326,-0.677647,0.256170,0.574328,-1.283674
8,87,0.006956,-0.372342,-0.110027,2.284037,-1.283674
8,88,1.249567,0.639481,0.516805,-0.696949,-1.283674
8,89,-0.179418,2.034966,-1.223343,0.026799,-1.283674
8,90,-0.309629,0.606341,-1.001971,-1.153732,-1.283674
8,91,-1.865749,1.041587,-1.910498,0.443082,-1.283674
8,92,0.853277,-0.342037,-0.473939,0.547716,-1.283674
8,93,1.311246,1.933014,-0.884393,1.199799,-1.283674
8,94,1.955365,2.383701,0.068997,1.982064,-1.283674
8,95,2.278856,1.302965,-1.395596,1.071101,-1.283674
8,96,1.301494,0.781260,-3.599028,0.173541,-1.283674
8,97,2.126113,0.584012,-1.221519,0.869514,-1.283674
8,98,-0.053504,-1.387008,-1.404030,1.292221,-1.283674
8,99,4.346685,0.394042,-1.483529,-1.122948,-1.283674
8,100,-0.300319,-2.071335,-1.751967,-0.934962,-1.283674
9,1,-0.241287,-0.166788,3.014259,0.333476,-0.848390
9,2,-0.810379,-0.134079,0.927336,0.584014,-0.848390
9,3,1.178049,-0.192762,0.825348,-1.388291,-0.848390
9,4,-0.090160,-0.416728,-0.059182,0.810000,-0.848390
9,5,-1.066399,-0.153886,-0.573357,0.151594,-0.848390
9,6,-0.752057,1.307052,-2.138436,1.022595,-0.848390
9,7,2.036415,0.604812,-1.557852,-0.117351,-0.848390
9,8,2.074094,-2.403330,-3.285789,-0.490622,-0.848390
9,9,1.209900,-0.618567,-4.331365,-1.258330,-0.848390
9,10,-0.943544,-0.345957,-2.496473,2.127403,-0.848390
9,11,0.969145,0.232235,-0.269774,-1.508148,-0.848390
9,12,-1.288148,0.946092,-2.427090,0.027584,-0.848390
9,13,1.965563,1.096751,-2.120205,2.576277,-0.848390
9,14,1.077781,-0.948545,-1.043206,1.661878,-0.848390
9,15,1.578494,-0.324301,-3.142894,0.861817,-0.848390
9,16,0.754057,1.061174,0.206295,-0.249913,-0.848390
9,17,-2.188420,-0.345649,0.167523,-0.865165,-0.848390
9,18,-2.876673,-0.753150,-2.345949,-0.656006,-0.848390
9,19,-0.586397,-0.178383,-2.412859,-0.818622,-0.848390
9,20,-2.724277,-0.616804,-1.771838,-0.776433,-0.848390
9,21,-2.917426,-0.364045,-0.291662,-1.476558,-0.848390
9,22,-2.181473,1.181721,-1.325178,0.119911,-0.848390
9,23,0.813949,-1.158749,0.665870,1.290288,-0.848390
9,24,0.206632,-0.039323,-1.924506,-1.499601,-0.848390
9,25,-1.265639,2.151205,-2.088431,1.387766,-0.848390
9,26,-0.410144,2.033380,-0.597170,-0.870553,-0.848390
9,27,-0.983539,-0.816598,-2.849052,1.183559,-0.848390
9,28,1.532351,0.656353,-1.908347,-0.963356,-0.848390
9,29,1.777336,2.553529,0.483477,-2.362001,-0.848390
9,30,-0.997423,0.935514,-0.762899,-0.083053,-0.848390
9,31,-1.414222,0.834813,-2.862844,-0.797793,-0.848390
9,32,0.187915,1.632807,-1.005583,-0.133292,-0.848390
9,33,-0.474702,0.174163,-3.188185,-1.452881,-0.848390
9,34,-2.178436,0.002647,-3.341737,-0.741061,-0.848390
9,35,-2.459633,0.245775,-1.319049,-0.085386,-0.848390
9,36,-0.369686,-1.068600,0.369121,-0.971242,-0.848390
9,37,-0.484596,0.495318,-1.733424,-1.679783,-0.848390
9,38,-2.284919,-1.068807,-0.526354,-0.251268,-0.848390
9,39,0.454329,-0.053096,-2.095543,-0.938624,-0.848390
9,40,-0.339324,-0.218877,-1.256008,-0.426238,-0.848390
9,41,-0.385706,0.582486,-1.084671,-1.653327,-0.848390
9,42,-0.314719,1.664867,-3.117230,-1.131426,-0.848390
9,43,-1.335726,0.809072,-2.623415,0.267305,-0.848390
9,44,0.673046,0.737515,-3.449003,-0.393017,-0.848390
9,45,-1.229482,1.022111,-0.680882,-0.969103,-0.848390
9,46,-2.431338,-0.322363,-1.371855,0.293502,-0.848390
9,47,0.141231,0.548902,-1.079172,-0.811243,-0.848390
9,48,-1.369780,1.603265,-1.925421,0.202921,-0.848390
9,49,0.269470,1.357969,-1.424764,0.258902,-0.848390
9,50,-0.731788,2.770853,-0.733317,-1.472471,-0.848390
9,51,1.343305,0.861858,-1.113300,1.790436,-0.848390
9,52,3.288771,1.659764,-1.443987,0.964774,-0.848390
9,53,2.217915,1.436152,-2.066212,-0.688679,-0.848390
9,54,-0.233471,0.481202,-2.563164,-1.781330,-0.848390
9,55,-3.423045,-2.196370,-2.061637,1.064047,-0.848390
9,56,-0.381338,-3.628449,-1.908327,0.011075,-0.848390
9,57,-0.597539,-2.337167,-0.011777,-0.593595,-0.848390
9,58,-0.469447,0.201045,0.959858,2.099771,-0.848390
9,59,3.226839,-0.524218,1.457131,-1.041247,-0.848390
9,60,-1.916359,0.601733,-0.634169,-1.356237,-0.848390
9,61,-2.385928,-0.368070,-1.207148,-1.783144,-0.848390
9,62,-0.807684,0.652238,-1.974707,-0.658667,-0.848390
9,63,-4.090042,0.013905,-0.717917,-0.547018,-0.848390
9,64,-3.355382,-2.316022,-1.964773,0.952282,-0.848390
9,65,0.835098,-2.511187,0.108563,-1.391703,-0.848390
9,66,0.228580,-1.896875,-0.465758,-1.177549,-0.848390
9,67,-0.430656,0.066810,-1.021533,-0.188598,-0.848390
9,68,-1.692379,-0.037275,-1.406181,-0.368680,-0.848390
9,69,1.159586,-2.182487,-1.743031,-0.514239,-0.848390
9,70,-0.459822,-2.058937,-2.409223,1.108962,-0.848390
9,71,2.306803,-1.455831,2.388387,-0.270160,-0.848390
9,72,-1.165011,-0.657660,0.273828,0.059675,-0.848390
9,73,1.640568,-0.942122,-0.433173,-0.407164,-0.848390
9,74,1.489454,-0.498538,-1.396756,0.011382,-0.848390
9,75,0.495030,0.028174,-0.316575,-1.334316,-0.848390
9,76,-0.438324,2.071514,-1.162419,0.927866,-0.848390
9,77,-1.208255,0.534002,-0.273446,-0.259752,-0.848390
9,78,-0.895463,0.440496,-1.530640,-0.021734,-0.848390
9,79,-1.191451,-1.038891,-1.137302,-1.560625,-0.848390
9,80,-0.682105,1.113855,-3.155973,-2.440078,-0.848390
9,81,-3.518495,0.915597,-2.732168,0.181691,-0.848390
9,82,-3.179798,-1.599432,-1.895275,-1.290138,-0.848390
9,83,-2.616034,-1.310429,-2.149515,-0.452740,-0.848390
9,84,-1.130679,0.880726,2.091196,0.667909,-0.848390
9,85,-0.409870,2.191881,-0.141101,0.818869,-0.848390
9,86,1.838172,1.202294,-0.358215,0.574328,-0.848390
9,87,-0.960036,0.521453,-0.917581,2.284037,-0.848390
9,88,-1.105222,-0.474376,-1.275815,-0.696949,-0.848390
9,89,-1.331924,-1.338986,-1.717628,0.026799,-0.848390
9,90,-0.831168,-0.467531,-1.723050,-1.153732,-0.848390
9,91,-0.656875,0.686472,0.754696,0.443082,-0.848390
9,92,0.398445,1.460188,0.750583,0.547716,-0.848390
9,93,1.333956,0.908849,1.350586,1.199799,-0.848390
9,94,1.551054,-0.135863,-1.828295,1.982064,-0.848390
9,95,2.053268,0.671227,-0.926598,1.071101,-0.848390
9,96,-0.386791,0.297491,-2.233764,0.173541,-0.848390
9,97,1.233663,2.302131,-2.180421,0.869514,-0.848390
9,98,-0.297837,1.634857,-1.382167,1.292221,-0.848390
9,99,1.962699,2.411903,-1.128637,-1.122948,-0.848390
9,100,-1.938045,2.488380,-2.341947,-0.934962,-0.848390
10,1,1.855508,0.348867,1.494540,0.333476,-0.874354
10,2,-0.406262,0.026934,0.847310,0.584014,-0.874354
10,3,0.089580,1.025898,-0.039360,-1.388291,-0.874354
10,4,-0.571268,2.452711,-0.009979,0.810000,-0.874354
10,5,-0.845460,-0.043634,-0.211189,0.151594,-0.874354
10,6,-0.825496,-3.385145,-2.289082,1.022595,-0.874354
10,7,0.778179,-0.443554,-0.729678,-0.117351,-0.874354
10,8,0.322607,1.361246,1.538497,-0.490622,-0.874354
10,9,1.237307,0.619069,0.615852,-1.258330,-0.874354
10,10,-2.964150,-0.655756,-2.476267,2.127403,-0.874354
10,11,1.778544,2.808832,-1.060562,-1.508148,-0.874354
10,12,-1.825388,0.702977,-0.916926,0.027584,-0.874354
10,13,-0.969153,-0.014974,-3.028716,2.576277,-0.874354
10,14,1.741954,-1.298852,-2.021958,1.661878,-0.874354
10,15,1.053710,-2.209466,-0.014821,0.861817,-0.874354
10,16,1.959072,0.320574,-0.271113,-0.249913,-0.874354
10,17,1.506235,-1.709751,1.696939,-0.865165,-0.874354
10,18,-0.933519,-0.680472,0.189822,-0.656006,-0.874354
10,19,-2.382216,-0.092219,-0.868801,-0.818622,-0.874354
10,20,-0.143444,1.079214,0.407159,-0.776433,-0.874354
10,21,-0.927790,0.994371,-1.336879,-1.476558,-0.874354
10,22,-1.076919,1.531846,-2.327106,0.119911,-0.874354
10,23,2.246981,2.097262,-1.038818,1.290288,-0.874354
10,24,2.365503,-1.327474,-2.779799,-1.499601,-0.874354
10,25,-2.495377,-0.250220,-2.382399,1.387766,-0.874354
10,26,0.683814,0.328204,-0.463627,-0.870553,-0.874354
10,27,-0.474057,2.817457,-1.533720,1.183559,-0.874354
10,28,3.566308,2.272369,-0.429060,-0.963356,-0.874354
10,29,1.447124,0.739038,-1.333487,-2.362001,-0.874354
10,30,-2.871315,-1.699000,-3.373941,-0.083053,-0.874354
10,31,-1.144861,-1.499852,-2.044236,-0.797793,-0.874354
10,32,-0.146422,-0.307653,-0.156876,-0.133292,-0.874354
10,33,-0.057344,-1.482290,0.622990,-1.452881,-0.874354
10,34,-3.051877,0.415954,-0.044441,-0.741061,-0.874354
10,35,-0.738063,1.232097,0.496093,-0.085386,-0.874354
10,36,0.068887,0.837717,0.360995,-0.971242,-0.874354
10,37,0.224127,0.268593,-1.449046,-1.679783,-0.874354
10,38,-1.198841,-0.067020,-1.708182,-0.251268,-0.874354
10,39,0.520591,2.551793,-1.781780,-0.938624,-0.874354
10,40,-0.488139,1.192035,-0.595967,-0.426238,-0.874354
10,41,0.877207,0.627405,-2.308529,-1.653327,-0.874354
10,42,0.171268,1.003369,-3.670924,-1.131426,-0.874354
10,43,0.757978,1.210873,-3.810140,0.267305,-0.874354
10,44,0.041748,0.063765,-2.669022,-0.393017,-0.874354
10,45,-0.955920,-0.035577,-1.000429,-0.969103,-0.874354
10,46,-2.218532,-1.978833,-4.007542,0.293502,-0.874354
10,47,-0.710095,-0.199414,-3.468261,-0.811243,-0.874354
10,48,-1.133165,1.875680,-2.775898,0.202921,-0.874354
10,49,1.984839,1.095730,-2.031913,0.258902,-0.874354
10,50,2.088611,1.400779,-0.528878,-1.472471,-0.874354
10,51,1.100775,0.348324,-2.303978,1.790436,-0.874354
10,52,1.171949,-1.125798,-1.312853,0.964774,-0.874354
10,53,2.854896,1.005180,-1.198985,-0.688679,-0.874354
10,54,0.925723,-0.032849,-0.809826,-1.781330,-0.874354
10,55,-1.202437,-2.126411,-3.185695,1.064047,-0.874354
10,56,0.238860,-3.398358,-2.649013,0.011075,-0.874354
10,57,-0.778158,-2.626548,1.447102,-0.593595,-0.874354
10,58,-1.921451,-0.140033,0.967517,2.099771,-0.874354
10,59,1.914599,-0.458286,-0.347421,-1.041247,-0.874354
10,60,-0.548360,-0.599716,-2.863644,-1.356237,-0.874354
10,61,-3.218782,-1.081497,-1.964394,-1.783144,-0.874354
10,62,-1.516282,-1.524916,-1.461380,-0.658667,-0.874354
10,63,-0.080248,-1.926937,-0.280883,-0.547018,-0.874354
10,64,0.773956,0.883302,-1.551257,0.952282,-0.874354
10,65,1.858257,0.433293,2.676812,-1.391703,-0.874354
10,66,-1.868532,-2.635048,-0.726208,-1.177549,-0.874354
10,67,-0.719123,0.694672,-2.032426,-0.188598,-0.874354
10,68,-1.277154,-0.093026,0.966192,-0.368680,-0.874354
10,69,0.614757,-1.565793,-0.588492,-0.514239,-0.874354
10,70,-1.655058,-1.412190,-2.126713,1.108962,-0.874354
10,71,0.748590,-1.443524,-1.566093,-0.270160,-0.874354
10,72,-0.525797,-1.014318,0.310499,0.059675,-0.874354
10,73,-0.241252,-0.496051,0.128689,-0.407164,-0.874354
10,74,1.215812,0.558959,-2.111425,0.011382,-0.874354
10,75,0.877182,1.624841,-1.216903,-1.334316,-0.874354
10,76,0.358628,0.614409,0.839624,0.927866,-0.874354
10,77,1.274060,0.011070,1.626137,-0.259752,-0.874354
10,78,1.966822,1.165641,-1.129671,-0.021734,-0.874354
10,79,-0.128647,1.825320,-0.734157,-1.560625,-0.874354
10,80,-0.523297,1.883144,1.248997,-2.440078,-0.874354
10,81,-3.384773,1.576331,-1.659045,0.181691,-0.874354
10,82,-0.406223,-1.587098,0.443907,-1.290138,-0.874354
10,83,-2.230863,-0.414962,-0.103783,-0.452740,-0.874354
10,84,-2.899596,-1.719015,-0.484655,0.667909,-0.874354
10,85,-1.330848,-0.571125,1.966368,0.818869,-0.874354
10,86,0.031493,-0.941085,-0.138221,0.574328,-0.874354
10,87,-0.701251,-1.519573,0.003354,2.284037,-0.874354
10,88,0.910390,-1.666975,1.965103,-0.696949,-0.874354
10,89,1.459029,-1.966372,-0.690944,0.026799,-0.874354
10,90,-0.688274,-1.312155,-0.318916,-1.153732,-0.874354
10,91,-0.581870,0.473974,1.226426,0.443082,-0.874354
10,92,2.328614,-0.782186,-0.208100,0.547716,-0.874354
10,93,1.221568,-1.565026,0.150145,1.199799,-0.874354
10,94,2.166967,0.138590,0.882033,1.982064,-0.874354
10,95,3.282012,1.005108,1.261130,1.071101,-0.874354
10,96,0.539532,-1.108902,0.367425,0.173541,-0.874354
10,97,1.294057,-0.557214,-1.844592,0.869514,-0.874354
10,98,0.529995,-0.199930,-1.318238,1.292221,-0.874354
10,99,0.998114,0.417082,1.241923,-1.122948,-0.874354
10,100,-1.423651,1.657996,-0.897016,-0.934962,-0.874354
11,1,0.739038,-0.727629,-1.125250,0.333476,0.221310
11,2,-0.821691,0.123290,-0.824319,0.584014,0.221310
11,3,-0.222736,1.664670,1.173430,-1.388291,0.221310
11,4,-1.216481,1.050575,0.224054,0.810000,0.221310
11,5,-1.446518,1.763163,-0.406544,0.151594,0.221310
11,6,1.067763,-0.335950,-0.957157,1.022595,0.221310
11,7,2.637261,0.171079,-1.185024,-0.117351,0.221310
11,8,1.000571,0.044067,1.115681,-0.490622,0.221310
11,9,0.886622,0.622631,-0.916772,-1.258330,0.221310
11,10,-0.009698,-0.194244,-0.456997,2.127403,0.221310
11,11,1.722968,-0.412620,1.163931,-1.508148,0.221310
11,12,-1.307910,-0.079838,-1.455007,0.027584,0.221310
11,13,2.028725,1.158780,0.635817,2.576277,0.221310
11,14,3.070400,-0.400006,1.536066,1.661878,0.221310
11,15,-0.132617,-1.708078,1.661059,0.861817,0.221310
11,16,1.823214,-1.299970,0.637679,-0.249913,0.221310
11,17,0.697324,-1.242331,0.536437,-0.865165,0.221310
11,18,-0.223444,-1.348932,0.789496,-0.656006,0.221310
11,19,-0.987253,-0.177708,-0.314664,-0.818622,0.221310
11,20,1.110104,-1.322225,0.085619,-0.776433,0.221310
11,21,-0.641401,-1.152941,0.069033,-1.476558,0.221310
11,22,-1.943572,-1.337228,0.077617,0.119911,0.221310
11,23,0.381828,-0.971902,0.596866,1.290288,0.221310
11,24,0.401003,-2.783063,2.014435,-1.499601,0.221310
11,25,-1.911140,-1.141410,1.342432,1.387766,0.221310
11,26,0.283192,0.240634,3.678403,-0.870553,0.221310
11,27,0.031120,1.021219,1.570461,1.183559,0.221310
11,28,1.124683,0.761450,-0.591968,-0.963356,0.221310
11,29,0.147945,-0.071122,0.438523,-2.362001,0.221310
11,30,-0.529990,0.867636,-3.144125,-0.083053,0.221310
11,31,-1.883174,-0.306754,0.716315,-0.797793,0.221310
11,32,1.321419,2.378007,-1.579470,-0.133292,0.221310
11,33,1.067079,0.872944,-1.838943,-1.452881,0.221310
11,34,-1.430071,-1.469705,-3.763921,-0.741061,0.221310
11,35,-2.180209,0.450388,-1.369414,-0.085386,0.221310
11,36,-0.664582,-1.523229,0.220457,-0.971242,0.221310
11,37,-2.139579,-1.256912,-0.598921,-1.679783,0.221310
11,38,-1.244397,-0.593085,-0.015539,-0.251268,0.221310
11,39,1.115940,1.673020,-1.157422,-0.938624,0.221310
11,40,-2.338162,1.395859,0.930399,-0.426238,0.221310
11,41,-0.882917,2.259780,-0.098991,-1.653327,0.221310
11,42,-1.502049,0.703368,-0.632918,-1.131426,0.221310
11,43,-1.958952,0.518766,-0.965928,0.267305,0.221310
11,44,-1.162211,0.700962,-2.036902,-0.393017,0.221310
11,45,-2.281945,-0.633803,-1.918901,-0.969103,0.221310
11,46,-3.189673,0.483587,-1.611463,0.293502,0.221310
11,47,-1.324937,-0.304115,-0.217609,-0.811243,0.221310
11,48,-1.620011,-0.219354,0.443481,0.202921,0.221310
11,49,2.200744,0.033153,-1.436136,0.258902,0.221310
11,50,0.402160,-0.149666,0.004438,-1.472471,0.221310
11,51,0.504911,1.556748,-0.907413,1.790436,0.221310
11,52,1.974504,1.241261,-1.438037,0.964774,0.221310
11,53,2.550333,0.028752,-0.845965,-0.688679,0.221310
11,54,1.978266,-0.636961,-0.411882,-1.781330,0.221310
11,55,-0.639136,-0.379310,0.549149,1.064047,0.221310
11,56,0.763524,-1.521353,1.710437,0.011075,0.221310
11,57,0.051295,-0.500828,0.908411,-0.593595,0.221310
11,58,0.448515,0.219453,1.392773,2.099771,0.221310
11,59,1.678664,-0.424650,3.228872,-1.041247,0.221310
11,60,-1.242728,-1.080084,1.454596,-1.356237,0.221310
11,61,-2.124295,-1.048261,0.696728,-1.783144,0.221310
11,62,-2.554454,-0.400434,1.578263,-0.658667,0.221310
11,63,-0.939533,0.680470,2.376825,-0.547018,0.221310
11,64,-0.678408,-0.669643,1.920695,0.952282,0.221310
11,65,3.082565,-0.406983,1.806919,-1.391703,0.221310
11,66,-0.760083,-0.718924,0.518674,-1.177549,0.221310
11,67,-2.534519,0.031207,0.904214,-0.188598,0.221310
11,68,-1.759737,0.244012,-1.309508,-0.368680,0.221310
11,69,-1.631912,0.171511,-0.924774,-0.514239,0.221310
11,70,-2.801903,-0.342751,-2.634171,1.108962,0.221310
11,71,-1.138644,-0.451083,-0.857045,-0.270160,0.221310
11,72,-0.193771,-2.419300,0.145760,0.059675,0.221310
11,73,0.424337,0.921426,-0.763101,-0.407164,0.221310
11,74,-1.207086,-0.500581,0.980618,0.011382,0.221310
11,75,0.607180,-1.638551,-1.587578,-1.334316,0.221310
11,76,-0.922674,-0.708738,-2.143786,0.927866,0.221310
11,77,1.581372,-1.256443,1.350487,-0.259752,0.221310
11,78,-0.922454,-0.516837,0.059069,-0.021734,0.221310
11,79,-0.764286,-0.507110,0.206141,-1.560625,0.221310
11,80,-0.829324,-0.172321,-0.474277,-2.440078,0.221310
11,81,-2.428393,-0.912012,0.853966,0.181691,0.221310
11,82,-1.650297,-1.671886,1.839501,-1.290138,0.221310
11,83,-2.368408,-2.331254,1.317290,-0.452740,0.221310
11,84,-1.109722,-0.142344,2.969988,0.667909,0.221310
11,85,0.034923,0.331100,1.517382,0.818869,0.221310
11,86,1.312845,-0.990224,1.357579,0.574328,0.221310
11,87,-0.444585,-1.436269,0.400723,2.284037,0.221310
11,88,0.843369,-0.460359,3.866285,-0.696949,0.221310
11,89,0.208040,1.274934,2.095402,0.026799,0.221310
11,90,-0.828480,-0.833939,0.777675,-1.153732,0.221310
11,91,-1.167347,-0.500008,-0.025081,0.443082,0.221310
11,92,1.251460,0.213060,1.061737,0.547716,0.221310
11,93,1.439126,-0.195988,0.365406,1.199799,0.221310
11,94,2.007427,0.556544,1.267074,1.982064,0.221310
11,95,2.738192,-0.295742,3.355084,1.071101,0.221310
11,96,-0.502431,-0.862816,0.575601,0.173541,0.221310
11,97,2.195990,1.501740,0.089072,0.869514,0.221310
11,98,-0.234403,-0.838757,0.451241,1.292221,0.221310
11,99,-0.506057,-1.864995,-0.199284,-1.122948,0.221310
11,100,-1.761027,-0.054307,-0.758595,-0.934962,0.221310
12,1,-0.404376,-1.820486,-0.787670,0.333476,0.221625
12,2,0.260422,-0.715085,-0.314352,0.584014,0.221625
12,3,0.693208,-0.958773,1.000297,-1.388291,0.221625
12,4,-0.872406,0.806619,0.109503,0.810000,0.221625
12,5,0.371541,1.035156,1.730730,0.151594,0.221625
12,6,-0.909801,1.090112,-2.322590,1.022595,0.221625
12,7,0.648497,0.403983,1.015333,-0.117351,0.221625
12,8,1.582342,0.164672,0.828547,-0.490622,0.221625
12,9,-0.779077,-0.760109,-0.074478,-1.258330,0.221625
12,10,-1.980348,-0.042478,-0.953198,2.127403,0.221625
12,11,2.132354,-1.163020,1.358637,-1.508148,0.221625
12,12,-2.355575,-1.638408,1.699517,0.027584,0.221625
12,13,0.165296,-0.025035,0.538696,2.576277,0.221625
12,14,0.526271,0.717524,1.451355,1.661878,0.221625
12,15,0.916512,-0.889638,3.057025,0.861817,0.221625
12,16,1.368476,-1.918062,1.537815,-0.249913,0.221625
12,17,0.631407,-1.408803,2.015947,-0.865165,0.221625
12,18,-1.228409,-0.086981,1.583720,-0.656006,0.221625
12,19,-1.955574,-1.030218,-0.199632,-0.818622,0.221625
12,20,-0.488614,-1.510206,-1.111432,-0.776433,0.221625
12,21,-3.154742,-0.077974,-2.505193,-1.476558,0.221625
12,22,-1.778009,-0.902773,-0.193147,0.119911,0.221625
12,23,0.207517,-0.735413,3.354022,1.290288,0.221625
12,24,0.831872,-0.959623,2.240570,-1.499601,0.221625
12,25,0.176139,0.129467,0.036629,1.387766,0.221625
12,26,0.549724,0.144808,2.857907,-0.870553,0.221625
12,27,-1.132497,-0.733703,-0.521476,1.183559,0.221625
12,28,1.285836,0.518151,-0.416176,-0.963356,0.221625
12,29,1.932314,0.982979,-1.114165,-2.362001,0.221625
12,30,-1.365128,1.299509,0.136263,-0.083053,0.221625
12,31,-1.124608,-0.280570,-0.750820,-0.797793,0.221625
12,32,-0.888905,-0.030783,-1.208628,-0.133292,0.221625
12,33,-1.215284,0.264238,-0.891236,-1.452881,0.221625
12,34,-3.492777,-0.832329,0.212011,-0.741061,0.221625
12,35,0.108340,0.337700,0.235896,-0.085386,0.221625
12,36,0.620031,0.440738,-0.632442,-0.971242,0.221625
12,37,0.096113,1.684463,-1.864783,-1.679783,0.221625
12,38,0.100051,-0.002511,-2.886579,-0.251268,0.221625
12,39,1.054244,1.644191,-3.344156,-0.938624,0.221625
12,40,-2.116585,1.443615,-1.332777,-0.426238,0.221625
12,41,-0.091775,1.756701,-2.963470,-1.653327,0.221625
12,42,-2.126112,1.596746,-1.664442,-1.131426,0.221625
12,43,-1.740225,1.490625,-2.762719,0.267305,0.221625
12,44,-1.175095,0.046943,-1.395593,-0.393017,0.221625
12,45,0.199202,1.404937,-1.462510,-0.969103,0.221625
12,46,-0.025558,1.148950,-0.131300,0.293502,0.221625
12,47,1.013781,-1.657010,-1.469486,-0.811243,0.221625
12,48,-1.969753,-1.005251,-1.959901,0.202921,0.221625
12,49,2.977568,1.190167,1.307348,0.258902,0.221625
12,50,0.568801,-0.297533,0.831993,-1.472471,0.221625
12,51,0.408738,-1.254474,-0.769175,1.790436,0.221625
12,52,1.358426,-1.358365,1.984666,0.964774,0.221625
12,53,1.206240,-0.106323,-0.355524,-0.688679,0.221625
12,54,-0.669878,0.880756,-0.320695,-1.781330,0.221625
12,55,-1.860483,0.066653,-0.585470,1.064047,0.221625
12,56,-1.312690,-0.047507,-0.296982,0.011075,0.221625
12,57,-1.306197,-1.110717,-1.477759,-0.593595,0.221625
12,58,-1.297445,-0.402259,-1.042909,2.099771,0.221625
12,59,0.434583,0.373674,0.431440,-1.041247,0.221625
12,60,-2.575841,0.825774,0.066245,-1.356237,0.221625
12,61,-2.782431,0.284562,-1.367769,-1.783144,0.221625
12,62,-2.218446,0.310171,-0.762122,-0.658667,0.221625
12,63,-2.064356,1.134614,0.874137,-0.547018,0.221625
12,64,-0.409473,0.889938,-0.501431,0.952282,0.221625
12,65,1.402459,0.397312,0.835149,-1.391703,0.221625
12,66,1.962229,-0.378926,0.331489,-1.177549,0.221625
12,67,-0.037529,1.585107,0.210192,-0.188598,0.221625
12,68,-2.004594,1.342723,0.348043,-0.368680,0.221625
12,69,-0.581056,1.564804,-0.410987,-0.514239,0.221625
12,70,-1.346370,1.556773,-2.254647,1.108962,0.221625
12,71,0.271223,2.763301,0.585184,-0.270160,0.221625
12,72,-1.351730,0.180273,-1.268223,0.059675,0.221625
12,73,-3.535249,0.960565,-2.247880,-0.407164,0.221625
12,74,-0.932722,0.783357,-1.967597,0.011382,0.221625
12,75,0.777771,-1.127559,0.597097,-1.334316,0.221625
12,76,-0.196981,-1.521495,-0.253738,0.927866,0.221625
12,77,1.532394,-0.936191,2.386370,-0.259752,0.221625
12,78,-0.496524,-0.542220,1.817823,-0.021734,0.221625
12,79,0.668358,-0.101679,1.540985,-1.560625,0.221625
12,80,-0.767940,-0.995394,2.154178,-2.440078,0.221625
12,81,-3.407982,-2.731970,-0.472446,0.181691,0.221625
12,82,-2.499822,-0.288698,1.934009,-1.290138,0.221625
12,83,-1.090339,0.813721,0.193302,-0.452740,0.221625
12,84,-2.125411,0.426195,0.346568,0.667909,0.221625
12,85,-0.135565,1.227255,0.179218,0.818869,0.221625
12,86,0.434760,-0.516950,0.222523,0.574328,0.221625
12,87,0.656662,-0.233507,-1.218339,2.284037,0.221625
12,88,1.436240,0.198542,0.743285,-0.696949,0.221625
12,89,1.137440,-0.149352,1.069880,0.026799,0.221625
12,90,-0.721222,-1.735884,1.137537,-1.153732,0.221625
12,91,-0.232490,0.844387,-0.208424,0.443082,0.221625
12,92,1.271524,0.373559,0.519897,0.547716,0.221625
12,93,1.092184,0.092201,0.338662,1.199799,0.221625
12,94,-0.131579,1.133113,1.277887,1.982064,0.221625
12,95,1.576404,1.297885,0.895767,1.071101,0.221625
12,96,0.871940,0.826503,1.316516,0.173541,0.221625
12,97,1.492389,2.757540,-0.464597,0.869514,0.221625
12,98,-0.985259,-0.134439,0.571673,1.292221,0.221625
12,99,1.371447,-0.190505,1.548121,-1.122948,0.221625
12,100,-1.712687,-1.039048,0.124518,-0.934962,0.221625
13,1,-0.879034,0.735149,-0.313130,0.333476,-0.871693
13,2,-0.832994,-0.184699,1.257073,0.584014,-0.871693
13,3,0.750809,-2.353707,-0.028917,-1.388291,-0.871693
13,4,-0.725509,-0.188762,0.298869,0.810000,-0.871693
13,5,0.900089,0.131989,0.272530,0.151594,-0.871693
13,6,-0.112437,0.292172,0.299727,1.022595,-0.871693
13,7,1.259113,-0.773021,-0.500251,-0.117351,-0.871693
13,8,-0.577674,-0.912689,-2.177372,-0.490622,-0.871693
13,9,-0.807912,-1.117070,-0.860638,-1.258330,-0.871693
13,10,-2.193132,-0.444449,-1.555147,2.127403,-0.871693
13,11,0.958130,-1.232457,0.389609,-1.508148,-0.871693
13,12,-2.992414,-0.249984,-1.819073,0.027584,-0.871693
13,13,-0.552326,-1.211023,-1.205750,2.576277,-0.871693
13,14,3.025040,-1.105771,0.571079,1.661878,-0.871693
13,15,1.478403,0.289005,1.309787,0.861817,-0.871693
13,16,2.095334,-0.345953,-0.454421,-0.249913,-0.871693
13,17,-0.800947,-0.993193,-0.913912,-0.865165,-0.871693
13,18,-1.963651,-0.797025,-1.768436,-0.656006,-0.871693
13,19,-0.818293,-0.323016,-0.649360,-0.818622,-0.871693
13,20,-2.689460,0.291116,1.123753,-0.776433,-0.871693
13,21,-2.131926,-0.335418,-0.156206,-1.476558,-0.871693
13,22,-3.355969,-0.583239,-1.158554,0.119911,-0.871693
13,23,-0.402394,0.621874,-0.451291,1.290288,-0.871693
13,24,-2.121866,2.091197,1.026358,-1.499601,-0.871693
13,25,-2.508959,1.718725,-2.964277,1.387766,-0.871693
13,26,-0.192094,-0.574502,-3.246096,-0.870553,-0.871693
13,27,0.524589,0.089694,-4.248075,1.183559,-0.871693
13,28,2.634583,1.214921,-0.661823,-0.963356,-0.871693
13,29,0.902594,0.330397,-2.412713,-2.362001,-0.871693
13,30,-1.422815,-0.824752,-2.759494,-0.083053,-0.871693
13,31,-0.494225,-0.049251,-1.519703,-0.797793,-0.871693
13,32,-0.715059,1.254241,0.130556,-0.133292,-0.871693
13,33,-1.169728,-0.751792,0.633998,-1.452881,-0.871693
13,34,-1.342506,-0.628633,0.188978,-0.741061,-0.871693
13,35,-0.734472,-1.065449,-0.635705,-0.085386,-0.871693
13,36,-0.766235,-1.167138,1.252823,-0.971242,-0.871693
13,37,-1.887410,-1.566651,-0.908685,-1.679783,-0.871693
13,38,-2.191047,-0.717722,-1.101029,-0.251268,-0.871693
13,39,0.260680,0.541925,-1.040525,-0.938624,-0.871693
13,40,-0.601219,0.802439,-1.150082,-0.426238,-0.871693
13,41,1.842507,0.484603,-0.512898,-1.653327,-0.871693
13,42,0.532589,1.016466,-0.912940,-1.131426,-0.871693
13,43,-0.045137,-1.204681,-1.177710,0.267305,-0.871693
13,44,-1.129344,-0.727571,-2.290238,-0.393017,-0.871693
13,45,-0.615339,-1.609861,0.646023,-0.969103,-0.871693
13,46,-3.172327,-0.575152,-0.485298,0.293502,-0.871693
13,47,-2.125592,0.655459,0.394962,-0.811243,-0.871693
13,48,-1.105995,-0.142027,0.065651,0.202921,-0.871693
13,49,3.010819,0.365149,-0.447847,0.258902,-0.871693
13,50,0.423007,0.651415,-1.287297,-1.472471,-0.871693
13,51,-1.906218,0.620544,-2.334548,1.790436,-0.871693
13,52,-1.136239,-0.598646,0.164332,0.964774,-0.871693
13,53,0.772666,-1.376140,1.072913,-0.688679,-0.871693
13,54,0.860176,-1.176811,-1.516643,-1.781330,-0.871693
13,55,-2.195316,0.018207,-0.251829,1.064047,-0.871693
13,56,-0.125772,-0.268956,1.873536,0.011075,-0.871693
13,57,-1.196405,-0.201994,0.685281,-0.593595,-0.871693
13,58,-1.170878,-0.836106,-1.117318,2.099771,-0.871693
13,59,0.033694,-0.923840,-0.042931,-1.041247,-0.871693
13,60,-0.951450,-0.484987,-0.918173,-1.356237,-0.871693
13,61,-3.098130,-2.839846,-0.757485,-1.783144,-0.871693
13,62,-3.661587,-0.732531,-0.515486,-0.658667,-0.871693
13,63,-3.057250,-0.080210,-1.109395,-0.547018,-0.871693
13,64,-0.836614,-0.339490,-2.016268,0.952282,-0.871693
13,65,-0.135308,-0.339213,-1.067398,-1.391703,-0.871693
13,66,-1.821772,-0.652568,-1.206294,-1.177549,-0.871693
13,67,-0.150377,-0.018248,-1.167801,-0.188598,-0.871693
13,68,0.393111,-0.868684,-0.139961,-0.368680,-0.871693
13,69,1.322385,0.525297,-0.483670,-0.514239,-0.871693
13,70,-3.036720,-0.542637,-2.040544,1.108962,-0.871693
13,71,1.299275,-0.152555,-2.102329,-0.270160,-0.871693
13,72,-0.038780,-0.145592,0.121473,0.059675,-0.871693
13,73,-0.095793,-2.810577,-0.935226,-0.407164,-0.871693
13,74,-0.417211,0.516286,-1.056753,0.011382,-0.871693
13,75,0.075689,1.431205,2.456413,-1.334316,-0.871693
13,76,-2.373931,1.665868,-2.826924,0.927866,-0.871693
13,77,1.684970,2.267624,-1.471290,-0.259752,-0.871693
13,78,-1.040282,0.673252,-1.814952,-0.021734,-0.871693
13,79,-0.551815,-0.642657,-1.463334,-1.560625,-0.871693
13,80,-1.292182,1.101980,-3.570965,-2.440078,-0.871693
13,81,-3.238081,0.159716,-3.653801,0.181691,-0.871693
13,82,-4.562767,-0.713088,-1.024464,-1.290138,-0.871693
13,83,-3.301337,-0.433452,-1.650276,-0.452740,-0.871693
13,84,-2.853572,0.871447,-2.834623,0.667909,-0.871693
13,85,-1.913505,0.352493,-1.629696,0.818869,-0.871693
13,86,1.596237,0.258818,-1.408195,0.574328,-0.871693
13,87,-0.593988,0.046185,-2.422724,2.284037,-0.871693
13,88,0.824226,-0.525404,-1.154114,-0.696949,-0.871693
13,89,-0.266298,0.700258,-3.207984,0.026799,-0.871693
13,90,-1.811699,-2.343636,-1.671659,-1.153732,-0.871693
13,91,-1.527501,-0.972530,-2.572072,0.443082,-0.871693
13,92,2.157753,-1.395062,-0.030487,0.547716,-0.871693
13,93,2.758096,0.799876,-0.513905,1.199799,-0.871693
13,94,1.270008,-1.036548,2.405592,1.982064,-0.871693
13,95,2.963536,-1.220390,-1.103340,1.071101,-0.871693
13,96,1.619289,0.095374,-0.143357,0.173541,-0.871693
13,97,1.825366,0.499746,0.731910,0.869514,-0.871693
13,98,2.544674,0.998545,0.609442,1.292221,-0.871693
13,99,0.695229,1.363794,-0.024529,-1.122948,-0.871693
13,100,0.795985,2.401110,-3.937511,-0.934962,-0.871693
14,1,-2.209909,0.846379,0.417967,0.333476,0.509019
14,2,-0.647310,-2.052928,-0.242702,0.584014,0.509019
14,3,1.228578,-0.879732,0.109511,-1.388291,0.509019
14,4,-2.724224,0.130554,1.511528,0.810000,0.509019
14,5,-0.277315,-0.157854,1.920610,0.151594,0.509019
14,6,1.367752,0.111909,2.175282,1.022595,0.509019
14,7,1.994253,-0.756515,0.061608,-0.117351,0.509019
14,8,2.897628,-1.675773,-0.469918,-0.490622,0.509019
14,9,0.406450,1.893018,1.568774,-1.258330,0.509019
14,10,-1.514604,0.977329,2.091515,2.127403,0.509019
14,11,0.413488,1.050866,2.451174,-1.508148,0.509019
14,12,-1.026641,-0.396635,-1.229805,0.027584,0.509019
14,13,1.289006,-0.200211,-2.322723,2.576277,0.509019
14,14,4.109082,-0.159881,-0.008101,1.661878,0.509019
14,15,1.568712,1.175674,1.424599,0.861817,0.509019
14,16,2.861481,1.399460,1.717102,-0.249913,0.509019
14,17,-0.773400,0.270244,1.082746,-0.865165,0.509019
14,18,-0.239525,-1.364595,-1.165549,-0.656006,0.509019
14,19,-1.236185,0.605672,0.132594,-0.818622,0.509019
14,20,-3.110908,0.178627,0.203521,-0.776433,0.509019
14,21,-3.230646,-0.749535,0.699690,-1.476558,0.509019
14,22,-0.736353,1.485440,-1.225697,0.119911,0.509019
14,23,-0.848029,0.925765,0.423039,1.290288,0.509019
14,24,-0.178450,-0.803610,1.783777,-1.499601,0.509019
14,25,-0.787496,-0.336682,-0.374605,1.387766,0.509019
14,26,-0.440381,-2.453751,1.289384,-0.870553,0.509019
14,27,-2.359939,-0.815520,-0.158286,1.183559,0.509019
14,28,0.010051,-1.193488,1.471956,-0.963356,0.509019
14,29,1.479601,0.449315,0.517769,-2.362001,0.509019
14,30,-1.672874,1.782313,0.289696,-0.083053,0.509019
14,31,-2.453855,1.437574,-1.195142,-0.797793,0.509019
14,32,0.032251,0.476223,-1.663245,-0.133292,0.509019
14,33,-2.621756,0.554238,-0.781147,-1.452881,0.509019
14,34,-3.962185,0.034864,-2.173873,-0.741061,0.509019
14,35,-2.043285,1.245569,-0.698806,-0.085386,0.509019
14,36,-0.588725,0.416468,-0.338577,-0.971242,0.509019
14,37,0.591900,1.299253,-0.576420,-1.679783,0.509019
14,38,-2.413253,1.620198,-0.991062,-0.251268,0.509019
14,39,-0.380763,0.576657,-1.093669,-0.938624,0.509019
14,40,-0.483010,2.072419,-0.181257,-0.426238,0.509019
14,41,0.838303,2.268569,0.800460,-1.653327,0.509019
14,42,-2.200622,1.421512,-2.279608,-1.131426,0.509019
14,43,-0.338047,0.602534,-1.863066,0.267305,0.509019
14,44,-0.276752,-1.646313,-0.541675,-0.393017,0.509019
14,45,-0.379388,-2.117572,-0.307502,-0.969103,0.509019
14,46,-2.822203,-2.701141,1.412072,0.293502,0.509019
14,47,-0.814242,-2.560077,1.658455,-0.811243,0.509019
14,48,-1.918815,-0.211203,2.442520,0.202921,0.509019
14,49,-0.188999,1.655268,2.920532,0.258902,0.509019
14,50,0.915766,1.423988,1.838314,-1.472471,0.509019
14,51,-0.899756,0.064823,-0.982257,1.790436,0.509019
14,52,-0.906012,-1.969260,0.645826,0.964774,0.509019
14,53,0.524176,-1.725930,2.193210,-0.688679,0.509019
14,54,-2.182614,1.426628,0.673445,-1.781330,0.509019
14,55,-4.149333,0.367686,-1.234307,1.064047,0.509019
14,56,-2.308522,1.112358,0.671070,0.011075,0.509019
14,57,0.469575,0.572619,-0.227426,-0.593595,0.509019
14,58,-0.767366,2.122128,0.326305,2.099771,0.509019
14,59,0.986238,2.360382,1.212626,-1.041247,0.509019
14,60,-3.059305,-0.258763,-1.062087,-1.356237,0.509019
14,61,-4.677204,-1.233057,-1.453104,-1.783144,0.509019
14,62,-3.161784,-1.321041,-0.396242,-0.658667,0.509019
14,63,-1.428699,1.255913,0.497081,-0.547018,0.509019
14,64,-1.534276,-0.094133,1.970742,0.952282,0.509019
14,65,2.342558,-1.639236,1.121229,-1.391703,0.509019
14,66,-0.201290,-0.579670,-2.098454,-1.177549,0.509019
14,67,0.033237,0.813263,0.371248,-0.188598,0.509019
14,68,0.254561,-0.868035,1.444676,-0.368680,0.509019
14,69,-1.175296,0.609090,0.278448,-0.514239,0.509019
14,70,-1.410452,-1.116937,0.057455,1.108962,0.509019
14,71,1.279271,-1.669614,0.488722,-0.270160,0.509019
14,72,-0.285492,0.436777,1.652009,0.059675,0.509019
14,73,-0.710978,-2.294154,0.143685,-0.407164,0.509019
14,74,-0.414275,0.732101,-2.147073,0.011382,0.509019
14,75,0.470520,-0.214701,-0.226183,-1.334316,0.509019
14,76,-3.119592,0.193681,-1.719139,0.927866,0.509019
14,77,0.665647,1.129187,2.878304,-0.259752,0.509019
14,78,-1.385562,-0.628171,2.833194,-0.021734,0.509019
14,79,-2.098125,-1.746155,4.329150,-1.560625,0.509019
14,80,-1.034928,0.126364,0.899501,-2.440078,0.509019
14,81,-2.354850,-0.059149,-0.025765,0.181691,0.509019
14,82,0.595727,0.159274,-0.413900,-1.290138,0.509019
14,83,-2.187070,-0.885820,-0.616482,-0.452740,0.509019
14,84,-1.488517,-0.692437,0.510404,0.667909,0.509019
14,85,1.625442,-0.462728,0.023310,0.818869,0.509019
14,86,-0.022152,-0.742277,2.980645,0.574328,0.509019
14,87,0.076312,-1.095220,1.596293,2.284037,0.509019
14,88,1.102248,0.336308,2.025603,-0.696949,0.509019
14,89,0.881293,1.294664,-0.569475,0.026799,0.509019
14,90,3.156598,-0.831198,-0.005846,-1.153732,0.509019
14,91,1.325121,-1.009994,-0.187905,0.443082,0.509019
14,92,-0.146487,1.665188,1.343505,0.547716,0.509019
14,93,0.214055,0.395452,3.306146,1.199799,0.509019
14,94,2.511449,-0.239189,1.128872,1.982064,0.509019
14,95,0.474435,0.118257,3.862417,1.071101,0.509019
14,96,-0.004396,-1.520597,2.385790,0.173541,0.509019
14,97,-0.277349,1.418418,1.792460,0.869514,0.509019
14,98,1.738936,0.200504,2.268094,1.292221,0.509019
14,99,1.344066,0.863011,2.029383,-1.122948,0.509019
14,100,-0.636223,1.454514,0.019998,-0.934962,0.509019
15,1,1.171647,0.874170,0.292485,0.333476,-0.311592
15,2,2.514759,1.279895,-0.341441,0.584014,-0.311592
15,3,2.320034,1.995686,-0.838875,-1.388291,-0.311592
15,4,-2.388013,0.578216,-2.188789,0.810000,-0.311592
15,5,-0.911985,-0.111053,-0.383251,0.151594,-0.311592
15,6,-0.745030,-0.270210,-1.478916,1.022595,-0.311592
15,7,0.933567,-1.378355,-0.510437,-0.117351,-0.311592
15,8,-0.672941,-2.711411,-0.688221,-0.490622,-0.311592
15,9,-2.477885,-1.979874,1.822051,-1.258330,-0.311592
15,10,-2.079886,-1.588949,1.125757,2.127403,-0.311592
15,11,0.770685,1.851805,1.248828,-1.508148,-0.311592
15,12,-1.699595,-0.582227,1.488076,0.027584,-0.311592
15,13,0.357885,1.129251,-1.733294,2.576277,-0.311592
15,14,2.318953,1.919630,0.592216,1.661878,-0.311592
15,15,0.679138,1.790720,-0.806403,0.861817,-0.311592
15,16,1.457754,0.336504,-0.101394,-0.249913,-0.311592
15,17,-1.577120,-0.367896,-1.439375,-0.865165,-0.311592
15,18,-2.564385,-0.458312,-0.727481,-0.656006,-0.311592
15,19,-2.974283,-0.455512,-0.365709,-0.818622,-0.311592
15,20,-2.917319,0.472418,-0.412643,-0.776433,-0.311592
15,21,-3.772979,-0.492487,1.139031,-1.476558,-0.311592
15,22,-3.501687,0.859612,-0.208171,0.119911,-0.311592
15,23,1.078580,0.637728,-1.244087,1.290288,-0.311592
15,24,0.700757,-0.661836,-0.628814,-1.499601,-0.311592
15,25,-0.539661,1.286603,-0.371640,1.387766,-0.311592
15,26,0.783656,-0.660143,-0.947683,-0.870553,-0.311592
15,27,-0.658043,-0.291193,-2.248533,1.183559,-0.311592
15,28,1.594243,-1.010570,-0.791700,-0.963356,-0.311592
15,29,-0.451540,-0.196211,-0.309810,-2.362001,-0.311592
15,30,-0.523488,-0.420511,0.568695,-0.083053,-0.311592
15,31,-0.763782,-0.313603,-1.798038,-0.797793,-0.311592
15,32,-1.218629,0.582391,-2.062331,-0.133292,-0.311592
15,33,-1.635170,-0.449690,-3.343515,-1.452881,-0.311592
15,34,-1.124105,0.109616,-1.243474,-0.741061,-0.311592
15,35,-2.896452,0.933682,-1.124773,-0.085386,-0.311592
15,36,0.386874,1.122059,-0.614223,-0.971242,-0.311592
15,37,-1.190868,1.445531,-1.350860,-1.679783,-0.311592
15,38,-1.208978,-0.480631,-0.676826,-0.251268,-0.311592
15,39,0.861471,-0.134404,-1.965718,-0.938624,-0.311592
15,40,1.573051,-0.744854,-0.920477,-0.426238,-0.311592
15,41,0.950127,-0.850926,-0.242949,-1.653327,-0.311592
15,42,-1.256472,-1.219484,-1.341948,-1.131426,-0.311592
15,43,-0.387050,-0.155374,-0.306257,0.267305,-0.311592
15,44,0.775221,-1.445964,1.454888,-0.393017,-0.311592
15,45,-0.811236,0.674301,-0.742029,-0.969103,-0.311592
15,46,-3.216711,-0.841931,-0.243973,0.293502,-0.311592
15,47,-3.366247,-1.115084,0.996386,-0.811243,-0.311592
15,48,-2.471966,1.140119,0.083419,0.202921,-0.311592
15,49,-1.448403,0.554155,1.191197,0.258902,-0.311592
15,50,-0.806527,-2.218388,0.866896,-1.472471,-0.311592
15,51,-0.296240,-0.893964,-2.040358,1.790436,-0.311592
15,52,1.970091,-0.616419,-0.418571,0.964774,-0.311592
15,53,-0.147190,-1.970005,1.021467,-0.688679,-0.311592
15,54,-1.517452,-0.276621,0.281110,-1.781330,-0.311592
15,55,-2.092018,-1.484245,0.092034,1.064047,-0.311592
15,56,1.541630,-0.714053,1.727829,0.011075,-0.311592
15,57,0.198207,-0.295622,-0.014521,-0.593595,-0.311592
15,58,-1.102677,0.210712,0.122197,2.099771,-0.311592
15,59,1.997239,0.735996,1.963699,-1.041247,-0.311592
15,60,-1.911534,0.589550,0.603046,-1.356237,-0.311592
15,61,-3.642036,-1.595683,-1.729798,-1.783144,-0.311592
15,62,-4.217925,-1.403767,-0.920539,-0.658667,-0.311592
15,63,-2.571075,-1.903953,0.829034,-0.547018,-0.311592
15,64,1.046127,-1.199769,0.188940,0.952282,-0.311592
15,65,0.245068,0.289800,1.291757,-1.391703,-0.311592
15,66,1.327317,-0.701591,-0.546590,-1.177549,-0.311592
15,67,0.112612,-1.452874,-1.084436,-0.188598,-0.311592
15,68,-1.284506,-1.096735,0.499956,-0.368680,-0.311592
15,69,-1.659396,-0.449248,-0.883701,-0.514239,-0.311592
15,70,-1.908137,0.532586,-1.685806,1.108962,-0.311592
15,71,-1.100336,0.034216,0.084834,-0.270160,-0.311592
15,72,-1.581768,-0.369497,-0.417124,0.059675,-0.311592
15,73,-1.477956,-1.915545,-0.514769,-0.407164,-0.311592
15,74,-0.078084,-0.951157,-0.419391,0.011382,-0.311592
15,75,-0.959684,-0.145527,1.391364,-1.334316,-0.311592
15,76,-0.543689,0.286245,0.293730,0.927866,-0.311592
15,77,-0.932660,-2.269150,1.837068,-0.259752,-0.311592
15,78,0.323666,-0.795781,0.770570,-0.021734,-0.311592
15,79,1.506513,0.151627,1.267646,-1.560625,-0.311592
15,80,1.026442,-1.163236,-1.616260,-2.440078,-0.311592
15,81,-1.226754,-1.068705,-2.258377,0.181691,-0.311592
15,82,-0.991860,-0.961743,1.649013,-1.290138,-0.311592
15,83,-0.516030,-0.465685,-1.372544,-0.452740,-0.311592
15,84,-1.202631,-1.453950,-0.488895,0.667909,-0.311592
15,85,-1.331508,-0.559276,-0.920649,0.818869,-0.311592
15,86,0.820440,-1.701145,0.708241,0.574328,-0.311592
15,87,0.116614,-2.170107,-1.173273,2.284037,-0.311592
15,88,1.606711,-1.492625,1.995982,-0.696949,-0.311592
15,89,0.562761,-0.056835,0.178313,0.026799,-0.311592
15,90,0.301052,-0.123825,1.840441,-1.153732,-0.311592
15,91,-0.877531,0.787845,-0.858927,0.443082,-0.311592
15,92,1.105585,1.597573,1.919635,0.547716,-0.311592
15,93,2.082855,3.185666,-0.568387,1.199799,-0.311592
15,94,0.562173,2.549236,0.662966,1.982064,-0.311592
15,95,0.872323,0.382959,-1.793797,1.071101,-0.311592
15,96,-2.071724,-0.829769,-0.245702,0.173541,-0.311592
15,97,3.380507,0.249628,0.731570,0.869514,-0.311592
15,98,1.638612,-0.405836,0.677407,1.292221,-0.311592
15,99,1.098639,0.396253,1.903232,-1.122948,-0.311592
15,100,-2.929256,0.387900,-0.160356,-0.934962,-0.311592
16,1,-1.111285,-0.921883,1.369915,0.333476,0.307068
16,2,0.876356,-1.221343,0.841869,0.584014,0.307068
16,3,1.263822,-0.420127,0.567255,-1.388291,0.307068
16,4,-1.857891,0.968369,0.670709,0.810000,0.307068
16,5,-0.585109,0.588470,1.066118,0.151594,0.307068
16,6,0.591330,0.970414,1.133955,1.022595,0.307068
16,7,-0.006280,1.604631,-1.557294,-0.117351,0.307068
16,8,0.065914,1.547943,-0.895099,-0.490622,0.307068
16,9,-3.687549,0.198980,-1.636167,-1.258330,0.307068
16,10,-1.636105,-0.009022,-1.948305,2.127403,0.307068
16,11,1.316415,0.380674,-0.358459,-1.508148,0.307068
16,12,-1.833945,-0.460914,-0.333771,0.027584,0.307068
16,13,0.629785,-0.912140,1.902874,2.576277,0.307068
16,14,2.097926,-0.981511,2.553666,1.661878,0.307068
16,15,2.111160,-0.081485,2.119741,0.861817,0.307068
16,16,2.903978,0.763665,-0.103027,-0.249913,0.307068
16,17,2.013636,0.612852,0.834243,-0.865165,0.307068
16,18,-1.285735,0.174159,-1.216558,-0.656006,0.307068
16,19,-0.850429,-3.026490,-1.191979,-0.818622,0.307068
16,20,-1.549438,-0.879973,-1.090962,-0.776433,0.307068
16,21,-2.772159,-0.586749,2.318912,-1.476558,0.307068
16,22,-1.881737,1.293158,0.828908,0.119911,0.307068
16,23,2.346691,1.283243,1.054191,1.290288,0.307068
16,24,2.079068,-1.255058,0.449448,-1.499601,0.307068
16,25,-0.586040,-2.676224,-0.622310,1.387766,0.307068
16,26,0.758794,-1.458675,-0.304787,-0.870553,0.307068
16,27,-0.086227,-0.876878,-1.296747,1.183559,0.307068
16,28,0.320121,0.115990,-0.609416,-0.963356,0.307068
16,29,-2.026846,0.327031,-0.995059,-2.362001,0.307068
16,30,-3.053902,1.332687,-1.802528,-0.083053,0.307068
16,31,-0.870081,0.845387,0.208974,-0.797793,0.307068
16,32,-0.141604,-0.329646,-0.267132,-0.133292,0.307068
16,33,-1.056043,1.183916,0.632143,-1.452881,0.307068
16,34,-1.803650,-0.295143,-1.885664,-0.741061,0.307068
16,35,-0.855655,0.472681,-1.226631,-0.085386,0.307068
16,36,-0.992493,-0.902699,0.919690,-0.971242,0.307068
16,37,-2.128487,1.809132,-2.708249,-1.679783,0.307068
16,38,-1.735519,-1.026782,-1.076005,-0.251268,0.307068
16,39,1.053898,1.470079,-2.129497,-0.938624,0.307068
16,40,-1.454013,1.320137,-0.363050,-0.426238,0.307068
16,41,0.111203,-0.857332,0.861828,-1.653327,0.307068
16,42,-0.907506,-2.568926,-1.278281,-1.131426,0.307068
16,43,-1.214409,-0.349565,0.708062,0.267305,0.307068
16,44,-0.459744,-1.374513,1.021692,-0.393017,0.307068
16,45,1.435705,-0.710971,1.681737,-0.969103,0.307068
16,46,-0.361949,0.529854,0.244210,0.293502,0.307068
16,47,-1.259728,-0.580240,0.484829,-0.811243,0.307068
16,48,-3.220181,-2.087429,-0.537605,0.202921,0.307068
16,49,0.479295,-0.698870,-1.456525,0.258902,0.307068
16,50,2.361172,-0.667197,-1.489278,-1.472471,0.307068
16,51,-0.175848,-0.165631,-0.439787,1.790436,0.307068
16,52,1.117310,-0.596782,2.623533,0.964774,0.307068
16,53,3.664240,-0.356509,-0.238590,-0.688679,0.307068
16,54,1.731425,-0.302793,0.321434,-1.781330,0.307068
16,55,-0.199254,-0.793480,0.171593,1.064047,0.307068
16,56,0.447307,-1.291555,1.752389,0.011075,0.307068
16,57,0.238486,-0.797028,-0.096061,-0.593595,0.307068
16,58,-1.352249,-0.188040,-0.419631,2.099771,0.307068
16,59,2.283236,-0.356526,0.272683,-1.041247,0.307068
16,60,-0.649144,-1.923339,1.073335,-1.356237,0.307068
16,61,-3.407903,-0.302640,-0.721305,-1.783144,0.307068
16,62,-3.114905,0.344782,0.176135,-0.658667,0.307068
16,63,-2.687165,0.324776,-1.541823,-0.547018,0.307068
16,64,0.646206,1.866878,-2.326718,0.952282,0.307068
16,65,1.134525,1.661059,-0.436215,-1.391703,0.307068
16,66,-1.606431,0.224652,-2.726384,-1.177549,0.307068
16,67,-0.090639,0.384737,-2.133142,-0.188598,0.307068
16,68,-2.542775,-0.264280,-1.771545,-0.368680,0.307068
16,69,-2.471290,0.178554,-0.758826,-0.514239,0.307068
16,70,-1.885729,-0.378304,0.636744,1.108962,0.307068
16,71,0.339802,-0.030744,0.578841,-0.270160,0.307068
16,72,-1.407355,-0.626372,1.119292,0.059675,0.307068
16,73,-1.611177,-2.454016,-2.006707,-0.407164,0.307068
16,74,-1.690907,0.187359,1.651321,0.011382,0.307068
16,75,-1.718282,0.792288,1.168961,-1.334316,0.307068
16,76,-3.956293,2.287877,-0.240560,0.927866,0.307068
16,77,1.469780,2.353324,1.604568,-0.259752,0.307068
16,78,0.846413,0.013512,-0.836855,-0.021734,0.307068
16,79,-1.401956,0.049611,-0.619967,-1.560625,0.307068
16,80,-2.897955,-0.334477,-1.512084,-2.440078,0.307068
16,81,-2.852801,1.468175,-1.083012,0.181691,0.307068
16,82,-0.179484,1.002964,0.282484,-1.290138,0.307068
16,83,-2.957780,-1.336079,-1.928540,-0.452740,0.307068
16,84,-0.222870,-0.982703,-2.322529,0.667909,0.307068
16,85,-1.826623,1.227404,-0.649340,0.818869,0.307068
16,86,-0.608615,0.284935,1.830535,0.574328,0.307068
16,87,-2.267727,-2.503970,-0.383353,2.284037,0.307068
16,88,0.732664,-1.557395,2.149912,-0.696949,0.307068
16,89,0.059042,-0.066600,1.434768,0.026799,0.307068
16,90,-0.895018,0.273706,1.797167,-1.153732,0.307068
16,91,-1.563511,0.218221,0.852636,0.443082,0.307068
16,92,0.221578,-0.046185,-0.169297,0.547716,0.307068
16,93,-0.484334,1.579163,-0.258340,1.199799,0.307068
16,94,0.373722,1.962678,1.599108,1.982064,0.307068
16,95,1.993921,0.398223,0.894200,1.071101,0.307068
16,96,0.428512,-1.910294,-0.689326,0.173541,0.307068
16,97,1.327615,-1.189535,0.917303,0.869514,0.307068
16,98,-1.109641,-0.721449,2.190061,1.292221,0.307068
16,99,1.813654,0.297718,3.951373,-1.122948,0.307068
16,100,-0.616278,1.065890,0.565035,-0.934962,0.307068
17,1,2.145994,1.850540,-2.270110,0.333476,-0.886300
17,2,0.926765,0.539477,-1.110393,0.584014,-0.886300
17,3,1.677958,-0.565747,-0.979614,-1.388291,-0.886300
17,4,-0.584953,0.544829,-1.067189,0.810000,-0.886300
17,5,-0.654861,-0.467824,0.202808,0.151594,-0.886300
17,6,-1.307506,1.284204,-1.262493,1.022595,-0.886300
17,7,-0.145244,2.466127,-0.644272,-0.117351,-0.886300
17,8,0.341281,-0.723694,0.149284,-0.490622,-0.886300
17,9,-0.681283,-0.499369,-0.676469,-1.258330,-0.886300
17,10,-2.512746,0.297673,-1.003484,2.127403,-0.886300
17,11,1.441860,2.334488,-0.842556,-1.508148,-0.886300
17,12,-1.297430,0.053008,-3.705575,0.027584,-0.886300
17,13,0.951269,1.996439,-3.095443,2.576277,-0.886300
17,14,2.813484,0.684981,-1.215142,1.661878,-0.886300
17,15,3.005384,0.384955,-0.212786,0.861817,-0.886300
17,16,1.928067,1.198028,0.399509,-0.249913,-0.886300
17,17,0.467120,-0.142733,-0.800538,-0.865165,-0.886300
17,18,-3.015553,-1.641776,-1.045696,-0.656006,-0.886300
17,19,-2.494192,0.299159,-1.470216,-0.818622,-0.886300
17,20,-0.696283,-0.299216,-2.047990,-0.776433,-0.886300
17,21,-1.453681,-0.085840,-1.565267,-1.476558,-0.886300
17,22,-1.187929,0.446814,-2.293701,0.119911,-0.886300
17,23,2.096886,-0.126123,-2.821004,1.290288,-0.886300
17,24,1.586897,0.106753,-1.344887,-1.499601,-0.886300
17,25,-1.410828,-0.285470,-1.763792,1.387766,-0.886300
17,26,2.928388,-1.525778,-3.374837,-0.870553,-0.886300
17,27,0.596232,-1.380759,-0.849112,1.183559,-0.886300
17,28,-0.059866,-0.044372,0.647650,-0.963356,-0.886300
17,29,-0.106594,0.214897,-0.323820,-2.362001,-0.886300
17,30,-2.086055,2.162466,-0.481860,-0.083053,-0.886300
17,31,-1.015413,-0.944226,-0.291248,-0.797793,-0.886300
17,32,-0.828184,0.665658,-1.751817,-0.133292,-0.886300
17,33,0.654152,0.478834,-0.412422,-1.452881,-0.886300
17,34,-1.364232,-0.092155,-0.445178,-0.741061,-0.886300
17,35,-1.340008,-0.015241,-1.611246,-0.085386,-0.886300
17,36,-1.246467,-0.689354,-0.458175,-0.971242,-0.886300
17,37,-1.324930,-0.077191,0.116391,-1.679783,-0.886300
17,38,-2.571964,-1.662890,-2.015516,-0.251268,-0.886300
17,39,0.421488,1.402794,-1.763953,-0.938624,-0.886300
17,40,0.765050,1.625280,-1.040542,-0.426238,-0.886300
17,41,1.476532,0.445467,-2.667240,-1.653327,-0.886300
17,42,-0.573212,-0.717730,-1.842584,-1.131426,-0.886300
17,43,-2.502907,0.371165,-2.711427,0.267305,-0.886300
17,44,-0.880557,-0.708197,-0.126178,-0.393017,-0.886300
17,45,-0.030287,0.938884,-1.539849,-0.969103,-0.886300
17,46,-1.496133,0.179662,-1.122305,0.293502,-0.886300
17,47,1.097321,-0.879961,-2.105733,-0.811243,-0.886300
17,48,-1.142321,-1.877721,-3.760146,0.202921,-0.886300
17,49,0.906555,-0.120325,-0.597804,0.258902,-0.886300
17,50,-0.925369,-0.202647,-1.253818,-1.472471,-0.886300
17,51,-1.037261,0.331232,-1.738973,1.790436,-0.886300
17,52,0.978838,1.167926,0.224936,0.964774,-0.886300
17,53,2.532276,0.586236,0.340582,-0.688679,-0.886300
17,54,-0.350023,1.353492,-0.026428,-1.781330,-0.886300
17,55,-3.451079,0.623474,-1.452820,1.064047,-0.886300
17,56,-0.709716,-0.409550,-0.857742,0.011075,-0.886300
17,57,0.981506,-0.652725,-1.140395,-0.593595,-0.886300
17,58,0.265272,0.254936,0.047572,2.099771,-0.886300
17,59,1.840747,0.613704,1.566200,-1.041247,-0.886300
17,60,-1.052907,-1.187212,-1.166402,-1.356237,-0.886300
17,61,-1.444754,-1.275575,-1.961526,-1.783144,-0.886300
17,62,-1.101221,1.224976,-0.452339,-0.658667,-0.886300
17,63,0.270526,-1.435942,0.357873,-0.547018,-0.886300
17,64,0.644927,-1.343021,-1.199273,0.952282,-0.886300
17,65,2.954498,-0.400253,0.843752,-1.391703,-0.886300
17,66,-1.381392,-0.386824,-1.501041,-1.177549,-0.886300
17,67,-3.886753,0.797529,-1.896100,-0.188598,-0.886300
17,68,-0.574641,0.789959,1.850595,-0.368680,-0.886300
17,69,-2.366354,1.347151,-0.092552,-0.514239,-0.886300
17,70,-2.725450,1.071211,0.023414,1.108962,-0.886300
17,71,-0.864450,-0.871519,0.046238,-0.270160,-0.886300
17,72,-1.497137,-3.048939,-0.879060,0.059675,-0.886300
17,73,-1.688588,-1.900230,-0.732305,-0.407164,-0.886300
17,74,-0.223553,-0.051666,-0.019792,0.011382,-0.886300
17,75,0.181916,-0.483817,0.666730,-1.334316,-0.886300
17,76,0.920842,-1.038865,-0.216774,0.927866,-0.886300
17,77,0.775820,-0.064452,1.659737,-0.259752,-0.886300
17,78,-0.519100,-1.796646,-1.059256,-0.021734,-0.886300
17,79,-1.107964,-0.296929,-1.395344,-1.560625,-0.886300
17,80,-2.625310,-0.138786,-1.558637,-2.440078,-0.886300
17,81,-3.653451,-0.868622,-2.537916,0.181691,-0.886300
17,82,-2.070862,0.231772,0.108692,-1.290138,-0.886300
17,83,-2.127373,1.727023,0.691619,-0.452740,-0.886300
17,84,-1.488304,0.094056,-0.848253,0.667909,-0.886300
17,85,-0.336203,-0.453871,-0.772165,0.818869,-0.886300
17,86,-0.211849,0.228145,-0.849003,0.574328,-0.886300
17,87,-0.016442,-2.170841,-0.846469,2.284037,-0.886300
17,88,2.581390,-0.780941,1.134578,-0.696949,-0.886300
17,89,1.286483,0.983924,2.008794,0.026799,-0.886300
17,90,1.205924,0.076528,-1.062278,-1.153732,-0.886300
17,91,0.373961,1.091560,-0.695087,0.443082,-0.886300
17,92,1.813581,0.337153,-0.536618,0.547716,-0.886300
17,93,-0.397238,0.583490,-0.275079,1.199799,-0.886300
17,94,-0.169818,0.024681,0.644329,1.982064,-0.886300
17,95,2.687055,0.857431,0.447751,1.071101,-0.886300
17,96,1.391690,0.279568,-0.213867,0.173541,-0.886300
17,97,2.542812,-1.375657,-0.760565,0.869514,-0.886300
17,98,0.042662,-0.672429,-0.709513,1.292221,-0.886300
17,99,2.893268,0.530972,-0.527453,-1.122948,-0.886300
17,100,0.366425,3.182823,-1.052164,-0.934962,-0.886300
18,1,0.126735,1.373130,1.900632,0.333476,1.455501
18,2,-0.285010,1.564546,2.509584,0.584014,1.455501
18,3,-0.629944,0.325271,2.050894,-1.388291,1.455501
18,4,-1.605371,0.681580,0.841761,0.810000,1.455501
18,5,-2.881480,-0.517109,1.060988,0.151594,1.455501
18,6,-0.971491,0.474499,0.919621,1.022595,1.455501
18,7,1.092693,0.948805,0.613394,-0.117351,1.455501
18,8,-2.040094,-1.226990,0.769226,-0.490622,1.455501
18,9,-2.580712,-1.229108,1.346872,-1.258330,1.455501
18,10,0.709312,-2.732071,1.830432,2.127403,1.455501
18,11,4.260497,0.909961,4.304107,-1.508148,1.455501
18,12,-0.848099,0.472926,1.035184,0.027584,1.455501
18,13,-1.338738,0.835377,1.474215,2.576277,1.455501
18,14,0.221686,-0.052573,3.665488,1.661878,1.455501
18,15,0.520231,0.632007,2.535494,0.861817,1.455501
18,16,1.275966,1.244433,3.245679,-0.249913,1.455501
18,17,0.411046,0.291390,1.444592,-0.865165,1.455501
18,18,-0.233284,-0.111846,1.592583,-0.656006,1.455501
18,19,-0.175865,0.370781,0.342338,-0.818622,1.455501
18,20,-0.373640,-1.522690,0.607691,-0.776433,1.455501
18,21,-2.986733,-1.673720,-0.445924,-1.476558,1.455501
18,22,-2.555389,-0.969864,1.704233,0.119911,1.455501
18,23,0.474897,0.537927,1.854708,1.290288,1.455501
18,24,0.548003,-1.109082,3.115250,-1.499601,1.455501
18,25,-1.664245,-0.148449,0.939693,1.387766,1.455501
18,26,-0.781065,-1.957362,3.473368,-0.870553,1.455501
18,27,-0.588654,-1.098181,1.726536,1.183559,1.455501
18,28,1.252706,0.476876,3.923023,-0.963356,1.455501
18,29,-0.636034,1.071307,2.794389,-2.362001,1.455501
18,30,-2.371822,0.789400,0.219562,-0.083053,1.455501
18,31,-2.128494,-0.053888,1.548182,-0.797793,1.455501
18,32,-0.240403,0.346272,0.502951,-0.133292,1.455501
18,33,0.225071,-1.102594,1.225791,-1.452881,1.455501
18,34,-1.325406,0.944592,1.447902,-0.741061,1.455501
18,35,-1.055839,1.194899,0.578268,-0.085386,1.455501
18,36,-2.883778,-0.223288,1.109377,-0.971242,1.455501
18,37,-1.634592,1.295213,-1.064375,-1.679783,1.455501
18,38,-2.015973,-1.502297,-0.838779,-0.251268,1.455501
18,39,-0.345923,0.915894,-1.491610,-0.938624,1.455501
18,40,-0.226403,0.720246,0.560333,-0.426238,1.455501
18,41,-0.778652,-1.710777,-0.507709,-1.653327,1.455501
18,42,-3.010377,-0.934971,1.945102,-1.131426,1.455501
18,43,-2.673699,1.669538,3.801698,0.267305,1.455501
18,44,-0.886166,-0.207531,2.244956,-0.393017,1.455501
18,45,0.781097,1.553931,0.792542,-0.969103,1.455501
18,46,-0.234892,-0.932869,2.758361,0.293502,1.455501
18,47,-1.682930,-0.148916,0.602604,-0.811243,1.455501
18,48,-2.505882,0.339027,1.991743,0.202921,1.455501
18,49,-0.571007,1.346556,2.804089,0.258902,1.455501
18,50,0.247714,-0.832465,1.689426,-1.472471,1.455501
18,51,0.715502,-0.675208,1.689915,1.790436,1.455501
18,52,2.273760,-1.645289,1.426834,0.964774,1.455501
18,53,2.027648,0.164501,1.261953,-0.688679,1.455501
18,54,-0.750054,-0.922834,0.384490,-1.781330,1.455501
18,55,-3.058903,-1.403627,2.166564,1.064047,1.455501
18,56,1.220639,-1.399859,2.473246,0.011075,1.455501
18,57,-0.260396,1.390129,2.869298,-0.593595,1.455501
18,58,-2.623668,1.573542,3.053731,2.099771,1.455501
18,59,0.939992,0.394072,2.733764,-1.041247,1.455501
18,60,-1.446177,-0.346128,1.296476,-1.356237,1.455501
18,61,-2.730989,-1.473435,-0.251993,-1.783144,1.455501
18,62,-2.234086,0.492019,-0.033839,-0.658667,1.455501
18,63,-2.122706,2.281655,1.139513,-0.547018,1.455501
18,64,-0.566592,2.143019,0.106336,0.952282,1.455501
18,65,0.217991,0.019140,0.577817,-1.391703,1.455501
18,66,-1.954966,-1.614280,-1.402626,-1.177549,1.455501
18,67,-1.021659,-1.078370,-1.346380,-0.188598,1.455501
18,68,-2.937641,-1.128461,0.331260,-0.368680,1.455501
18,69,-3.102424,0.087749,1.399257,-0.514239,1.455501
18,70,-1.805593,-0.792714,1.896491,1.108962,1.455501
18,71,0.550867,-1.143548,1.844476,-0.270160,1.455501
18,72,-0.911255,-1.753586,3.405230,0.059675,1.455501
18,73,0.316195,1.349041,2.017721,-0.407164,1.455501
18,74,-1.271783,1.425015,1.803932,0.011382,1.455501
18,75,-0.007114,0.091465,1.150894,-1.334316,1.455501
18,76,-1.517887,0.626054,0.363214,0.927866,1.455501
18,77,0.177669,1.263319,-0.771150,-0.259752,1.455501
18,78,2.110425,0.671452,-0.712590,-0.021734,1.455501
18,79,0.629258,0.672196,-0.748906,-1.560625,1.455501
18,80,-0.317321,1.527481,-0.652489,-2.440078,1.455501
18,81,-3.884152,1.713963,0.551760,0.181691,1.455501
18,82,-1.225750,0.345371,0.779977,-1.290138,1.455501
18,83,-1.837956,-0.151735,2.765692,-0.452740,1.455501
18,84,-2.744799,-1.604807,-0.107617,0.667909,1.455501
18,85,1.099025,-2.956490,0.636852,0.818869,1.455501
18,86,-0.261027,-2.650275,1.465957,0.574328,1.455501
18,87,0.014627,-1.549311,3.628805,2.284037,1.455501
18,88,1.727545,-0.411234,3.808880,-0.696949,1.455501
18,89,0.760014,-0.408338,1.313663,0.026799,1.455501
18,90,0.851309,-0.264952,-0.877135,-1.153732,1.455501
18,91,-0.056951,1.811830,1.234844,0.443082,1.455501
18,92,1.016060,1.504184,1.823957,0.547716,1.455501
18,93,2.565016,0.219159,1.616301,1.199799,1.455501
18,94,1.171602,1.553894,1.825546,1.982064,1.455501
18,95,1.833641,1.341662,1.451850,1.071101,1.455501
18,96,1.200659,0.000616,2.980541,0.173541,1.455501
18,97,1.874705,1.513534,1.312721,0.869514,1.455501
18,98,0.083440,0.871081,1.512909,1.292221,1.455501
18,99,-0.183449,0.329625,0.782245,-1.122948,1.455501
18,100,-2.455047,-0.486975,0.552278,-0.934962,1.455501
19,1,2.599515,-0.112940,-0.613106,0.333476,1.877400
19,2,1.934798,0.606305,2.667883,0.584014,1.877400
19,3,-0.299100,0.527910,2.169020,-1.388291,1.877400
19,4,-0.600063,-0.378978,0.961018,0.810000,1.877400
19,5,-0.022388,-0.068714,2.297445,0.151594,1.877400
19,6,-0.529949,1.784656,0.968559,1.022595,1.877400
19,7,2.509024,0.086390,2.590452,-0.117351,1.877400
19,8,0.168793,0.533790,3.455944,-0.490622,1.877400
19,9,-0.917191,-1.604584,3.481612,-1.258330,1.877400
19,10,0.697450,-1.304243,1.571202,2.127403,1.877400
19,11,3.205116,-1.310150,2.564863,-1.508148,1.877400
19,12,-0.556387,-1.438475,3.182338,0.027584,1.877400
19,13,1.913385,-0.473001,3.324785,2.576277,1.877400
19,14,1.238419,0.775890,4.590415,1.661878,1.877400
19,15,2.623938,-0.305525,3.140472,0.861817,1.877400
19,16,2.151245,-0.284380,3.114179,-0.249913,1.877400
19,17,-0.395129,-0.748037,1.252370,-0.865165,1.877400
19,18,-1.298293,-0.557009,0.946877,-0.656006,1.877400
19,19,-1.655445,-0.661906,1.500979,-0.818622,1.877400
19,20,-2.320990,-1.274896,1.292427,-0.776433,1.877400
19,21,-3.340614,-0.815658,1.166968,-1.476558,1.877400
19,22,-1.761157,-0.280769,1.306984,0.119911,1.877400
19,23,-1.081893,-0.651997,1.368307,1.290288,1.877400
19,24,0.034816,0.217324,2.427737,-1.499601,1.877400
19,25,-1.079399,-0.422820,0.518214,1.387766,1.877400
19,26,-0.744976,-0.214999,2.815664,-0.870553,1.877400
19,27,0.108048,0.689916,1.821930,1.183559,1.877400
19,28,1.406220,3.414961,3.201442,-0.963356,1.877400
19,29,1.318556,2.864860,2.629685,-2.362001,1.877400
19,30,-1.970521,0.069991,-0.647300,-0.083053,1.877400
19,31,-1.821439,-0.818063,-2.327254,-0.797793,1.877400
19,32,0.332899,-0.797023,-1.095740,-0.133292,1.877400
19,33,0.469179,-1.650151,0.833325,-1.452881,1.877400
19,34,-2.980271,-3.516828,0.605756,-0.741061,1.877400
19,35,-1.247889,-0.881409,1.064128,-0.085386,1.877400
19,36,-2.144326,-1.568514,5.041480,-0.971242,1.877400
19,37,-0.035668,-0.938572,2.675204,-1.679783,1.877400
19,38,-2.182903,-1.468140,2.121534,-0.251268,1.877400
19,39,-1.309104,-1.025857,2.787497,-0.938624,1.877400
19,40,-0.899228,0.946700,2.447949,-0.426238,1.877400
19,41,-0.778676,2.195659,3.440161,-1.653327,1.877400
19,42,-1.323128,3.280108,2.977892,-1.131426,1.877400
19,43,-1.441698,1.837303,-0.652549,0.267305,1.877400
19,44,-0.480096,0.187587,-1.442642,-0.393017,1.877400
19,45,0.561260,1.258765,-0.222793,-0.969103,1.877400
19,46,-2.514721,-0.066503,1.272081,0.293502,1.877400
19,47,-1.216504,-1.009655,0.188568,-0.811243,1.877400
19,48,-0.760542,-0.834833,1.473783,0.202921,1.877400
19,49,-0.948579,0.442047,2.233291,0.258902,1.877400
19,50,0.127136,-0.264916,1.840683,-1.472471,1.877400
19,51,-1.066310,-2.353648,0.859191,1.790436,1.877400
19,52,0.210690,-0.641100,2.457135,0.964774,1.877400
19,53,1.099462,-0.435219,3.034759,-0.688679,1.877400
19,54,-0.451423,1.188671,2.037116,-1.781330,1.877400
19,55,-2.515786,0.903045,0.704531,1.064047,1.877400
19,56,1.103839,-0.788446,1.560533,0.011075,1.877400
19,57,-0.589116,-0.537844,0.875196,-0.593595,1.877400
19,58,-0.745843,0.064966,0.276111,2.099771,1.877400
19,59,1.147885,1.157494,0.848837,-1.041247,1.877400
19,60,-1.049929,0.467159,-0.027042,-1.356237,1.877400
19,61,-1.766589,-0.353049,0.384667,-1.783144,1.877400
19,62,-3.356301,0.271293,-0.998056,-0.658667,1.877400
19,63,-0.168975,-1.702543,-0.540834,-0.547018,1.877400
19,64,-1.251553,-0.446087,-0.745952,0.952282,1.877400
19,65,0.022879,1.035512,3.321187,-1.391703,1.877400
19,66,-1.709048,1.332478,1.787104,-1.177549,1.877400
19,67,0.481894,1.250796,-1.183160,-0.188598,1.877400
19,68,-0.768749,0.147460,0.797532,-0.368680,1.877400
19,69,0.357190,0.120396,1.879296,-0.514239,1.877400
19,70,-1.854327,-2.075872,1.971156,1.108962,1.877400
19,71,0.438457,-0.629183,3.040039,-0.270160,1.877400
19,72,-1.288315,-2.045408,3.476333,0.059675,1.877400
19,73,1.561388,0.628844,2.325616,-0.407164,1.877400
19,74,0.675670,-0.042668,3.203459,0.011382,1.877400
19,75,1.494229,-0.587930,2.140527,-1.334316,1.877400
19,76,-0.046178,-1.720746,-1.360715,0.927866,1.877400
19,77,0.882233,-0.449952,1.326300,-0.259752,1.877400
19,78,-0.935225,0.086742,4.502362,-0.021734,1.877400
19,79,-0.671161,-0.541129,4.522880,-1.560625,1.877400
19,80,-1.570406,0.972662,3.238384,-2.440078,1.877400
19,81,-4.269890,1.826032,0.814083,0.181691,1.877400
19,82,-2.083641,0.159861,1.780694,-1.290138,1.877400
19,83,-2.011528,-0.935325,0.390384,-0.452740,1.877400
19,84,-1.797447,-0.739029,0.509808,0.667909,1.877400
19,85,0.294572,-1.767508,0.544380,0.818869,1.877400
19,86,2.777206,-1.100280,1.270048,0.574328,1.877400
19,87,0.400861,-1.080581,1.800752,2.284037,1.877400
19,88,1.709817,-0.885637,3.282516,-0.696949,1.877400
19,89,0.555712,-0.000968,0.854081,0.026799,1.877400
19,90,-1.721300,-0.470637,2.846340,-1.153732,1.877400
19,91,-2.604650,0.609155,2.916870,0.443082,1.877400
19,92,-1.078341,0.514110,4.081958,0.547716,1.877400
19,93,0.358807,-1.577830,2.416236,1.199799,1.877400
19,94,1.730007,-0.496522,2.560087,1.982064,1.877400
19,95,3.811312,-1.302402,3.672703,1.071101,1.877400
19,96,0.223618,-2.804830,2.489853,0.173541,1.877400
19,97,1.351090,-0.812328,2.467512,0.869514,1.877400
19,98,-0.872282,-2.019815,2.934163,1.292221,1.877400
19,99,1.352283,0.448510,3.951062,-1.122948,1.877400
19,100,-0.795049,0.930227,1.505946,-0.934962,1.877400
20,1,-0.035280,1.852125,2.052079,0.333476,-0.425684
20,2,-0.230632,0.852876,-0.486599,0.584014,-0.425684
20,3,0.325946,1.087611,-0.522120,-1.388291,-0.425684
20,4,-1.346060,-1.904526,0.925113,0.810000,-0.425684
20,5,0.457187,-0.288488,-0.044803,0.151594,-0.425684
20,6,-0.945117,0.219181,1.062898,1.022595,-0.425684
20,7,-0.316955,-0.985174,-1.144409,-0.117351,-0.425684
20,8,-0.040992,-0.440078,-2.761673,-0.490622,-0.425684
20,9,-0.703627,0.988547,-0.482412,-1.258330,-0.425684
20,10,-1.859762,3.451422,0.310315,2.127403,-0.425684
20,11,0.820310,1.354639,1.402777,-1.508148,-0.425684
20,12,-0.886369,0.553086,0.888248,0.027584,-0.425684
20,13,0.813850,1.026236,-0.961874,2.576277,-0.425684
20,14,1.565325,-0.434222,1.011279,1.661878,-0.425684
20,15,1.337618,-1.777404,0.053252,0.861817,-0.425684
20,16,1.240965,2.136214,0.996899,-0.249913,-0.425684
20,17,0.024447,1.499543,1.795836,-0.865165,-0.425684
20,18,-2.535149,1.876117,-0.549469,-0.656006,-0.425684
20,19,-3.094676,-1.402125,-0.277185,-0.818622,-0.425684
20,20,-1.072202,0.453204,-3.636093,-0.776433,-0.425684
20,21,-2.456713,-0.794616,-0.813123,-1.476558,-0.425684
20,22,0.344032,-0.657689,-1.074532,0.119911,-0.425684
20,23,0.162061,1.059708,-0.488697,1.290288,-0.425684
20,24,-0.151265,-0.271837,0.470947,-1.499601,-0.425684
20,25,-1.106868,-0.824271,-2.255764,1.387766,-0.425684
20,26,0.442514,-2.045645,0.657444,-0.870553,-0.425684
20,27,-2.322167,-0.586785,-1.039773,1.183559,-0.425684
20,28,-0.268565,1.541929,1.782694,-0.963356,-0.425684
20,29,-0.341806,0.902189,-0.186556,-2.362001,-0.425684
20,30,-1.820250,1.445650,-2.721042,-0.083053,-0.425684
20,31,-0.727827,1.128149,-2.212425,-0.797793,-0.425684
20,32,-1.551844,2.046061,-2.697570,-0.133292,-0.425684
20,33,-1.467315,1.862872,-2.798496,-1.452881,-0.425684
20,34,-1.307881,0.881877,-3.900052,-0.741061,-0.425684
20,35,-1.233264,-0.288016,-2.762755,-0.085386,-0.425684
20,36,-1.438089,-0.656771,-1.239883,-0.971242,-0.425684
20,37,1.045790,-0.755590,-1.628919,-1.679783,-0.425684
20,38,-2.536784,-1.513332,-1.447161,-0.251268,-0.425684
20,39,-1.666320,0.162970,1.379528,-0.938624,-0.425684
20,40,0.514215,-1.468539,1.225797,-0.426238,-0.425684
20,41,-2.903390,0.320374,-0.333145,-1.653327,-0.425684
20,42,-1.768565,-1.978235,-1.445552,-1.131426,-0.425684
20,43,-2.320076,-1.265496,-2.092268,0.267305,-0.425684
20,44,0.252177,-2.346935,0.157100,-0.393017,-0.425684
20,45,0.694675,-1.833122,0.415264,-0.969103,-0.425684
20,46,-3.293092,-2.343135,1.134824,0.293502,-0.425684
20,47,-2.958403,-1.922941,0.555784,-0.811243,-0.425684
20,48,-1.775934,-2.399866,2.033292,0.202921,-0.425684
20,49,0.766639,0.513587,0.750716,0.258902,-0.425684
20,50,0.394488,0.209049,1.152855,-1.472471,-0.425684
20,51,-2.046452,0.438390,-2.302409,1.790436,-0.425684
20,52,1.447654,-1.681824,0.784635,0.964774,-0.425684
20,53,2.138484,0.032565,0.497407,-0.688679,-0.425684
20,54,-1.971338,-0.035484,-0.019903,-1.781330,-0.425684
20,55,-3.523181,-1.648437,-1.694501,1.064047,-0.425684
20,56,-1.230816,-0.234327,-1.583542,0.011075,-0.425684
20,57,-0.824301,-0.268363,0.503381,-0.593595,-0.425684
20,58,-0.575728,-1.352867,-0.534445,2.099771,-0.425684
20,59,3.373343,-1.215576,2.338388,-1.041247,-0.425684
20,60,-1.601334,-0.503559,1.060175,-1.356237,-0.425684
20,61,-2.944245,-0.846417,0.688309,-1.783144,-0.425684
20,62,-2.309535,-0.520502,0.508284,-0.658667,-0.425684
20,63,-1.846549,0.392736,-1.461391,-0.547018,-0.425684
20,64,-2.405825,1.024455,-1.306780,0.952282,-0.425684
20,65,0.032763,2.014967,-0.382876,-1.391703,-0.425684
20,66,-0.739606,2.926765,-1.544400,-1.177549,-0.425684
20,67,-1.643288,1.877972,-1.942468,-0.188598,-0.425684
20,68,-1.468410,1.846090,-2.088528,-0.368680,-0.425684
20,69,-1.053182,-0.525575,-1.651057,-0.514239,-0.425684
20,70,-2.601839,-0.081972,-1.120894,1.108962,-0.425684
20,71,-0.224462,1.988100,0.098231,-0.270160,-0.425684
20,72,-0.767018,0.684765,-0.010221,0.059675,-0.425684
20,73,-0.498445,1.128206,-1.637714,-0.407164,-0.425684
20,74,-1.212940,2.251315,0.413719,0.011382,-0.425684
20,75,-0.194149,0.840800,0.004861,-1.334316,-0.425684
20,76,1.887330,1.170514,-3.285170,0.927866,-0.425684
20,77,1.491642,0.750889,-0.565664,-0.259752,-0.425684
20,78,1.054981,1.433766,-1.554588,-0.021734,-0.425684
20,79,-0.120778,-1.191775,-2.628112,-1.560625,-0.425684
20,80,-1.236022,1.115871,-2.254710,-2.440078,-0.425684
20,81,-3.057238,-3.080642,-2.335264,0.181691,-0.425684
20,82,-2.331068,-0.842581,0.541697,-1.290138,-0.425684
20,83,-0.688854,1.198969,0.515906,-0.452740,-0.425684
20,84,-2.595824,-0.387923,1.404974,0.667909,-0.425684
20,85,-0.570198,-0.439417,1.952700,0.818869,-0.425684
20,86,1.099537,0.700734,-0.675337,0.574328,-0.425684
20,87,-0.579517,-0.214021,1.368981,2.284037,-0.425684
20,88,2.428486,-1.235075,2.199721,-0.696949,-0.425684
20,89,0.651721,-0.142715,-0.163949,0.026799,-0.425684
20,90,1.313440,-2.168737,-0.580548,-1.153732,-0.425684
20,91,-0.719395,0.439221,-1.377595,0.443082,-0.425684
20,92,0.453483,0.366262,1.642187,0.547716,-0.425684
20,93,0.735287,-0.818882,-0.070934,1.199799,-0.425684
20,94,0.841022,-0.032063,1.232412,1.982064,-0.425684
20,95,1.365926,0.677355,0.713825,1.071101,-0.425684
20,96,0.736398,-0.353336,1.788133,0.173541,-0.425684
20,97,0.816434,0.479567,-0.296471,0.869514,-0.425684
20,98,-0.028135,0.936898,0.036219,1.292221,-0.425684
20,99,1.596525,1.001813,-0.228858,-1.122948,-0.425684
20,100,0.360488,0.916996,-1.639418,-0.934962,-0.425684
21,1,1.455368,0.810628,-0.068343,0.333476,1.392122
21,2,0.574780,0.298915,0.676106,0.584014,1.392122
21,3,1.360956,1.508636,3.586982,-1.388291,1.392122
21,4,-0.833777,-0.161176,0.922782,0.810000,1.392122
21,5,-1.874823,0.168273,0.619864,0.151594,1.392122
21,6,-1.265643,-0.896331,0.865191,1.022595,1.392122
21,7,2.452219,-1.707009,2.158155,-0.117351,1.392122
21,8,1.762568,0.504320,0.758473,-0.490622,1.392122
21,9,-1.040989,-0.663058,2.079267,-1.258330,1.392122
21,10,-2.888003,-1.064877,1.512550,2.127403,1.392122
21,11,-0.397457,0.828715,1.997072,-1.508148,1.392122
21,12,-1.382164,0.649116,1.255738,0.027584,1.392122
21,13,2.624578,2.438091,2.392184,2.576277,1.392122
21,14,2.750517,0.078691,1.211893,1.661878,1.392122
21,15,1.575929,-0.021113,1.884394,0.861817,1.392122
21,16,2.127675,1.056860,1.526392,-0.249913,1.392122
21,17,-0.433546,1.582720,-0.583306,-0.865165,1.392122
21,18,-2.185099,0.203544,0.209759,-0.656006,1.392122
21,19,-0.453528,-2.443902,0.470160,-0.818622,1.392122
21,20,-0.179712,-3.033730,1.200825,-0.776433,1.392122
21,21,-1.430094,-3.874234,1.633749,-1.476558,1.392122
21,22,-3.455543,-1.748665,0.878967,0.119911,1.392122
21,23,-0.982847,-0.099455,2.324515,1.290288,1.392122
21,24,-0.460271,-0.298343,1.238758,-1.499601,1.392122
21,25,-3.058814,-0.695088,0.480449,1.387766,1.392122
21,26,-0.844586,-1.271133,0.226339,-0.870553,1.392122
21,27,-1.460082,-0.900920,-0.213538,1.183559,1.392122
21,28,-0.412779,0.350957,0.799446,-0.963356,1.392122
21,29,-0.369039,0.330941,0.874363,-2.362001,1.392122
21,30,-1.067252,1.600395,-0.869838,-0.083053,1.392122
21,31,-0.501134,1.167338,0.850717,-0.797793,1.392122
21,32,-1.330271,-2.010569,0.720258,-0.133292,1.392122
21,33,-0.907718,-1.613086,0.542174,-1.452881,1.392122
21,34,-1.785095,-1.225459,1.029318,-0.741061,1.392122
21,35,-0.544073,0.121894,1.920313,-0.085386,1.392122
21,36,-1.286933,-0.789954,1.321315,-0.971242,1.392122
21,37,-1.274964,-1.202511,1.539666,-1.679783,1.392122
21,38,-3.895689,-0.825887,-0.437936,-0.251268,1.392122
21,39,-0.192271,-0.773478,2.344524,-0.938624,1.392122
21,40,-0.669663,-0.915398,2.531527,-0.426238,1.392122
21,41,0.416089,-0.957159,2.282069,-1.653327,1.392122
21,42,-1.697621,-0.028299,0.526984,-1.131426,1.392122
21,43,-0.807759,0.529362,1.383443,0.267305,1.392122
21,44,0.382594,0.328597,0.733674,-0.393017,1.392122
21,45,1.391035,0.095651,0.230241,-0.969103,1.392122
21,46,-1.321984,0.228760,1.455850,0.293502,1.392122
21,47,-2.403416,1.224443,1.154949,-0.811243,1.392122
21,48,-0.525348,0.371448,0.662533,0.202921,1.392122
21,49,2.085578,2.126566,1.344514,0.258902,1.392122
21,50,1.588629,0.828271,1.171945,-1.472471,1.392122
21,51,0.980788,-0.112948,-0.668831,1.790436,1.392122
21,52,1.008692,-1.180963,1.128485,0.964774,1.392122
21,53,1.251871,-0.583529,2.124323,-0.688679,1.392122
21,54,-1.609205,0.297082,2.105020,-1.781330,1.392122
21,55,-2.165119,-1.466615,1.095972,1.064047,1.392122
21,56,-0.700277,1.767917,3.129424,0.011075,1.392122
21,57,-0.723376,-0.331777,2.796078,-0.593595,1.392122
21,58,-0.514929,-0.725406,0.538745,2.099771,1.392122
21,59,2.133265,0.043065,-0.651670,-1.041247,1.392122
21,60,-1.077435,-0.653650,-0.511108,-1.356237,1.392122
21,61,-1.675885,-1.771862,-0.265994,-1.783144,1.392122
21,62,-3.393095,-0.692001,1.497997,-0.658667,1.392122
21,63,-3.123710,-0.817987,2.109357,-0.547018,1.392122
21,64,-1.902911,-1.448014,3.156117,0.952282,1.392122
21,65,-0.037739,0.136903,3.352347,-1.391703,1.392122
21,66,-0.773504,0.942471,2.724058,-1.177549,1.392122
21,67,-0.117170,3.210894,1.730280,-0.188598,1.392122
21,68,-0.857841,1.429828,-1.039325,-0.368680,1.392122
21,69,-0.938424,1.548218,-2.837950,-0.514239,1.392122
21,70,0.058917,0.338210,-0.031987,1.108962,1.392122
21,71,0.595832,-1.314998,-0.931870,-0.270160,1.392122
21,72,-2.163773,-0.831653,-0.967750,0.059675,1.392122
21,73,-0.664002,-0.527921,4.029893,-0.407164,1.392122
21,74,-1.974940,-0.179215,0.966612,0.011382,1.392122
21,75,-0.560899,-0.756798,0.937714,-1.334316,1.392122
21,76,-2.367531,0.347582,-0.012120,0.927866,1.392122
21,77,0.867813,0.589041,-0.258111,-0.259752,1.392122
21,78,0.509791,-0.150023,1.217187,-0.021734,1.392122
21,79,-0.927808,1.517554,1.256578,-1.560625,1.392122
21,80,0.555266,0.497714,2.325164,-2.440078,1.392122
21,81,-3.618317,1.037475,-1.261651,0.181691,1.392122
21,82,-2.737872,0.132964,-0.538717,-1.290138,1.392122
21,83,-2.488163,0.712977,-0.068809,-0.452740,1.392122
21,84,-2.033541,-0.857585,-0.511164,0.667909,1.392122
21,85,0.208142,1.118783,0.846069,0.818869,1.392122
21,86,0.726357,0.888738,1.270441,0.574328,1.392122
21,87,0.404410,-1.035635,-0.317069,2.284037,1.392122
21,88,3.095569,-2.028495,1.643077,-0.696949,1.392122
21,89,1.418069,-1.271228,0.209049,0.026799,1.392122
21,90,-1.692304,-0.968299,-0.071604,-1.153732,1.392122
21,91,-0.124186,-1.386460,0.991691,0.443082,1.392122
21,92,-0.131914,1.312643,1.544672,0.547716,1.392122
21,93,0.193462,1.415608,3.345305,1.199799,1.392122
21,94,-1.027786,1.377538,2.223208,1.982064,1.392122
21,95,2.892873,-0.155538,2.412628,1.071101,1.392122
21,96,0.987861,-1.438006,0.342200,0.173541,1.392122
21,97,0.410816,-0.840612,0.669123,0.869514,1.392122
21,98,-0.990163,-1.446537,1.439761,1.292221,1.392122
21,99,0.282053,1.591378,4.363620,-1.122948,1.392122
21,100,-0.861273,1.910692,1.376335,-0.934962,1.392122
22,1,2.666059,0.996686,-2.279709,0.333476,0.921604
22,2,2.285288,-0.935359,-2.129572,0.584014,0.921604
22,3,1.358355,-1.732445,-0.701161,-1.388291,0.921604
22,4,-0.711813,1.249182,-1.378661,0.810000,0.921604
22,5,-1.458399,-0.116279,2.801461,0.151594,0.921604
22,6,-1.011751,-0.879481,2.795385,1.022595,0.921604
22,7,1.964231,0.300337,2.546936,-0.117351,0.921604
22,8,0.686663,-0.373460,2.340863,-0.490622,0.921604
22,9,-1.542740,1.115201,-0.306009,-1.258330,0.921604
22,10,1.487792,-0.307338,-0.603254,2.127403,0.921604
22,11,4.194377,0.916151,0.404238,-1.508148,0.921604
22,12,-1.548615,-1.219818,-0.844114,0.027584,0.921604
22,13,1.948813,0.596460,1.645703,2.576277,0.921604
22,14,1.488929,-1.261044,2.748918,1.661878,0.921604
22,15,0.970072,-0.594356,0.345765,0.861817,0.921604
22,16,-1.346060,0.139029,2.892808,-0.249913,0.921604
22,17,0.958018,1.463305,1.047573,-0.865165,0.921604
22,18,-1.506479,-0.683789,-0.155533,-0.656006,0.921604
22,19,0.621533,-0.792604,-0.087667,-0.818622,0.921604
22,20,-3.435893,-1.822542,0.764080,-0.776433,0.921604
22,21,-2.629809,-1.859015,-0.288572,-1.476558,0.921604
22,22,-0.869538,-0.260468,-0.473920,0.119911,0.921604
22,23,-1.453730,0.134030,2.090752,1.290288,0.921604
22,24,-0.817015,-0.630881,1.542299,-1.499601,0.921604
22,25,-1.587679,-1.191630,1.813753,1.387766,0.921604
22,26,1.921889,-1.764642,1.060105,-0.870553,0.921604
22,27,0.442957,0.057318,0.341548,1.183559,0.921604
22,28,2.343647,-1.679303,1.499381,-0.963356,0.921604
22,29,0.046683,-0.245442,-1.598158,-2.362001,0.921604
22,30,-2.174295,0.575757,-1.533537,-0.083053,0.921604
22,31,-0.888672,-0.388845,0.219170,-0.797793,0.921604
22,32,-0.368850,-0.338898,1.699937,-0.133292,0.921604
22,33,-0.863077,-0.181472,-0.179650,-1.452881,0.921604
22,34,-2.456327,-0.302795,-0.352066,-0.741061,0.921604
22,35,-2.059277,-1.976103,0.397852,-0.085386,0.921604
22,36,1.035246,-2.992454,0.929556,-0.971242,0.921604
22,37,1.008589,-1.103097,3.863533,-1.679783,0.921604
22,38,-1.558657,0.586994,3.580112,-0.251268,0.921604
22,39,1.445181,0.712420,1.204981,-0.938624,0.921604
22,40,-1.072834,-0.786940,-0.681938,-0.426238,0.921604
22,41,0.429615,-1.561457,2.703318,-1.653327,0.921604
22,42,-1.005977,-0.623361,-0.924395,-1.131426,0.921604
22,43,-1.199816,0.223631,0.494745,0.267305,0.921604
22,44,-1.492028,0.717416,-0.823993,-0.393017,0.921604
22,45,-0.748005,2.197125,-0.772193,-0.969103,0.921604
22,46,-3.733815,-1.358932,-0.812435,0.293502,0.921604
22,47,-3.032937,-2.770603,-0.042269,-0.811243,0.921604
22,48,-2.514706,-1.296432,2.043033,0.202921,0.921604
22,49,-1.695325,-0.120742,0.329764,0.258902,0.921604
22,50,-0.848352,0.118535,2.190736,-1.472471,0.921604
22,51,0.317441,1.234285,0.002712,1.790436,0.921604
22,52,1.879339,-1.608032,0.479097,0.964774,0.921604
22,53,-0.265431,-1.564165,0.716441,-0.688679,0.921604
22,54,-0.160318,-0.794321,2.092784,-1.781330,0.921604
22,55,-1.853796,-1.792754,-1.885114,1.064047,0.921604
22,56,0.636562,-1.328413,0.925314,0.011075,0.921604
22,57,0.000927,-1.726234,1.027482,-0.593595,0.921604
22,58,-1.141528,1.178265,0.416350,2.099771,0.921604
22,59,2.435707,3.224964,2.661675,-1.041247,0.921604
22,60,-3.144219,0.164352,0.732873,-1.356237,0.921604
22,61,-4.404155,-0.885021,0.622241,-1.783144,0.921604
22,62,-2.817839,-1.951901,1.988672,-0.658667,0.921604
22,63,-2.075099,-2.570708,0.730135,-0.547018,0.921604
22,64,1.222032,-0.191100,1.150918,0.952282,0.921604
22,65,1.396525,2.070173,1.011749,-1.391703,0.921604
22,66,-1.415836,0.698248,-1.411368,-1.177549,0.921604
22,67,-0.260329,0.217888,-0.862630,-0.188598,0.921604
22,68,0.130895,-1.656381,2.577043,-0.368680,0.921604
22,69,-1.264319,-0.156144,1.576902,-0.514239,0.921604
22,70,-2.182898,-0.603159,1.806676,1.108962,0.921604
22,71,-0.125617,0.923735,1.863859,-0.270160,0.921604
22,72,-1.691285,-0.219393,1.688683,0.059675,0.921604
22,73,0.907412,0.879034,-0.628005,-0.407164,0.921604
22,74,1.380286,-1.372725,-0.201762,0.011382,0.921604
22,75,2.177206,-0.725331,-0.962000,-1.334316,0.921604
22,76,0.557297,-0.140987,1.563729,0.927866,0.921604
22,77,1.355816,-0.577940,1.926212,-0.259752,0.921604
22,78,0.502060,-1.145403,0.247620,-0.021734,0.921604
22,79,1.143219,-1.107199,1.688316,-1.560625,0.921604
22,80,-1.302076,0.537615,1.423759,-2.440078,0.921604
22,81,-5.138468,1.218760,-0.826622,0.181691,0.921604
22,82,-1.409872,0.806646,0.363511,-1.290138,0.921604
22,83,-2.310131,-1.539089,-0.689841,-0.452740,0.921604
22,84,-1.533546,-1.359434,-0.385884,0.667909,0.921604
22,85,1.266046,0.584082,1.056873,0.818869,0.921604
22,86,1.863953,1.059276,1.992395,0.574328,0.921604
22,87,0.222868,-1.676340,1.687553,2.284037,0.921604
22,88,1.007172,0.740234,3.102163,-0.696949,0.921604
22,89,-0.960179,2.548884,3.179385,0.026799,0.921604
22,90,-0.250952,-1.212442,-0.019680,-1.153732,0.921604
22,91,0.444931,1.300510,-1.397725,0.443082,0.921604
22,92,0.764447,-0.661903,0.491680,0.547716,0.921604
22,93,0.131306,-1.525880,-0.123631,1.199799,0.921604
22,94,0.629175,1.215950,1.200592,1.982064,0.921604
22,95,2.807357,0.238543,4.321095,1.071101,0.921604
22,96,0.159592,0.167674,1.088463,0.173541,0.921604
22,97,3.435426,1.429119,2.745209,0.869514,0.921604
22,98,0.567784,-0.091820,3.083945,1.292221,0.921604
22,99,2.307766,-1.192606,0.593321,-1.122948,0.921604
22,100,-0.303950,-1.297422,1.396737,-0.934962,0.921604
23,1,-3.296195,-2.631586,0.727741,0.333476,1.430324
23,2,0.352162,-0.574054,1.760851,0.584014,1.430324
23,3,0.130003,0.588656,2.909448,-1.388291,1.430324
23,4,-1.170790,-0.649265,1.313828,0.810000,1.430324
23,5,1.000252,1.698139,0.694810,0.151594,1.430324
23,6,0.303901,1.575220,1.526285,1.022595,1.430324
23,7,0.775169,0.383146,2.881697,-0.117351,1.430324
23,8,0.260364,-0.572973,-0.463838,-0.490622,1.430324
23,9,-2.620253,-1.258109,-0.509515,-1.258330,1.430324
23,10,-1.051464,-1.339857,1.721063,2.127403,1.430324
23,11,3.985523,-0.549963,1.934656,-1.508148,1.430324
23,12,-0.454075,-1.694127,2.676961,0.027584,1.430324
23,13,1.163795,-0.096085,1.589868,2.576277,1.430324
23,14,2.027196,-1.576034,4.213920,1.661878,1.430324
23,15,1.005037,-0.750750,1.171431,0.861817,1.430324
23,16,-0.134834,0.136449,2.695930,-0.249913,1.430324
23,17,-0.758685,-0.927466,0.425326,-0.865165,1.430324
23,18,-1.333621,-2.139040,1.542917,-0.656006,1.430324
23,19,-1.755175,-0.836848,1.620393,-0.818622,1.430324
23,20,-2.289313,-1.046206,1.946090,-0.776433,1.430324
23,21,-4.436085,-3.057798,2.152745,-1.476558,1.430324
23,22,-1.229490,-1.915844,2.844912,0.119911,1.430324
23,23,0.620545,-2.528763,5.843401,1.290288,1.430324
23,24,0.414792,0.065435,4.118715,-1.499601,1.430324
23,25,-1.098303,0.581623,3.287530,1.387766,1.430324
23,26,0.067199,-0.836370,2.328358,-0.870553,1.430324
23,27,-0.219706,0.875959,1.235427,1.183559,1.430324
23,28,2.065712,-0.849410,1.579554,-0.963356,1.430324
23,29,1.492625,1.948375,-1.254478,-2.362001,1.430324
23,30,-2.259905,0.781031,-1.516580,-0.083053,1.430324
23,31,-0.279811,-0.531831,-0.282771,-0.797793,1.430324
23,32,-0.337101,0.682552,-0.433489,-0.133292,1.430324
23,33,2.131136,-1.180789,0.231449,-1.452881,1.430324
23,34,-1.405883,0.435886,0.249974,-0.741061,1.430324
23,35,-0.585982,1.260323,0.879133,-0.085386,1.430324
23,36,-0.169615,2.085226,0.535636,-0.971242,1.430324
23,37,-1.796816,1.355901,-0.931778,-1.679783,1.430324
23,38,-2.778121,-1.011211,-0.935400,-0.251268,1.430324
23,39,-1.262042,0.269130,-0.950380,-0.938624,1.430324
23,40,-1.444901,-0.923861,0.300568,-0.426238,1.430324
23,41,-1.585025,-2.085838,0.683646,-1.653327,1.430324
23,42,-1.749797,0.762854,1.407727,-1.131426,1.430324
23,43,-0.154958,0.281256,2.753783,0.267305,1.430324
23,44,-0.346332,-0.152515,1.537448,-0.393017,1.430324
23,45,-0.403766,0.430616,1.080217,-0.969103,1.430324
23,46,-1.549273,-1.745626,0.132008,0.293502,1.430324
23,47,-1.841779,-1.310886,-0.661713,-0.811243,1.430324
23,48,-2.670307,-1.861455,1.341905,0.202921,1.430324
23,49,0.100551,0.014145,1.447932,0.258902,1.430324
23,50,1.635372,0.341663,3.084919,-1.472471,1.430324
23,51,-1.817323,0.716790,0.754951,1.790436,1.430324
23,52,1.922606,-0.946585,1.337971,0.964774,1.430324
23,53,1.217073,-1.997680,2.944049,-0.688679,1.430324
23,54,0.357847,0.687030,2.145486,-1.781330,1.430324
23,55,-3.171860,-1.734513,1.055290,1.064047,1.430324
23,56,1.238589,0.241206,2.498945,0.011075,1.430324
23,57,-0.864535,0.144148,2.545342,-0.593595,1.430324
23,58,-2.804107,0.008361,-0.021544,2.099771,1.430324
23,59,1.377442,-1.332757,2.879508,-1.041247,1.430324
23,60,1.723829,-1.269974,0.790423,-1.356237,1.430324
23,61,-0.671631,-1.308821,0.857050,-1.783144,1.430324
23,62,-1.694714,-1.596485,0.934850,-0.658667,1.430324
23,63,-0.356868,-0.808573,2.214034,-0.547018,1.430324
23,64,-0.014287,-0.445278,-0.595905,0.952282,1.430324
23,65,2.514992,0.478375,0.978230,-1.391703,1.430324
23,66,0.756549,-0.328823,0.572412,-1.177549,1.430324
23,67,1.421611,1.829608,2.900743,-0.188598,1.430324
23,68,-2.343374,1.178186,2.330904,-0.368680,1.430324
23,69,-2.020279,1.342102,0.548257,-0.514239,1.430324
23,70,-1.297928,-1.554075,-0.202798,1.108962,1.430324
23,71,1.058767,-0.227579,-1.123367,-0.270160,1.430324
23,72,-0.214064,1.070498,1.223692,0.059675,1.430324
23,73,0.438139,1.325975,0.701409,-0.407164,1.430324
23,74,-0.367539,-0.001776,0.262067,0.011382,1.430324
23,75,-0.223234,1.439407,0.027157,-1.334316,1.430324
23,76,-0.613708,1.085021,0.967494,0.927866,1.430324
23,77,2.389876,0.289877,2.012128,-0.259752,1.430324
23,78,-1.382882,0.325272,2.078096,-0.021734,1.430324
23,79,-1.778338,0.236398,3.165226,-1.560625,1.430324
23,80,0.138962,-0.874171,0.149547,-2.440078,1.430324
23,81,-2.168611,-1.303528,-0.375489,0.181691,1.430324
23,82,-2.101563,-1.659650,2.522370,-1.290138,1.430324
23,83,-5.169351,-1.312662,1.364798,-0.452740,1.430324
23,84,-1.230743,-1.177456,2.853225,0.667909,1.430324
23,85,0.347384,0.641117,1.741281,0.818869,1.430324
23,86,0.969142,0.242810,2.712758,0.574328,1.430324
23,87,0.313159,-0.249852,1.878739,2.284037,1.430324
23,88,2.461029,-0.350518,2.176255,-0.696949,1.430324
23,89,1.252806,1.280102,2.257945,0.026799,1.430324
23,90,-1.244045,0.202662,2.100394,-1.153732,1.430324
23,91,-1.464011,-0.340541,0.297529,0.443082,1.430324
23,92,-0.388246,-0.774455,0.198627,0.547716,1.430324
23,93,0.789327,0.734405,1.126726,1.199799,1.430324
23,94,0.061286,0.172218,0.490517,1.982064,1.430324
23,95,3.963024,0.225227,1.789242,1.071101,1.430324
23,96,0.323196,-0.261926,1.562475,0.173541,1.430324
23,97,-0.770085,0.684207,2.724858,0.869514,1.430324
23,98,0.605836,1.506018,0.909694,1.292221,1.430324
23,99,0.920094,1.603692,1.225600,-1.122948,1.430324
23,100,1.787694,1.230543,-0.400617,-0.934962,1.430324
24,1,1.881561,-0.068074,3.096156,0.333476,1.638704
24,2,1.204295,-1.224173,0.889228,0.584014,1.638704
24,3,0.031805,0.536564,1.969347,-1.388291,1.638704
24,4,-0.740215,1.046730,2.438047,0.810000,1.638704
24,5,1.854962,-0.295057,0.742963,0.151594,1.638704
24,6,1.278047,0.522629,0.537681,1.022595,1.638704
24,7,0.534387,0.942262,0.643883,-0.117351,1.638704
24,8,-0.191358,0.723658,1.280598,-0.490622,1.638704
24,9,-0.788254,-1.206889,1.660436,-1.258330,1.638704
24,10,-1.293711,-0.512305,0.686541,2.127403,1.638704
24,11,1.250692,0.963328,1.252691,-1.508148,1.638704
24,12,-1.095089,0.536280,2.210273,0.027584,1.638704
24,13,0.907284,2.366287,1.349093,2.576277,1.638704
24,14,1.120215,0.617024,2.111675,1.661878,1.638704
24,15,1.737866,0.561241,1.391591,0.861817,1.638704
24,16,2.833993,-0.342944,0.995762,-0.249913,1.638704
24,17,2.013870,-0.315094,1.233595,-0.865165,1.638704
24,18,-0.161304,0.160277,1.559526,-0.656006,1.638704
24,19,-1.173186,-1.464464,0.230726,-0.818622,1.638704
24,20,-0.913834,-0.719669,0.857579,-0.776433,1.638704
24,21,-0.360713,-0.903807,0.462101,-1.476558,1.638704
24,22,-2.242473,-0.416931,0.736155,0.119911,1.638704
24,23,0.412244,2.042083,2.308057,1.290288,1.638704
24,24,0.852247,0.660134,2.065439,-1.499601,1.638704
24,25,-2.065901,0.739617,0.444080,1.387766,1.638704
24,26,-0.376616,0.641526,2.852385,-0.870553,1.638704
24,27,0.502596,-0.097612,2.298902,1.183559,1.638704
24,28,1.366052,0.320229,0.069651,-0.963356,1.638704
24,29,1.107493,-0.816610,0.437602,-2.362001,1.638704
24,30,-1.972101,0.882449,0.637818,-0.083053,1.638704
24,31,-1.741982,-1.020226,2.648511,-0.797793,1.638704
24,32,-0.234696,-0.614719,2.283763,-0.133292,1.638704
24,33,-0.744165,0.727469,2.607571,-1.452881,1.638704
24,34,-2.393043,-0.024715,-0.872518,-0.741061,1.638704
24,35,-1.406706,1.712091,-0.191310,-0.085386,1.638704
24,36,-0.446249,0.895039,0.210334,-0.971242,1.638704
24,37,-0.530034,1.005671,0.357814,-1.679783,1.638704
24,38,-2.842392,-0.146051,-0.701659,-0.251268,1.638704
24,39,0.923173,1.872422,-0.565183,-0.938624,1.638704
24,40,-0.019252,1.046818,-0.214688,-0.426238,1.638704
24,41,-0.194403,-0.370123,0.842897,-1.653327,1.638704
24,42,-1.652288,0.047939,-0.096929,-1.131426,1.638704
24,43,-1.198655,-1.075794,-0.812447,0.267305,1.638704
24,44,1.540383,1.865888,-0.046013,-0.393017,1.638704
24,45,3.307514,1.553309,1.392254,-0.969103,1.638704
24,46,-0.780939,0.454090,1.099302,0.293502,1.638704
24,47,0.101590,0.011730,0.169271,-0.811243,1.638704
24,48,-1.034987,0.186312,0.175534,0.202921,1.638704
24,49,0.848285,0.762835,2.281944,0.258902,1.638704
24,50,0.114839,1.014794,1.124353,-1.472471,1.638704
24,51,-0.461839,1.478195,-0.427133,1.790436,1.638704
24,52,0.371723,1.760878,0.948003,0.964774,1.638704
24,53,-0.970597,-0.714669,1.878501,-0.688679,1.638704
24,54,0.171564,-1.211936,1.115092,-1.781330,1.638704
24,55,-2.793863,1.151237,-1.102943,1.064047,1.638704
24,56,0.167224,-0.157512,2.556025,0.011075,1.638704
24,57,-1.638139,1.315840,-0.331135,-0.593595,1.638704
24,58,0.570367,1.409925,0.340052,2.099771,1.638704
24,59,2.247149,0.685132,1.325070,-1.041247,1.638704
24,60,0.656546,-1.700297,-1.985584,-1.356237,1.638704
24,61,-1.247696,-1.111102,-2.792914,-1.783144,1.638704
24,62,-1.959203,0.877155,-0.201551,-0.658667,1.638704
24,63,-1.349687,-2.108369,3.147398,-0.547018,1.638704
24,64,-0.525606,-1.585089,1.263460,0.952282,1.638704
24,65,2.211512,-1.203241,1.564957,-1.391703,1.638704
24,66,1.805018,0.108106,0.183814,-1.177549,1.638704
24,67,-1.457938,0.659571,-0.536402,-0.188598,1.638704
24,68,1.297917,0.409701,1.300610,-0.368680,1.638704
24,69,-0.174660,-0.071071,0.093998,-0.514239,1.638704
24,70,-0.589648,-1.745131,-0.218144,1.108962,1.638704
24,71,0.398774,0.162173,0.736586,-0.270160,1.638704
24,72,-1.962313,-0.339612,2.354380,0.059675,1.638704
24,73,-1.182971,-0.866553,1.687407,-0.407164,1.638704
24,74,-0.914271,-1.975253,1.491717,0.011382,1.638704
24,75,-0.689498,-0.717994,2.180344,-1.334316,1.638704
24,76,-3.131523,-0.052875,0.852821,0.927866,1.638704
24,77,-1.001414,-0.124640,1.925082,-0.259752,1.638704
24,78,-1.135112,-0.086783,0.004263,-0.021734,1.638704
24,79,-1.148149,-1.834144,1.598376,-1.560625,1.638704
24,80,-1.308692,-1.705278,1.373843,-2.440078,1.638704
24,81,-2.083000,-1.035341,0.709594,0.181691,1.638704
24,82,-1.355806,-2.912183,0.588518,-1.290138,1.638704
24,83,-1.432954,-1.475357,1.327681,-0.452740,1.638704
24,84,-1.013726,0.264238,3.421803,0.667909,1.638704
24,85,0.859999,-1.576090,1.791642,0.818869,1.638704
24,86,0.526827,-1.307307,0.764497,0.574328,1.638704
24,87,-0.116005,-0.202863,1.277038,2.284037,1.638704
24,88,1.691698,-0.319344,3.242334,-0.696949,1.638704
24,89,0.452344,0.404143,0.420565,0.026799,1.638704
24,90,-1.208806,0.513446,0.970938,-1.153732,1.638704
24,91,-1.035970,1.229872,0.381926,0.443082,1.638704
24,92,0.664486,0.570192,0.683020,0.547716,1.638704
24,93,2.270932,-0.291252,1.501542,1.199799,1.638704
24,94,1.996719,1.738383,2.547913,1.982064,1.638704
24,95,2.943769,0.634973,3.919740,1.071101,1.638704
24,96,1.732171,-1.834527,1.226437,0.173541,1.638704
24,97,3.973331,0.538593,1.096850,0.869514,1.638704
24,98,0.975927,2.645201,3.237851,1.292221,1.638704
24,99,0.281729,2.769842,2.764357,-1.122948,1.638704
24,100,1.741922,0.574431,0.858574,-0.934962,1.638704
25,1,-2.351178,0.780971,-0.891386,0.333476,0.937112
25,2,-2.800071,-0.041789,2.402796,0.584014,0.937112
25,3,0.514424,0.126293,0.863427,-1.388291,0.937112
25,4,-1.527817,0.900523,0.633383,0.810000,0.937112
25,5,0.145479,1.049800,1.269357,0.151594,0.937112
25,6,0.638268,-0.121450,1.295384,1.022595,0.937112
25,7,-0.053712,0.536640,0.151542,-0.117351,0.937112
25,8,1.135571,-0.472927,2.119779,-0.490622,0.937112
25,9,0.100612,0.044885,0.924729,-1.258330,0.937112
25,10,0.213045,-1.263472,-0.246561,2.127403,0.937112
25,11,2.242184,0.118344,3.594377,-1.508148,0.937112
25,12,-1.298350,-0.215443,1.866081,0.027584,0.937112
25,13,-0.566614,0.630600,2.423378,2.576277,0.937112
25,14,1.491033,-0.627190,2.317157,1.661878,0.937112
25,15,1.884857,0.528463,1.626069,0.861817,0.937112
25,16,1.277668,-0.213516,3.173519,-0.249913,0.937112
25,17,-2.669103,0.191024,2.528416,-0.865165,0.937112
25,18,-2.479073,-0.706528,1.519573,-0.656006,0.937112
25,19,-2.382881,-0.545310,1.216277,-0.818622,0.937112
25,20,-2.669561,-0.355192,1.231838,-0.776433,0.937112
25,21,-1.559372,-1.543863,-0.155508,-1.476558,0.937112
25,22,-2.838692,-1.909166,-0.860849,0.119911,0.937112
25,23,-0.517015,-1.162971,0.054070,1.290288,0.937112
25,24,1.060431,-2.393744,1.865708,-1.499601,0.937112
25,25,-0.366753,-2.694689,-0.609485,1.387766,0.937112
25,26,1.831766,-0.695812,1.094312,-0.870553,0.937112
25,27,-1.179407,-1.381457,0.985758,1.183559,0.937112
25,28,1.077749,-0.148259,1.444640,-0.963356,0.937112
25,29,0.576928,1.759073,0.090850,-2.362001,0.937112
25,30,-1.741854,1.275748,0.389695,-0.083053,0.937112
25,31,-1.679670,-1.522543,-0.646010,-0.797793,0.937112
25,32,-2.339649,-1.951888,-1.840374,-0.133292,0.937112
25,33,0.271794,-0.660924,0.148241,-1.452881,0.937112
25,34,-2.298621,-1.272147,-1.526422,-0.741061,0.937112
25,35,-1.727339,-1.126039,0.896424,-0.085386,0.937112
25,36,-1.824603,-0.898727,2.611324,-0.971242,0.937112
25,37,-2.865337,-0.759414,-0.106287,-1.679783,0.937112
25,38,-3.707754,-0.965617,-2.171987,-0.251268,0.937112
25,39,-1.964490,1.560705,1.004027,-0.938624,0.937112
25,40,-2.889285,1.646374,-0.963205,-0.426238,0.937112
25,41,0.880805,1.374569,-2.063841,-1.653327,0.937112
25,42,-1.898803,1.026271,-2.256092,-1.131426,0.937112
25,43,-1.750344,0.410854,-0.519363,0.267305,0.937112
25,44,0.337796,-1.049971,1.390495,-0.393017,0.937112
25,45,0.891011,0.613758,0.179728,-0.969103,0.937112
25,46,-3.216033,1.763085,-1.399266,0.293502,0.937112
25,47,-2.953948,0.158531,-1.765886,-0.811243,0.937112
25,48,-4.440686,-0.675647,-2.093913,0.202921,0.937112
25,49,0.050304,0.004689,0.511737,0.258902,0.937112
25,50,-1.147415,1.323946,0.678943,-1.472471,0.937112
25,51,-0.938802,1.259565,-0.307992,1.790436,0.937112
25,52,-0.650672,1.515464,1.578923,0.964774,0.937112
25,53,0.866634,-0.056674,1.585499,-0.688679,0.937112
25,54,0.217416,-0.552925,1.516611,-1.781330,0.937112
25,55,-4.272744,-0.734687,0.433310,1.064047,0.937112
25,56,-1.128623,-0.332002,2.685610,0.011075,0.937112
25,57,-0.440616,0.257747,1.654389,-0.593595,0.937112
25,58,0.249900,-0.681930,2.843734,2.099771,0.937112
25,59,1.990937,-0.027216,2.947978,-1.041247,0.937112
25,60,-0.828082,2.005846,0.104194,-1.356237,0.937112
25,61,-3.841379,-1.587072,0.382804,-1.783144,0.937112
25,62,-2.909058,0.745614,-1.438057,-0.658667,0.937112
25,63,-1.181878,1.075101,1.898157,-0.547018,0.937112
25,64,1.221917,-2.050196,-0.354526,0.952282,0.937112
25,65,4.080151,-1.299973,1.030055,-1.391703,0.937112
25,66,-1.923543,-1.241935,0.917807,-1.177549,0.937112
25,67,0.816887,-2.210807,1.666978,-0.188598,0.937112
25,68,0.767056,-0.600329,1.170802,-0.368680,0.937112
25,69,0.500999,1.288876,1.135131,-0.514239,0.937112
25,70,0.341890,1.003445,1.720834,1.108962,0.937112
25,71,1.527189,0.921473,1.982313,-0.270160,0.937112
25,72,-0.633280,-0.443163,0.665599,0.059675,0.937112
25,73,1.266968,0.560269,1.051429,-0.407164,0.937112
25,74,1.683676,-0.317329,-0.012767,0.011382,0.937112
25,75,0.863618,-1.261764,-0.284038,-1.334316,0.937112
25,76,0.680611,-0.000734,-0.491768,0.927866,0.937112
25,77,-0.827196,0.958524,1.879972,-0.259752,0.937112
25,78,-0.663285,0.499312,1.373540,-0.021734,0.937112
25,79,1.099638,-1.195740,-1.548410,-1.560625,0.937112
25,80,-0.380494,0.912889,-1.018461,-2.440078,0.937112
25,81,-1.743899,1.454295,-1.551683,0.181691,0.937112
25,82,-0.047066,0.335577,-1.357266,-1.290138,0.937112
25,83,-2.651728,-1.775490,-2.549199,-0.452740,0.937112
25,84,-1.497866,0.691989,-0.106337,0.667909,0.937112
25,85,-0.735622,0.378842,1.833665,0.818869,0.937112
25,86,-0.583040,0.978154,1.868619,0.574328,0.937112
25,87,-0.300682,-0.189422,2.959632,2.284037,0.937112
25,88,-0.316718,-0.041141,1.809337,-0.696949,0.937112
25,89,-0.766674,-0.568179,1.079872,0.026799,0.937112
25,90,-1.906187,0.685685,-1.114616,-1.153732,0.937112
25,91,-0.456257,-0.098634,-1.088660,0.443082,0.937112
25,92,0.717586,0.347978,-0.018112,0.547716,0.937112
25,93,1.133192,-0.429403,1.996220,1.199799,0.937112
25,94,1.176704,-2.655115,1.710158,1.982064,0.937112
25,95,3.136526,1.066212,1.274062,1.071101,0.937112
25,96,0.469642,-0.252804,1.734587,0.173541,0.937112
25,97,0.342334,0.193739,1.353436,0.869514,0.937112
25,98,1.051069,-1.778153,3.380804,1.292221,0.937112
25,99,2.359978,-1.648699,1.963700,-1.122948,0.937112
25,100,-0.345492,-0.256418,2.858444,-0.934962,0.937112
26,1,1.765224,-1.442527,3.407130,0.333476,1.236313
26,2,-0.346103,-1.537598,2.870837,0.584014,1.236313
26,3,0.321054,1.121005,3.152825,-1.388291,1.236313
26,4,-0.155736,2.173951,1.110050,0.810000,1.236313
26,5,0.304569,0.356284,1.806117,0.151594,1.236313
26,6,0.839412,-1.217380,0.793444,1.022595,1.236313
26,7,0.379604,-0.006801,0.273704,-0.117351,1.236313
26,8,-0.878229,-1.308846,1.263443,-0.490622,1.236313
26,9,-1.815734,0.432001,1.898662,-1.258330,1.236313
26,10,-3.149202,-0.845825,1.358720,2.127403,1.236313
26,11,1.357190,-0.189994,2.779895,-1.508148,1.236313
26,12,-2.959263,-0.744275,2.231199,0.027584,1.236313
26,13,1.940226,-0.095532,1.699663,2.576277,1.236313
26,14,3.583231,-0.639336,1.439371,1.661878,1.236313
26,15,4.511762,0.119243,2.000893,0.861817,1.236313
26,16,1.095363,-1.121954,2.767169,-0.249913,1.236313
26,17,-0.303068,-0.533002,2.532441,-0.865165,1.236313
26,18,-1.900539,-1.619791,1.337877,-0.656006,1.236313
26,19,-1.570864,-1.518163,2.675288,-0.818622,1.236313
26,20,-2.120041,-2.039325,4.222709,-0.776433,1.236313
26,21,-2.088257,-2.135881,2.935104,-1.476558,1.236313
26,22,-1.950363,-1.590468,1.231829,0.119911,1.236313
26,23,1.419355,-1.450363,3.093859,1.290288,1.236313
26,24,1.085207,-0.415082,3.010782,-1.499601,1.236313
26,25,-1.811119,-0.136063,-0.723063,1.387766,1.236313
26,26,0.324949,0.426188,0.999230,-0.870553,1.236313
26,27,-1.598853,-0.054339,0.725257,1.183559,1.236313
26,28,-0.568851,2.179101,0.294555,-0.963356,1.236313
26,29,0.344186,3.079815,1.059644,-2.362001,1.236313
26,30,0.277207,1.577358,0.882198,-0.083053,1.236313
26,31,-1.617602,0.821803,-0.901185,-0.797793,1.236313
26,32,-0.446252,0.794499,0.191912,-0.133292,1.236313
26,33,0.258152,0.355007,1.962742,-1.452881,1.236313
26,34,-0.443499,0.398347,-0.725066,-0.741061,1.236313
26,35,0.461566,-0.964481,-0.930875,-0.085386,1.236313
26,36,-0.987957,0.496623,-1.291919,-0.971242,1.236313
26,37,-1.847464,0.157187,0.110435,-1.679783,1.236313
26,38,-3.716948,-1.076245,-0.371276,-0.251268,1.236313
26,39,0.365252,0.704545,-1.007943,-0.938624,1.236313
26,40,-2.251052,0.745991,0.771952,-0.426238,1.236313
26,41,0.361681,-0.053541,0.862731,-1.653327,1.236313
26,42,-1.866062,-0.947230,0.113679,-1.131426,1.236313
26,43,-1.078175,0.048455,1.489354,0.267305,1.236313
26,44,0.118603,-0.978585,1.086176,-0.393017,1.236313
26,45,-1.237182,1.003752,0.135171,-0.969103,1.236313
26,46,-0.440052,0.649360,0.944090,0.293502,1.236313
26,47,-0.806348,-0.407907,1.044489,-0.811243,1.236313
26,48,-1.536426,1.057153,-0.207588,0.202921,1.236313
26,49,1.715265,0.357695,2.206015,0.258902,1.236313
26,50,1.054257,-1.355853,1.667582,-1.472471,1.236313
26,51,1.141383,-0.131388,0.741758,1.790436,1.236313
26,52,1.628875,-2.197718,2.855595,0.964774,1.236313
26,53,0.619504,0.308094,2.566350,-0.688679,1.236313
26,54,0.079392,0.598798,4.256592,-1.781330,1.236313
26,55,-5.218285,-0.028739,1.145770,1.064047,1.236313
26,56,-1.172004,0.362709,0.913922,0.011075,1.236313
26,57,-0.742150,-2.831691,0.851545,-0.593595,1.236313
26,58,1.001336,-2.377584,1.549793,2.099771,1.236313
26,59,4.034820,-0.677227,3.629226,-1.041247,1.236313
26,60,-0.118576,-1.897696,2.253347,-1.356237,1.236313
26,61,-2.415762,-2.790649,2.404016,-1.783144,1.236313
26,62,-2.418832,-1.807562,1.176985,-0.658667,1.236313
26,63,-0.631511,0.809102,2.231284,-0.547018,1.236313
26,64,-0.429399,-0.361248,1.365969,0.952282,1.236313
26,65,1.646726,2.210839,1.017539,-1.391703,1.236313
26,66,-0.517818,0.408017,0.981139,-1.177549,1.236313
26,67,-0.203709,-0.252874,-0.962364,-0.188598,1.236313
26,68,-2.794043,-1.179299,1.731977,-0.368680,1.236313
26,69,-2.318234,-0.622681,-1.134932,-0.514239,1.236313
26,70,0.378948,-0.087574,0.221714,1.108962,1.236313
26,71,2.254657,0.516528,1.399630,-0.270160,1.236313
26,72,-2.252264,1.231100,1.932371,0.059675,1.236313
26,73,-2.418092,0.700110,-0.064077,-0.407164,1.236313
26,74,-0.481227,2.883343,-1.143671,0.011382,1.236313
26,75,0.586679,2.349910,1.634750,-1.334316,1.236313
26,76,-1.780964,1.374196,-1.094062,0.927866,1.236313
26,77,0.229153,-1.350001,1.251331,-0.259752,1.236313
26,78,0.411936,0.600320,0.302383,-0.021734,1.236313
26,79,-0.898153,-0.414402,3.314648,-1.560625,1.236313
26,80,-1.748551,-0.391946,-0.958767,-2.440078,1.236313
26,81,-4.092111,-1.788338,0.075658,0.181691,1.236313
26,82,-3.624215,-1.407014,1.768314,-1.290138,1.236313
26,83,-3.092715,-1.192181,0.838970,-0.452740,1.236313
26,84,-2.304400,-3.164722,0.983233,0.667909,1.236313
26,85,-0.511355,-0.893710,2.658796,0.818869,1.236313
26,86,-0.074301,2.428050,5.172450,0.574328,1.236313
26,87,0.100108,-0.888554,3.227408,2.284037,1.236313
26,88,1.168458,-0.891421,3.148598,-0.696949,1.236313
26,89,-0.514306,-0.255503,1.658625,0.026799,1.236313
26,90,0.289272,0.567779,0.065854,-1.153732,1.236313
26,91,0.473474,2.067277,0.092137,0.443082,1.236313
26,92,1.844206,1.099346,1.179427,0.547716,1.236313
26,93,0.886266,0.362180,0.206860,1.199799,1.236313
26,94,-0.223691,0.207085,0.530741,1.982064,1.236313
26,95,3.031189,0.785142,3.021637,1.071101,1.236313
26,96,-0.034714,-0.656306,1.590880,0.173541,1.236313
26,97,1.980374,-1.505288,0.364305,0.869514,1.236313
26,98,0.246908,0.148050,1.926707,1.292221,1.236313
26,99,2.482801,0.865106,3.634478,-1.122948,1.236313
26,100,0.055046,-0.224270,1.780631,-0.934962,1.236313
27,1,-0.487579,-0.248039,-0.553641,0.333476,0.096486
27,2,-3.826981,-1.914484,-0.039665,0.584014,0.096486
27,3,0.106955,-1.496332,0.002710,-1.388291,0.096486
27,4,-0.968143,-0.503371,0.635634,0.810000,0.096486
27,5,1.610549,-1.304954,1.688015,0.151594,0.096486
27,6,1.833980,-0.228464,0.418831,1.022595,0.096486
27,7,1.368646,-0.232402,2.520647,-0.117351,0.096486
27,8,-0.831876,-1.527837,0.901541,-0.490622,0.096486
27,9,-0.016644,0.511935,1.242676,-1.258330,0.096486
27,10,-2.423928,-1.808097,1.087349,2.127403,0.096486
27,11,3.407951,-0.815045,2.824473,-1.508148,0.096486
27,12,-1.916474,0.008851,2.429700,0.027584,0.096486
27,13,0.242005,-0.836590,2.040038,2.576277,0.096486
27,14,-0.454916,-2.528346,1.761150,1.661878,0.096486
27,15,1.122210,-0.332347,4.138454,0.861817,0.096486
27,16,1.691856,1.305577,3.720207,-0.249913,0.096486
27,17,-1.399709,0.781223,1.665594,-0.865165,0.096486
27,18,-3.924116,-1.046673,-0.134690,-0.656006,0.096486
27,19,-3.186085,-0.477267,-1.563543,-0.818622,0.096486
27,20,-3.457341,-0.493613,0.350238,-0.776433,0.096486
27,21,-3.182518,0.502572,-0.901973,-1.476558,0.096486
27,22,-0.715989,1.024886,-0.131216,0.119911,0.096486
27,23,1.146961,3.020087,0.771539,1.290288,0.096486
27,24,-0.515525,0.356093,1.318216,-1.499601,0.096486
27,25,-0.775112,-0.951860,-1.568720,1.387766,0.096486
27,26,-0.059873,1.366937,0.073012,-0.870553,0.096486
27,27,-1.323341,0.995988,1.681029,1.183559,0.096486
27,28,0.270764,0.661431,0.574342,-0.963356,0.096486
27,29,1.784808,1.620327,-2.330165,-2.362001,0.096486
27,30,-1.352415,0.921525,-1.300804,-0.083053,0.096486
27,31,-2.018252,1.416139,-1.883961,-0.797793,0.096486
27,32,-1.311830,2.299328,-1.239714,-0.133292,0.096486
27,33,-0.857156,1.262037,-3.257091,-1.452881,0.096486
27,34,-2.728491,-1.408853,-4.286410,-0.741061,0.096486
27,35,-2.598350,0.959884,-2.076248,-0.085386,0.096486
27,36,-2.157931,0.173786,1.604085,-0.971242,0.096486
27,37,-1.363879,-0.680609,-0.314540,-1.679783,0.096486
27,38,-2.443453,1.380790,0.002414,-0.251268,0.096486
27,39,1.016103,0.099714,1.795640,-0.938624,0.096486
27,40,0.862329,0.597829,-0.212382,-0.426238,0.096486
27,41,0.992913,0.911220,-1.773320,-1.653327,0.096486
27,42,-1.200743,-0.067009,-0.675696,-1.131426,0.096486
27,43,-1.772334,-1.460339,-1.576793,0.267305,0.096486
27,44,-1.326896,-0.587293,0.798033,-0.393017,0.096486
27,45,-0.522329,-0.042672,-0.153836,-0.969103,0.096486
27,46,-0.578105,-0.650448,0.159321,0.293502,0.096486
27,47,-1.673107,-0.910470,-0.469089,-0.811243,0.096486
27,48,-0.639966,0.173035,-0.937591,0.202921,0.096486
27,49,0.956595,0.680700,-0.235351,0.258902,0.096486
27,50,-0.336313,0.922461,-0.529396,-1.472471,0.096486
27,51,-2.381528,1.544897,-0.241941,1.790436,0.096486
27,52,-0.985444,2.152977,-0.207617,0.964774,0.096486
27,53,-1.214291,0.475358,-0.150294,-0.688679,0.096486
27,54,-1.699600,-1.714974,0.130840,-1.781330,0.096486
27,55,-3.037219,-0.455305,-1.770622,1.064047,0.096486
27,56,-2.463629,-0.507909,1.264580,0.011075,0.096486
27,57,-3.902237,1.092669,0.419808,-0.593595,0.096486
27,58,-3.546968,1.508589,-0.493682,2.099771,0.096486
27,59,0.294533,1.400549,0.520484,-1.041247,0.096486
27,60,-3.214538,1.290187,-2.323475,-1.356237,0.096486
27,61,-1.490854,0.294007,-1.713056,-1.783144,0.096486
27,62,-2.209828,-0.466849,-2.718055,-0.658667,0.096486
27,63,-2.717578,-0.759651,-1.546240,-0.547018,0.096486
27,64,-0.337637,-0.688119,0.534827,0.952282,0.096486
27,65,1.469259,-1.591811,-0.062991,-1.391703,0.096486
27,66,-1.764188,0.553605,0.731207,-1.177549,0.096486
27,67,-0.359059,-0.740670,1.116616,-0.188598,0.096486
27,68,-1.338518,-0.567586,-0.767697,-0.368680,0.096486
27,69,0.128282,-0.247705,-0.339725,-0.514239,0.096486
27,70,-0.559093,-1.779600,1.085643,1.108962,0.096486
27,71,0.743784,-0.358334,1.545005,-0.270160,0.096486
27,72,-2.487653,-1.204374,1.140576,0.059675,0.096486
27,73,-2.287184,-2.116835,0.647053,-0.407164,0.096486
27,74,-0.421775,-1.950114,1.771855,0.011382,0.096486
27,75,-0.329375,-0.213770,2.368877,-1.334316,0.096486
27,76,-2.505011,0.766053,1.393598,0.927866,0.096486
27,77,1.216532,0.380462,2.355618,-0.259752,0.096486
27,78,1.863533,-1.630112,3.174575,-0.021734,0.096486
27,79,1.643341,-0.411664,1.882520,-1.560625,0.096486
27,80,-1.103065,0.825218,1.822285,-2.440078,0.096486
27,81,-3.063311,1.138315,-1.804603,0.181691,0.096486
27,82,-1.521216,0.806362,0.247065,-1.290138,0.096486
27,83,-1.590819,0.432451,-1.003452,-0.452740,0.096486
27,84,-1.617422,0.707846,-0.267392,0.667909,0.096486
27,85,0.282737,0.000672,-1.252804,0.818869,0.096486
27,86,1.948527,-0.935603,0.123571,0.574328,0.096486
27,87,0.612684,-1.823614,-1.022760,2.284037,0.096486
27,88,1.268929,-0.359317,-0.138386,-0.696949,0.096486
27,89,1.879004,-1.059737,1.603632,0.026799,0.096486
27,90,-0.232026,-1.136242,0.191869,-1.153732,0.096486
27,91,0.344733,1.734808,-0.393523,0.443082,0.096486
27,92,1.868208,0.423421,0.731140,0.547716,0.096486
27,93,0.888651,-0.221688,-0.134241,1.199799,0.096486
27,94,2.027889,-0.046142,0.673719,1.982064,0.096486
27,95,1.089655,0.348724,-0.304047,1.071101,0.096486
27,96,0.151478,0.015176,-0.523278,0.173541,0.096486
27,97,-0.164362,-0.086981,-1.641035,0.869514,0.096486
27,98,-0.315579,0.953928,1.928587,1.292221,0.096486
27,99,2.343708,-0.054534,0.668815,-1.122948,0.096486
27,100,0.646822,0.337320,-1.598180,-0.934962,0.096486
28,1,0.081600,0.523643,0.115469,0.333476,-0.603144
28,2,-1.107034,0.338454,1.498762,0.584014,-0.603144
28,3,-0.026273,-1.032032,0.056804,-1.388291,-0.603144
28,4,-1.075155,-1.118907,-2.502851,0.810000,-0.603144
28,5,-1.192210,-0.076961,0.974532,0.151594,-0.603144
28,6,-1.173087,1.532592,0.415464,1.022595,-0.603144
28,7,0.477088,0.370704,-0.999591,-0.117351,-0.603144
28,8,-0.159410,-0.344919,-0.383583,-0.490622,-0.603144
28,9,-1.565601,-0.257636,-1.273485,-1.258330,-0.603144
28,10,-1.379683,-0.188894,-0.915447,2.127403,-0.603144
28,11,1.793819,0.179826,1.173774,-1.508148,-0.603144
28,12,-2.340002,-0.551569,0.237530,0.027584,-0.603144
28,13,-0.385995,-0.569598,-2.693002,2.576277,-0.603144
28,14,3.224356,-0.842439,0.277328,1.661878,-0.603144
28,15,2.537040,0.457904,0.874530,0.861817,-0.603144
28,16,1.951231,0.838053,0.611611,-0.249913,-0.603144
28,17,0.002914,0.711077,-0.415802,-0.865165,-0.603144
28,18,-2.424944,-0.795038,-0.281106,-0.656006,-0.603144
28,19,-0.460400,-0.472204,-1.817723,-0.818622,-0.603144
28,20,-2.351183,-1.373731,-0.545667,-0.776433,-0.603144
28,21,-1.158669,-1.422214,-1.004068,-1.476558,-0.603144
28,22,-1.411658,-2.564013,1.036156,0.119911,-0.603144
28,23,0.508063,-1.959689,1.328759,1.290288,-0.603144
28,24,-0.269271,-1.054521,2.204635,-1.499601,-0.603144
28,25,-1.971770,0.048737,-0.121475,1.387766,-0.603144
28,26,0.611691,0.872665,0.885936,-0.870553,-0.603144
28,27,-0.820671,0.365173,-0.060970,1.183559,-0.603144
28,28,1.555752,0.202964,-0.183848,-0.963356,-0.603144
28,29,2.005151,-1.184676,-0.368987,-2.362001,-0.603144
28,30,-1.246996,1.735914,-1.172424,-0.083053,-0.603144
28,31,-1.863109,-0.973083,-0.086975,-0.797793,-0.603144
28,32,0.251041,-0.572636,-3.037288,-0.133292,-0.603144
28,33,-0.503657,-0.095589,-1.381203,-1.452881,-0.603144
28,34,-1.711843,0.003360,-1.460611,-0.741061,-0.603144
28,35,-0.338226,-0.198666,0.243531,-0.085386,-0.603144
28,36,-0.591892,1.272981,-0.419153,-0.971242,-0.603144
28,37,0.305929,0.942130,-0.555001,-1.679783,-0.603144
28,38,-3.733539,-1.412713,-3.726234,-0.251268,-0.603144
28,39,-1.780115,-1.445867,-1.351352,-0.938624,-0.603144
28,40,-1.776881,-0.019393,-1.053862,-0.426238,-0.603144
28,41,-0.179278,-0.076973,-0.088083,-1.653327,-0.603144
28,42,-0.620005,0.776800,-1.598740,-1.131426,-0.603144
28,43,-1.448383,-0.336713,-2.487554,0.267305,-0.603144
28,44,-1.384594,-0.347649,-2.036994,-0.393017,-0.603144
28,45,-0.146877,-0.930750,-1.229240,-0.969103,-0.603144
28,46,-2.563632,-3.412615,-0.406502,0.293502,-0.603144
28,47,-1.612713,-2.427012,1.299649,-0.811243,-0.603144
28,48,-1.578175,-2.671119,0.247380,0.202921,-0.603144
28,49,1.133809,-2.126844,0.067805,0.258902,-0.603144
28,50,0.432049,-1.237187,0.551923,-1.472471,-0.603144
28,51,0.161981,-0.081693,-2.271254,1.790436,-0.603144
28,52,1.487787,-1.314194,1.331537,0.964774,-0.603144
28,53,1.108709,1.439915,-0.047336,-0.688679,-0.603144
28,54,0.231513,1.469741,-0.073857,-1.781330,-0.603144
28,55,-2.548563,-1.605462,-1.891964,1.064047,-0.603144
28,56,0.122280,0.499876,-0.034257,0.011075,-0.603144
28,57,-2.661026,1.330207,0.969167,-0.593595,-0.603144
28,58,-0.288906,0.119908,0.461389,2.099771,-0.603144
28,59,2.916873,-0.718872,1.039473,-1.041247,-0.603144
28,60,0.094237,-0.593527,-0.844900,-1.356237,-0.603144
28,61,-0.290473,0.154306,-1.911361,-1.783144,-0.603144
28,62,-1.787615,-0.194255,-2.595878,-0.658667,-0.603144
28,63,-3.322993,0.362035,-2.326131,-0.547018,-0.603144
28,64,-0.501758,-0.527720,-0.166207,0.952282,-0.603144
28,65,-0.413690,0.306708,-0.419691,-1.391703,-0.603144
28,66,-0.649025,0.733574,0.448867,-1.177549,-0.603144
28,67,-0.296219,0.615273,-0.261871,-0.188598,-0.603144
28,68,-2.202242,0.479968,0.192142,-0.368680,-0.603144
28,69,0.533344,2.167872,-1.356853,-0.514239,-0.603144
28,70,-1.541034,1.250373,-2.795792,1.108962,-0.603144
28,71,1.067286,0.596744,-2.554370,-0.270160,-0.603144
28,72,-1.407296,-0.934592,0.235915,0.059675,-0.603144
28,73,0.148431,-0.006030,-1.960142,-0.407164,-0.603144
28,74,-0.739093,-0.646464,-1.510173,0.011382,-0.603144
28,75,0.153842,0.131039,-1.413248,-1.334316,-0.603144
28,76,0.826089,-0.044694,-1.207385,0.927866,-0.603144
28,77,0.882404,0.556202,-1.009682,-0.259752,-0.603144
28,78,-1.378072,0.163880,-0.845475,-0.021734,-0.603144
28,79,-1.632946,0.290473,-0.958213,-1.560625,-0.603144
28,80,0.091422,0.498785,-0.656677,-2.440078,-0.603144
28,81,-3.782186,-0.128701,-2.871828,0.181691,-0.603144
28,82,-2.586408,1.045236,-1.583114,-1.290138,-0.603144
28,83,-2.629199,0.532348,-1.608240,-0.452740,-0.603144
28,84,-0.407559,-0.988487,0.486700,0.667909,-0.603144
28,85,0.468960,-1.201540,0.282093,0.818869,-0.603144
28,86,2.221832,-1.673540,0.203728,0.574328,-0.603144
28,87,0.227358,0.155740,-1.291015,2.284037,-0.603144
28,88,2.565762,0.026808,2.352597,-0.696949,-0.603144
28,89,-0.939016,-0.963368,1.214384,0.026799,-0.603144
28,90,-1.271132,-0.225022,-0.570459,-1.153732,-0.603144
28,91,-1.081561,0.469330,-1.922267,0.443082,-0.603144
28,92,0.091260,1.532992,-0.316603,0.547716,-0.603144
28,93,0.131560,-0.758367,-0.395809,1.199799,-0.603144
28,94,0.552654,0.714095,-1.964426,1.982064,-0.603144
28,95,1.889587,0.560656,0.009423,1.071101,-0.603144
28,96,0.115691,-0.224802,0.493321,0.173541,-0.603144
28,97,0.790500,2.550897,-0.888228,0.869514,-0.603144
28,98,-1.029044,0.269151,-0.510642,1.292221,-0.603144
28,99,0.277407,0.461004,-1.890298,-1.122948,-0.603144
28,100,-0.859165,1.413175,-1.739169,-0.934962,-0.603144
29,1,-0.684356,-1.029360,1.692690,0.333476,1.579865
29,2,-0.324140,-1.119907,3.409136,0.584014,1.579865
29,3,-0.054376,-0.686247,3.042830,-1.388291,1.579865
29,4,-1.367278,-0.251915,0.536572,0.810000,1.579865
29,5,2.468277,0.072931,3.026307,0.151594,1.579865
29,6,-1.211154,0.052683,0.474131,1.022595,1.579865
29,7,0.827286,0.795722,2.166966,-0.117351,1.579865
29,8,-0.461490,-0.139360,0.779791,-0.490622,1.579865
29,9,-0.907856,0.605759,0.088226,-1.258330,1.579865
29,10,-1.684858,-1.559610,-0.994961,2.127403,1.579865
29,11,1.880533,-1.716102,1.810968,-1.508148,1.579865
29,12,-2.226734,0.756763,0.917557,0.027584,1.579865
29,13,1.254090,0.936912,3.579315,2.576277,1.579865
29,14,0.822288,-0.455909,3.510569,1.661878,1.579865
29,15,1.077990,0.882262,2.674292,0.861817,1.579865
29,16,2.263187,2.078637,3.322547,-0.249913,1.579865
29,17,0.060732,0.059962,0.395926,-0.865165,1.579865
29,18,-1.758211,-2.183135,0.272522,-0.656006,1.579865
29,19,-1.867167,-0.806127,0.597844,-0.818622,1.579865
29,20,-1.494003,-1.696963,2.382000,-0.776433,1.579865
29,21,-3.654387,0.038467,1.921565,-1.476558,1.579865
29,22,-1.081731,-0.495425,-0.356425,0.119911,1.579865
29,23,1.461813,0.813459,1.393965,1.290288,1.579865
29,24,0.373475,1.255040,1.638884,-1.499601,1.579865
29,25,-1.608833,0.667630,0.688324,1.387766,1.579865
29,26,1.645939,-1.687309,0.504671,-0.870553,1.579865
29,27,0.471753,-0.410946,1.021600,1.183559,1.579865
29,28,2.738312,-0.329742,2.419331,-0.963356,1.579865
29,29,2.246427,0.123492,1.989538,-2.362001,1.579865
29,30,-1.144219,-0.462399,-0.232811,-0.083053,1.579865
29,31,-0.024116,-1.868563,-0.595405,-0.797793,1.579865
29,32,-0.510932,-0.602537,0.474439,-0.133292,1.579865
29,33,-2.140874,-0.118275,1.366000,-1.452881,1.579865
29,34,-4.012233,-2.084810,1.104236,-0.741061,1.579865
29,35,-2.203641,0.474788,0.026460,-0.085386,1.579865
29,36,-2.828036,-0.136471,2.392612,-0.971242,1.579865
29,37,-2.830480,-0.173694,1.377898,-1.679783,1.579865
29,38,-2.193300,0.874569,-0.666128,-0.251268,1.579865
29,39,0.307164,0.155267,1.632570,-0.938624,1.579865
29,40,-0.302459,1.129366,2.263011,-0.426238,1.579865
29,41,-0.807726,0.785073,1.445102,-1.653327,1.579865
29,42,-1.052257,0.480668,0.114252,-1.131426,1.579865
29,43,-1.643790,-0.896651,0.608361,0.267305,1.579865
29,44,-0.523569,-1.348116,0.604334,-0.393017,1.579865
29,45,1.110682,-1.103584,3.775215,-0.969103,1.579865
29,46,-1.577961,-2.130360,2.215869,0.293502,1.579865
29,47,-0.316336,1.130674,2.270747,-0.811243,1.579865
29,48,-2.399960,-0.091951,3.477043,0.202921,1.579865
29,49,-0.467764,-0.959419,0.012576,0.258902,1.579865
29,50,0.809895,-2.089694,2.679675,-1.472471,1.579865
29,51,-0.121349,-0.240239,0.600051,1.790436,1.579865
29,52,2.182269,-0.723089,2.592608,0.964774,1.579865
29,53,1.875180,0.131081,1.212625,-0.688679,1.579865
29,54,0.453887,0.325857,1.685947,-1.781330,1.579865
29,55,-2.407920,0.734783,1.563128,1.064047,1.579865
29,56,0.164297,-0.995779,2.250256,0.011075,1.579865
29,57,0.048579,-1.699078,1.292184,-0.593595,1.579865
29,58,-1.121650,-0.502633,0.829705,2.099771,1.579865
29,59,0.616351,-1.133721,3.732450,-1.041247,1.579865
29,60,-0.800420,-1.745927,0.600963,-1.356237,1.579865
29,61,-3.524009,-2.777448,1.012058,-1.783144,1.579865
29,62,-1.687399,-1.862392,-0.132835,-0.658667,1.579865
29,63,-3.220625,-2.033359,1.917943,-0.547018,1.579865
29,64,0.423660,-0.847004,1.364325,0.952282,1.579865
29,65,1.246839,0.642996,3.229354,-1.391703,1.579865
29,66,-2.199873,-0.455023,1.105853,-1.177549,1.579865
29,67,-0.771162,-0.024610,1.210765,-0.188598,1.579865
29,68,-0.155647,1.785922,1.981970,-0.368680,1.579865
29,69,-0.185569,0.950068,0.503612,-0.514239,1.579865
29,70,-1.086961,1.167374,0.918817,1.108962,1.579865
29,71,1.077516,1.428564,0.251318,-0.270160,1.579865
29,72,-1.614055,-1.047560,1.132102,0.059675,1.579865
29,73,0.825460,0.038279,1.027641,-0.407164,1.579865
29,74,1.771413,0.397766,2.081926,0.011382,1.579865
29,75,0.630507,0.432365,0.430187,-1.334316,1.579865
29,76,-0.048120,0.185621,-0.156836,0.927866,1.579865
29,77,-1.119053,0.632062,1.667508,-0.259752,1.579865
29,78,-1.196447,0.311839,-0.155963,-0.021734,1.579865
29,79,-1.736559,-0.728518,-0.518186,-1.560625,1.579865
29,80,-1.244860,0.169841,0.309864,-2.440078,1.579865
29,81,-2.805254,0.467950,-0.154101,0.181691,1.579865
29,82,-0.564770,1.379719,2.429827,-1.290138,1.579865
29,83,1.421488,0.805222,-0.768662,-0.452740,1.579865
29,84,0.387804,0.633344,-1.008489,0.667909,1.579865
29,85,2.374108,-2.133742,1.562987,0.818869,1.579865
29,86,1.513608,-0.697702,3.296058,0.574328,1.579865
29,87,0.516071,-2.993549,3.895543,2.284037,1.579865
29,88,0.867324,-2.003708,2.990044,-0.696949,1.579865
29,89,0.464884,-0.682809,2.161618,0.026799,1.579865
29,90,-0.883052,-2.305951,1.320343,-1.153732,1.579865
29,91,-0.463551,-1.920548,1.179012,0.443082,1.579865
29,92,0.286785,0.034000,3.415050,0.547716,1.579865
29,93,0.518642,2.580571,4.198655,1.199799,1.579865
29,94,2.311903,1.201199,2.805938,1.982064,1.579865
29,95,3.280409,0.496610,1.084468,1.071101,1.579865
29,96,-0.011891,-1.637377,1.544787,0.173541,1.579865
29,97,2.607543,0.364963,1.981163,0.869514,1.579865
29,98,-0.475830,-0.934182,2.317880,1.292221,1.579865
29,99,1.209681,-0.422166,2.179359,-1.122948,1.579865
29,100,-2.288399,-0.058096,0.089963,-0.934962,1.579865
30,1,1.867131,1.350424,-2.213689,0.333476,-0.939482
30,2,-0.831543,0.495752,-1.709888,0.584014,-0.939482
30,3,2.723673,-0.594418,-1.427169,-1.388291,-0.939482
30,4,0.349885,1.995875,-0.814057,0.810000,-0.939482
30,5,1.712438,0.328048,-0.083468,0.151594,-0.939482
30,6,1.074826,2.716077,-1.555607,1.022595,-0.939482
30,7,1.326870,2.754047,1.085412,-0.117351,-0.939482
30,8,0.998945,2.175781,-1.091325,-0.490622,-0.939482
30,9,-0.256309,0.615591,-2.778442,-1.258330,-0.939482
30,10,-1.260903,-0.932579,-4.440695,2.127403,-0.939482
30,11,2.475892,1.578594,-2.251148,-1.508148,-0.939482
30,12,-2.641482,-1.056071,-3.024490,0.027584,-0.939482
30,13,0.650958,0.780280,-5.225585,2.576277,-0.939482
30,14,2.830247,-0.218804,0.731187,1.661878,-0.939482
30,15,2.079284,0.081559,-0.815973,0.861817,-0.939482
30,16,1.345660,0.903449,-0.358883,-0.249913,-0.939482
30,17,0.241402,-0.644879,0.021379,-0.865165,-0.939482
30,18,-1.782784,-2.565169,-1.627272,-0.656006,-0.939482
30,19,-0.544729,-0.083394,-0.018935,-0.818622,-0.939482
30,20,-1.619225,0.494541,2.060353,-0.776433,-0.939482
30,21,-0.766537,0.147909,-0.026813,-1.476558,-0.939482
30,22,-0.236858,0.211978,-0.935603,0.119911,-0.939482
30,23,1.519408,-0.287600,-1.656080,1.290288,-0.939482
30,24,-0.970294,0.081864,-2.197432,-1.499601,-0.939482
30,25,-2.592768,-0.872676,-3.069077,1.387766,-0.939482
30,26,2.181001,0.603041,-0.324750,-0.870553,-0.939482
30,27,0.457226,-0.569694,-1.791418,1.183559,-0.939482
30,28,2.175728,-0.905501,-0.750637,-0.963356,-0.939482
30,29,2.180033,2.460307,-0.507044,-2.362001,-0.939482
30,30,-1.141768,0.462241,-2.402016,-0.083053,-0.939482
30,31,-1.366474,0.660840,-3.041092,-0.797793,-0.939482
30,32,-1.269141,-0.128560,-2.819933,-0.133292,-0.939482
30,33,-1.623926,-0.467484,-2.454350,-1.452881,-0.939482
30,34,-0.910142,-1.343811,-0.360491,-0.741061,-0.939482
30,35,-2.106538,-1.062624,0.501021,-0.085386,-0.939482
30,36,-1.300286,-0.606189,0.606559,-0.971242,-0.939482
30,37,-1.038296,-0.308980,-0.412410,-1.679783,-0.939482
30,38,-2.886921,-0.439634,-1.640970,-0.251268,-0.939482
30,39,0.718187,0.814617,-0.176904,-0.938624,-0.939482
30,40,1.196511,-1.114223,-1.958756,-0.426238,-0.939482
30,41,1.092827,-1.627787,-1.375627,-1.653327,-0.939482
30,42,0.507163,-0.119189,-1.245723,-1.131426,-0.939482
30,43,-0.242991,0.518669,-1.102302,0.267305,-0.939482
30,44,0.490782,-1.103409,-2.468162,-0.393017,-0.939482
30,45,1.348885,0.369268,-3.727614,-0.969103,-0.939482
30,46,-2.344072,-1.848600,-2.729464,0.293502,-0.939482
30,47,-0.876582,-1.257736,-1.432138,-0.811243,-0.939482
30,48,0.167787,-0.878753,-1.135210,0.202921,-0.939482
30,49,1.918709,0.129742,-0.134907,0.258902,-0.939482
30,50,0.805049,-0.903238,-0.276110,-1.472471,-0.939482
30,51,-0.357047,-0.249459,-2.562360,1.790436,-0.939482
30,52,1.250044,-1.283141,1.040409,0.964774,-0.939482
30,53,1.597105,0.642798,0.868648,-0.688679,-0.939482
30,54,0.801425,0.123581,-0.437529,-1.781330,-0.939482
30,55,-3.419792,1.905617,-1.171278,1.064047,-0.939482
30,56,-0.177035,1.036040,1.078580,0.011075,-0.939482
30,57,-0.555298,0.347305,-0.889326,-0.593595,-0.939482
30,58,-0.678428,-0.814988,-1.136339,2.099771,-0.939482
30,59,1.546127,-0.238560,0.250652,-1.041247,-0.939482
30,60,-2.017158,-2.677890,1.699566,-1.356237,-0.939482
30,61,-2.209088,-2.214767,-0.311244,-1.783144,-0.939482
30,62,-1.774505,-0.208615,1.084420,-0.658667,-0.939482
30,63,-3.763438,-1.672293,-0.016906,-0.547018,-0.939482
30,64,-3.747992,-0.784008,-2.456823,0.952282,-0.939482
30,65,0.426286,0.688102,1.042101,-1.391703,-0.939482
30,66,-1.907527,2.758144,-0.815394,-1.177549,-0.939482
30,67,-1.237154,0.856994,-1.856705,-0.188598,-0.939482
30,68,-2.391163,-0.636813,-1.883913,-0.368680,-0.939482
30,69,-1.525040,0.731208,-0.743758,-0.514239,-0.939482
30,70,-0.612844,-0.037827,-0.406905,1.108962,-0.939482
30,71,0.014961,-0.796432,-0.056401,-0.270160,-0.939482
30,72,-0.156488,-0.196854,-0.445304,0.059675,-0.939482
30,73,-0.338141,-1.250028,-0.266838,-0.407164,-0.939482
30,74,-0.605190,-2.317585,-0.784705,0.011382,-0.939482
30,75,-0.058946,1.765170,-0.475517,-1.334316,-0.939482
30,76,-0.567133,0.695885,-0.467149,0.927866,-0.939482
30,77,0.504760,-1.934463,-0.888408,-0.259752,-0.939482
30,78,-0.334888,-1.894521,-0.877850,-0.021734,-0.939482
30,79,-0.298377,-1.037250,-0.368550,-1.560625,-0.939482
30,80,0.846028,-0.886379,-1.617941,-2.440078,-0.939482
30,81,-2.678051,1.029894,-1.050146,0.181691,-0.939482
30,82,-2.774094,-0.938989,-0.671146,-1.290138,-0.939482
30,83,-3.667067,-0.483940,-2.188199,-0.452740,-0.939482
30,84,-0.500409,-0.173245,-1.016216,0.667909,-0.939482
30,85,-0.558793,-1.847872,0.843185,0.818869,-0.939482
30,86,0.227278,-1.746295,-2.174131,0.574328,-0.939482
30,87,-1.152923,-1.110446,-0.333783,2.284037,-0.939482
30,88,1.585646,-3.401636,1.951056,-0.696949,-0.939482
30,89,1.142059,0.713985,-0.248177,0.026799,-0.939482
30,90,0.995588,0.433991,1.628403,-1.153732,-0.939482
30,91,0.100868,1.584108,-1.021300,0.443082,-0.939482
30,92,1.335326,1.654847,-1.248358,0.547716,-0.939482
30,93,0.820734,0.140357,-0.440690,1.199799,-0.939482
30,94,0.092366,0.266559,0.251414,1.982064,-0.939482
30,95,1.346261,-0.324106,-0.747672,1.071101,-0.939482
30,96,-0.373412,-0.390472,1.825876,0.173541,-0.939482
30,97,1.482251,0.256763,1.105992,0.869514,-0.939482
30,98,2.852657,-0.092044,0.010810,1.292221,-0.939482
30,99,2.619024,-0.363112,-0.374934,-1.122948,-0.939482
30,100,-1.295324,-2.237635,-2.082056,-0.934962,-0.939482
31,1,-0.829366,-0.184710,1.364642,0.333476,-0.207550
31,2,-0.638736,0.056594,-0.042110,0.584014,-0.207550
31,3,0.439007,-0.079256,-0.274920,-1.388291,-0.207550
31,4,-1.189371,0.852610,0.034729,0.810000,-0.207550
31,5,-0.858903,0.999095,-0.303621,0.151594,-0.207550
31,6,0.405385,-0.056336,-1.715725,1.022595,-0.207550
31,7,1.228600,-0.536708,0.497739,-0.117351,-0.207550
31,8,-0.071316,0.196052,0.822806,-0.490622,-0.207550
31,9,-1.445225,0.448027,-2.529507,-1.258330,-0.207550
31,10,-2.783542,1.575067,-0.723768,2.127403,-0.207550
31,11,1.383373,-0.308877,1.402001,-1.508148,-0.207550
31,12,-1.759290,-0.556825,-0.755988,0.027584,-0.207550
31,13,-0.796881,-0.027373,-1.389525,2.576277,-0.207550
31,14,0.758145,-2.277273,0.206105,1.661878,-0.207550
31,15,1.814145,-0.089805,1.243365,0.861817,-0.207550
31,16,1.730489,-0.653642,0.041998,-0.249913,-0.207550
31,17,1.231292,-1.383429,-0.180292,-0.865165,-0.207550
31,18,-1.062214,-2.290757,-1.261270,-0.656006,-0.207550
31,19,0.414680,0.290348,-0.523830,-0.818622,-0.207550
31,20,-1.558562,0.138598,0.263976,-0.776433,-0.207550
31,21,-5.284260,-0.897904,-2.019186,-1.476558,-0.207550
31,22,-4.061162,0.427192,-0.671249,0.119911,-0.207550
31,23,-0.344977,1.623486,-0.036184,1.290288,-0.207550
31,24,0.928937,-0.796376,1.419959,-1.499601,-0.207550
31,25,-0.189522,1.142441,-2.368962,1.387766,-0.207550
31,26,-0.210168,-0.128275,-0.642598,-0.870553,-0.207550
31,27,-1.321271,-0.926261,-0.619173,1.183559,-0.207550
31,28,0.199860,1.550398,0.846747,-0.963356,-0.207550
31,29,1.367805,1.101322,1.014648,-2.362001,-0.207550
31,30,-1.202534,2.235920,-1.463665,-0.083053,-0.207550
31,31,-1.407785,1.127682,-1.309493,-0.797793,-0.207550
31,32,-0.651128,0.712753,-3.433128,-0.133292,-0.207550
31,33,0.284162,-1.671031,-1.276135,-1.452881,-0.207550
31,34,0.070694,0.054661,0.145382,-0.741061,-0.207550
31,35,-1.235815,0.323481,1.089529,-0.085386,-0.207550
31,36,-2.735173,-0.448615,1.012613,-0.971242,-0.207550
31,37,0.471697,-1.560469,-1.202382,-1.679783,-0.207550
31,38,-2.523761,-0.156229,-2.017789,-0.251268,-0.207550
31,39,0.937987,0.864099,0.140544,-0.938624,-0.207550
31,40,-0.832062,1.123620,-1.379356,-0.426238,-0.207550
31,41,-1.452690,0.600897,-2.962518,-1.653327,-0.207550
31,42,-1.218794,-0.445898,-1.981651,-1.131426,-0.207550
31,43,-1.068785,0.497894,-2.274129,0.267305,-0.207550
31,44,-1.136235,0.466453,0.904452,-0.393017,-0.207550
31,45,-1.046249,-0.304173,-1.348622,-0.969103,-0.207550
31,46,-3.600125,-1.021679,-1.897374,0.293502,-0.207550
31,47,-0.960634,-0.244032,1.491296,-0.811243,-0.207550
31,48,-1.371785,-0.918515,-1.738387,0.202921,-0.207550
31,49,2.473086,0.297651,-0.029117,0.258902,-0.207550
31,50,0.906550,-1.639651,-1.037023,-1.472471,-0.207550
31,51,-0.457270,0.580554,-0.588887,1.790436,-0.207550
31,52,1.415207,-0.784219,-1.227744,0.964774,-0.207550
31,53,2.341659,-1.351453,-0.836095,-0.688679,-0.207550
31,54,2.449029,0.144098,-0.999996,-1.781330,-0.207550
31,55,-2.064305,-0.798409,0.914312,1.064047,-0.207550
31,56,2.494142,-0.520928,-0.207142,0.011075,-0.207550
31,57,-0.759553,1.037652,2.390155,-0.593595,-0.207550
31,58,-1.059411,-0.380571,2.646298,2.099771,-0.207550
31,59,1.078769,-0.001130,2.077673,-1.041247,-0.207550
31,60,-2.146411,-0.238239,0.589241,-1.356237,-0.207550
31,61,-2.731732,-1.169201,-1.354101,-1.783144,-0.207550
31,62,-2.970588,1.541668,-2.647663,-0.658667,-0.207550
31,63,-1.922299,0.245807,-1.732423,-0.547018,-0.207550
31,64,-2.512193,-0.400874,-1.280903,0.952282,-0.207550
31,65,1.496917,0.054939,0.650471,-1.391703,-0.207550
31,66,0.432179,-1.631183,1.390290,-1.177549,-0.207550
31,67,-1.402333,-0.278568,0.123177,-0.188598,-0.207550
31,68,-0.949169,-0.826237,1.459324,-0.368680,-0.207550
31,69,0.185382,0.561022,-0.132420,-0.514239,-0.207550
31,70,-1.580938,-0.798245,1.051848,1.108962,-0.207550
31,71,1.085182,-1.211461,0.007301,-0.270160,-0.207550
31,72,-1.263344,-1.824269,-1.170952,0.059675,-0.207550
31,73,-1.088356,-1.826402,1.356657,-0.407164,-0.207550
31,74,-0.191751,0.448210,0.393772,0.011382,-0.207550
31,75,0.909631,-0.041343,0.026936,-1.334316,-0.207550
31,76,-0.439350,1.649872,-0.511510,0.927866,-0.207550
31,77,2.839806,1.444455,2.643262,-0.259752,-0.207550
31,78,-0.493862,-1.075309,-0.059711,-0.021734,-0.207550
31,79,-1.077795,-1.540575,-1.709944,-1.560625,-0.207550
31,80,-2.341645,1.296823,1.037185,-2.440078,-0.207550
31,81,-3.798004,0.032089,-0.060119,0.181691,-0.207550
31,82,-0.285132,-0.930713,-1.916050,-1.290138,-0.207550
31,83,0.408047,-1.913257,-1.722617,-0.452740,-0.207550
31,84,0.291219,-1.304212,-0.211775,0.667909,-0.207550
31,85,-0.595395,1.235514,0.643708,0.818869,-0.207550
31,86,-0.598803,0.366111,2.004856,0.574328,-0.207550
31,87,-0.815440,0.791791,1.347031,2.284037,-0.207550
31,88,-0.510231,-0.564472,1.947413,-0.696949,-0.207550
31,89,-1.854859,0.929267,-0.769736,0.026799,-0.207550
31,90,1.197306,-1.357217,0.564237,-1.153732,-0.207550
31,91,0.170187,-0.901906,-0.425097,0.443082,-0.207550
31,92,0.990912,-0.442238,0.671421,0.547716,-0.207550
31,93,2.516954,0.774873,2.336080,1.199799,-0.207550
31,94,2.355587,1.509596,0.070132,1.982064,-0.207550
31,95,5.022154,-0.772321,0.324377,1.071101,-0.207550
31,96,0.943665,-2.608076,-0.320397,0.173541,-0.207550
31,97,2.277155,-0.329009,-0.458001,0.869514,-0.207550
31,98,2.037983,1.216617,3.541823,1.292221,-0.207550
31,99,1.940982,-0.011352,2.466180,-1.122948,-0.207550
31,100,-1.713312,-0.095352,-2.103281,-0.934962,-0.207550
32,1,-0.182711,-0.321916,1.885118,0.333476,-0.373902
32,2,0.864640,-0.471458,0.431250,0.584014,-0.373902
32,3,0.245394,1.229868,1.855374,-1.388291,-0.373902
32,4,-1.615688,-1.077224,-1.844897,0.810000,-0.373902
32,5,-0.936511,-2.829781,-1.729474,0.151594,-0.373902
32,6,-1.287056,-0.650127,-0.539405,1.022595,-0.373902
32,7,0.086332,-0.442815,2.021992,-0.117351,-0.373902
32,8,-0.606774,0.853271,-0.465564,-0.490622,-0.373902
32,9,-2.550161,1.432035,-1.568840,-1.258330,-0.373902
32,10,-2.067191,2.215111,-0.711661,2.127403,-0.373902
32,11,-0.160380,1.112694,-0.283118,-1.508148,-0.373902
32,12,-1.157624,-0.382515,-1.476117,0.027584,-0.373902
32,13,-0.693907,-0.248864,-2.511690,2.576277,-0.373902
32,14,0.394331,-0.422886,1.034847,1.661878,-0.373902
32,15,1.226616,0.053886,1.147494,0.861817,-0.373902
32,16,1.016580,1.294112,1.585868,-0.249913,-0.373902
32,17,0.279664,0.048184,0.312980,-0.865165,-0.373902
32,18,-2.266367,0.721531,-1.708393,-0.656006,-0.373902
32,19,-2.857668,3.361776,-0.548705,-0.818622,-0.373902
32,20,-0.547535,1.382651,-1.745136,-0.776433,-0.373902
32,21,-3.095073,-0.219985,-3.159341,-1.476558,-0.373902
32,22,-2.927117,-1.124089,-3.546617,0.119911,-0.373902
32,23,-2.057971,0.996802,-1.083423,1.290288,-0.373902
32,24,-0.346140,-1.202037,-0.814310,-1.499601,-0.373902
32,25,-3.220593,0.334288,-2.666076,1.387766,-0.373902
32,26,0.938594,0.454375,-1.082546,-0.870553,-0.373902
32,27,0.875268,-0.492418,-2.303257,1.183559,-0.373902
32,28,0.521749,-0.003529,-0.934214,-0.963356,-0.373902
32,29,0.572368,2.492432,-0.467615,-2.362001,-0.373902
32,30,-0.518757,2.691385,-0.202372,-0.083053,-0.373902
32,31,-1.257362,1.593694,0.305328,-0.797793,-0.373902
32,32,1.175695,-0.494263,-0.478704,-0.133292,-0.373902
32,33,-0.773878,-0.954437,0.329630,-1.452881,-0.373902
32,34,-0.780458,0.349464,-1.249460,-0.741061,-0.373902
32,35,-0.399638,-0.925165,-0.327986,-0.085386,-0.373902
32,36,0.020752,2.013425,-1.405840,-0.971242,-0.373902
32,37,-0.380435,1.520107,-1.235427,-1.679783,-0.373902
32,38,-2.452811,1.962129,-3.357032,-0.251268,-0.373902
32,39,1.437636,1.157919,-2.640131,-0.938624,-0.373902
32,40,-1.413793,-0.257899,-2.242525,-0.426238,-0.373902
32,41,-1.476507,0.458256,-1.812553,-1.653327,-0.373902
32,42,-1.331161,-0.204658,-2.097036,-1.131426,-0.373902
32,43,-0.741386,0.113315,-1.918069,0.267305,-0.373902
32,44,0.225691,-0.266945,-1.209044,-0.393017,-0.373902
32,45,0.140020,0.307214,-1.650429,-0.969103,-0.373902
32,46,-0.983529,-0.041537,-1.659081,0.293502,-0.373902
32,47,-0.741378,-1.360180,-0.155079,-0.811243,-0.373902
32,48,-1.013849,-2.288542,0.917794,0.202921,-0.373902
32,49,0.803904,-0.598175,-0.086387,0.258902,-0.373902
32,50,-1.117381,0.235285,0.732833,-1.472471,-0.373902
32,51,0.159246,-0.219530,-1.278380,1.790436,-0.373902
32,52,-0.321268,-2.090944,0.234371,0.964774,-0.373902
32,53,-0.931092,-2.089862,2.236169,-0.688679,-0.373902
32,54,-0.337544,0.321299,0.761620,-1.781330,-0.373902
32,55,-2.628468,0.338604,0.889688,1.064047,-0.373902
32,56,-1.421912,1.231062,1.013311,0.011075,-0.373902
32,57,-2.049405,1.082357,-1.186443,-0.593595,-0.373902
32,58,-2.066153,-0.728608,-0.272726,2.099771,-0.373902
32,59,1.486267,0.870662,-0.499104,-1.041247,-0.373902
32,60,-1.954143,-0.613077,-1.034492,-1.356237,-0.373902
32,61,-4.773954,-1.911201,-0.234058,-1.783144,-0.373902
32,62,-3.671809,-1.283140,-0.910307,-0.658667,-0.373902
32,63,-2.098901,-0.959246,-1.185691,-0.547018,-0.373902
32,64,-1.697845,-0.537327,-0.342521,0.952282,-0.373902
32,65,0.694900,1.078231,1.563492,-1.391703,-0.373902
32,66,0.080739,1.372562,-1.833859,-1.177549,-0.373902
32,67,0.282353,2.333259,-1.936876,-0.188598,-0.373902
32,68,-1.864198,2.229004,-1.575863,-0.368680,-0.373902
32,69,-0.846981,-0.484287,-3.376667,-0.514239,-0.373902
32,70,1.007733,-0.599954,-1.501581,1.108962,-0.373902
32,71,2.685045,-0.511090,-0.014027,-0.270160,-0.373902
32,72,-1.089999,-1.671748,-1.309455,0.059675,-0.373902
32,73,-1.570184,-1.382821,1.734433,-0.407164,-0.373902
32,74,-0.644578,1.415754,0.605168,0.011382,-0.373902
32,75,1.015731,0.130876,0.968092,-1.334316,-0.373902
32,76,-0.981065,0.572468,-0.834945,0.927866,-0.373902
32,77,0.614303,1.089453,1.151448,-0.259752,-0.373902
32,78,-0.433025,1.071211,-0.625113,-0.021734,-0.373902
32,79,-1.963226,-1.484285,-1.207533,-1.560625,-0.373902
32,80,-0.798192,0.106718,-2.337869,-2.440078,-0.373902
32,81,-2.237067,0.114972,-0.695913,0.181691,-0.373902
32,82,-1.303649,-1.056805,-1.181347,-1.290138,-0.373902
32,83,-2.735630,-1.013495,1.407592,-0.452740,-0.373902
32,84,-1.306208,0.544685,0.547504,0.667909,-0.373902
32,85,-0.545493,1.050179,0.692204,0.818869,-0.373902
32,86,0.064076,-0.858802,-0.936274,0.574328,-0.373902
32,87,-0.378729,-1.263299,-0.463110,2.284037,-0.373902
32,88,3.138276,-2.366170,-0.005152,-0.696949,-0.373902
32,89,1.268092,-1.592803,-1.163428,0.026799,-0.373902
32,90,0.128319,-2.324880,0.166811,-1.153732,-0.373902
32,91,-0.814162,-0.852196,0.664898,0.443082,-0.373902
32,92,1.438937,0.432366,1.184383,0.547716,-0.373902
32,93,1.480612,0.103610,0.440416,1.199799,-0.373902
32,94,-1.358806,-0.615247,-0.516112,1.982064,-0.373902
32,95,1.812374,-0.127094,0.604335,1.071101,-0.373902
32,96,-1.243263,-2.052939,2.163822,0.173541,-0.373902
32,97,1.781263,-0.619296,0.355217,0.869514,-0.373902
32,98,1.644731,-1.169805,2.901069,1.292221,-0.373902
32,99,3.530881,0.629518,1.986674,-1.122948,-0.373902
32,100,0.187267,0.090338,0.857525,-0.934962,-0.373902
33,1,0.577327,0.952530,1.357556,0.333476,1.686718
33,2,-0.185371,0.459648,-0.411967,0.584014,1.686718
33,3,0.886277,0.618611,0.068699,-1.388291,1.686718
33,4,-0.371693,0.101607,-0.379319,0.810000,1.686718
33,5,2.190232,-0.160106,3.386699,0.151594,1.686718
33,6,1.569299,1.274153,2.263372,1.022595,1.686718
33,7,1.164623,1.389001,1.762983,-0.117351,1.686718
33,8,0.972089,0.537340,1.800521,-0.490622,1.686718
33,9,-0.985397,-0.028719,1.900679,-1.258330,1.686718
33,10,-1.827134,-1.344790,1.601145,2.127403,1.686718
33,11,1.383519,-0.337354,2.282147,-1.508148,1.686718
33,12,0.699458,-1.784723,2.204155,0.027584,1.686718
33,13,2.135083,-0.511651,1.984029,2.576277,1.686718
33,14,0.318901,-1.112589,4.118300,1.661878,1.686718
33,15,-1.174680,-1.864364,3.796243,0.861817,1.686718
33,16,2.077511,-0.627794,3.522876,-0.249913,1.686718
33,17,-0.736031,-0.749519,2.284195,-0.865165,1.686718
33,18,-0.929674,-1.455355,2.108933,-0.656006,1.686718
33,19,-1.346103,-3.089440,2.854442,-0.818622,1.686718
33,20,-3.153258,-1.873785,2.773157,-0.776433,1.686718
33,21,-1.359489,0.572373,2.894528,-1.476558,1.686718
33,22,-2.400246,0.530944,2.255827,0.119911,1.686718
33,23,-0.663783,-1.018185,1.765289,1.290288,1.686718
33,24,0.256144,-0.980378,2.630304,-1.499601,1.686718
33,25,-1.680875,-1.295080,0.978906,1.387766,1.686718
33,26,1.737189,-2.443903,2.397468,-0.870553,1.686718
33,27,1.489397,-0.169972,2.587575,1.183559,1.686718
33,28,2.069839,-1.345669,3.352227,-0.963356,1.686718
33,29,0.217179,-0.437411,2.060266,-2.362001,1.686718
33,30,-0.359973,2.529526,2.131685,-0.083053,1.686718
33,31,1.303348,1.361546,3.605608,-0.797793,1.686718
33,32,0.475852,0.029135,0.549645,-0.133292,1.686718
33,33,-0.543092,-0.128243,1.669578,-1.452881,1.686718
33,34,-1.200151,2.426114,0.994000,-0.741061,1.686718
33,35,-0.598123,3.342374,0.768458,-0.085386,1.686718
33,36,0.159686,2.493855,-0.869083,-0.971242,1.686718
33,37,1.233471,-0.980645,-2.644609,-1.679783,1.686718
33,38,-4.066845,-2.665120,-3.817622,-0.251268,1.686718
33,39,-1.298902,0.000683,0.157631,-0.938624,1.686718
33,40,-0.813569,0.272803,2.783830,-0.426238,1.686718
33,41,-0.763593,0.179819,1.755703,-1.653327,1.686718
33,42,-1.778206,0.218185,0.249178,-1.131426,1.686718
33,43,-0.920102,0.224363,0.094931,0.267305,1.686718
33,44,-0.359362,-1.258905,1.197892,-0.393017,1.686718
33,45,-1.288653,-1.147070,0.943720,-0.969103,1.686718
33,46,-0.529365,-0.919326,1.226617,0.293502,1.686718
33,47,0.194102,-1.272685,1.106421,-0.811243,1.686718
33,48,-0.821561,-2.681459,2.257739,0.202921,1.686718
33,49,-1.245435,-0.472218,2.883645,0.258902,1.686718
33,50,-2.115196,-0.392325,3.253780,-1.472471,1.686718
33,51,-2.699663,1.311013,1.742617,1.790436,1.686718
33,52,0.359325,-1.938123,2.122145,0.964774,1.686718
33,53,0.164420,-1.029198,-0.470723,-0.688679,1.686718
33,54,-1.018023,-0.414789,0.591371,-1.781330,1.686718
33,55,-2.808585,-2.219755,2.767627,1.064047,1.686718
33,56,-1.361479,-1.692596,3.125994,0.011075,1.686718
33,57,0.588580,-0.785125,3.473505,-0.593595,1.686718
33,58,-0.664152,-0.929933,3.494387,2.099771,1.686718
33,59,2.686482,-2.382254,4.177600,-1.041247,1.686718
33,60,-1.879198,-3.421875,2.276007,-1.356237,1.686718
33,61,-3.320281,-3.484342,2.669577,-1.783144,1.686718
33,62,-3.475967,-3.075682,2.029558,-0.658667,1.686718
33,63,-2.882013,-0.964939,4.097567,-0.547018,1.686718
33,64,-0.933425,-1.781629,2.784153,0.952282,1.686718
33,65,0.760868,-0.853835,1.830034,-1.391703,1.686718
33,66,-0.723371,0.860872,1.606530,-1.177549,1.686718
33,67,-1.804649,1.128083,1.763430,-0.188598,1.686718
33,68,-2.127757,1.392629,1.171048,-0.368680,1.686718
33,69,-0.948309,3.140053,2.407233,-0.514239,1.686718
33,70,-2.863387,0.519999,-0.234478,1.108962,1.686718
33,71,0.032111,2.388707,-0.227792,-0.270160,1.686718
33,72,-2.202254,0.355988,2.118636,0.059675,1.686718
33,73,-0.706964,0.432287,2.110119,-0.407164,1.686718
33,74,-0.028345,1.317358,2.483077,0.011382,1.686718
33,75,0.502761,0.030382,0.234518,-1.334316,1.686718
33,76,0.614474,-0.669110,-0.995764,0.927866,1.686718
33,77,1.206532,-0.016454,1.227323,-0.259752,1.686718
33,78,-0.026943,-0.616226,0.779166,-0.021734,1.686718
33,79,0.342199,0.711977,1.664355,-1.560625,1.686718
33,80,-0.062623,-0.532537,0.345429,-2.440078,1.686718
33,81,-5.080157,-0.524908,-1.651070,0.181691,1.686718
33,82,-2.185091,0.243639,0.088167,-1.290138,1.686718
33,83,-3.502000,0.648822,2.059068,-0.452740,1.686718
33,84,-2.963762,-0.707095,3.253116,0.667909,1.686718
33,85,-1.730110,-0.607768,3.357408,0.818869,1.686718
33,86,-2.398423,0.529855,1.321105,0.574328,1.686718
33,87,0.426467,1.724941,2.620403,2.284037,1.686718
33,88,3.384945,-0.650172,4.428801,-0.696949,1.686718
33,89,-0.070651,-0.128293,1.614771,0.026799,1.686718
33,90,-1.170544,0.520973,0.177589,-1.153732,1.686718
33,91,-0.074362,0.530915,0.905944,0.443082,1.686718
33,92,-0.197403,1.292259,1.600676,0.547716,1.686718
33,93,0.555534,1.828008,0.825684,1.199799,1.686718
33,94,1.812768,0.444345,1.131207,1.982064,1.686718
33,95,3.215717,1.011429,1.238415,1.071101,1.686718
33,96,-1.432316,0.567007,0.098579,0.173541,1.686718
33,97,0.526442,0.761245,0.082791,0.869514,1.686718
33,98,0.283992,-0.363041,1.494104,1.292221,1.686718
33,99,1.113692,-1.036371,1.662359,-1.122948,1.686718
33,100,-0.954553,-3.055616,0.783494,-0.934962,1.686718
34,1,0.825942,-0.967350,-1.669898,0.333476,-1.153680
34,2,0.362228,1.145602,-0.773370,0.584014,-1.153680
34,3,-0.363571,-0.246054,-0.511018,-1.388291,-1.153680
34,4,-2.490914,-0.597940,-1.927372,0.810000,-1.153680
34,5,0.574162,-0.941410,-0.028986,0.151594,-1.153680
34,6,0.604118,0.243242,-0.579696,1.022595,-1.153680
34,7,1.143193,0.469739,0.158108,-0.117351,-1.153680
34,8,0.758059,1.684921,0.721240,-0.490622,-1.153680
34,9,2.987948,0.201690,-0.785901,-1.258330,-1.153680
34,10,0.156669,-0.022336,0.401135,2.127403,-1.153680
34,11,2.932747,0.581910,0.081556,-1.508148,-1.153680
34,12,-1.117997,-0.653921,-0.967423,0.027584,-1.153680
34,13,-0.318839,-0.383526,-2.521805,2.576277,-1.153680
34,14,2.540145,0.436952,0.323463,1.661878,-1.153680
34,15,1.689143,-0.295356,1.743050,0.861817,-1.153680
34,16,0.802807,0.138142,-0.136975,-0.249913,-1.153680
34,17,1.366216,0.768837,0.614803,-0.865165,-1.153680
34,18,0.033459,-0.506536,-0.483467,-0.656006,-1.153680
34,19,-2.537768,-0.810792,-2.373146,-0.818622,-1.153680
34,20,-2.268940,-1.552357,-0.964185,-0.776433,-1.153680
34,21,-0.803633,-3.353844,-2.275931,-1.476558,-1.153680
34,22,-1.368728,-3.297212,-0.109653,0.119911,-1.153680
34,23,-0.137338,-0.626678,-0.669915,1.290288,-1.153680
34,24,0.923425,-1.259160,1.544762,-1.499601,-1.153680
34,25,-0.338002,-0.869040,-1.471542,1.387766,-1.153680
34,26,0.261630,1.174698,-0.316687,-0.870553,-1.153680
34,27,0.386624,0.732591,-1.565220,1.183559,-1.153680
34,28,2.809793,0.600513,-1.011125,-0.963356,-1.153680
34,29,1.728058,0.974327,-1.700659,-2.362001,-1.153680
34,30,-1.056896,1.199499,-4.228407,-0.083053,-1.153680
34,31,-1.131497,0.561965,-0.169407,-0.797793,-1.153680
34,32,1.580251,0.802685,-2.552779,-0.133292,-1.153680
34,33,-0.051148,1.067473,-3.777757,-1.452881,-1.153680
34,34,-2.229034,0.872838,-2.447236,-0.741061,-1.153680
34,35,0.217952,0.420561,-2.886528,-0.085386,-1.153680
34,36,-0.416263,-0.194070,-3.091168,-0.971242,-1.153680
34,37,-2.095623,-0.026163,-4.092713,-1.679783,-1.153680
34,38,-4.143031,0.476707,-0.767626,-0.251268,-1.153680
34,39,-0.924415,0.462347,1.035813,-0.938624,-1.153680
34,40,-0.520399,0.467632,0.597742,-0.426238,-1.153680
34,41,-1.901434,0.853569,-0.276687,-1.653327,-1.153680
34,42,-1.489026,-0.183601,-3.144885,-1.131426,-1.153680
34,43,-0.586292,-1.233815,-2.606403,0.267305,-1.153680
34,44,0.081440,-1.095513,-1.460717,-0.393017,-1.153680
34,45,0.857350,0.662367,-1.069083,-0.969103,-1.153680
34,46,-2.247164,-3.284196,-1.578747,0.293502,-1.153680
34,47,-0.645033,-2.375609,-2.952970,-0.811243,-1.153680
34,48,-0.894102,-1.249814,0.093388,0.202921,-1.153680
34,49,0.931128,-2.058515,1.112513,0.258902,-1.153680
34,50,-1.306313,-1.013473,1.674639,-1.472471,-1.153680
34,51,0.374103,1.221462,-0.499731,1.790436,-1.153680
34,52,1.503384,1.526283,4.089271,0.964774,-1.153680
34,53,1.358756,0.398958,1.537728,-0.688679,-1.153680
34,54,1.116210,-2.279865,-2.547670,-1.781330,-1.153680
34,55,-3.243660,-2.351419,-0.500653,1.064047,-1.153680
34,56,-2.500468,-2.915310,0.903342,0.011075,-1.153680
34,57,-0.348342,-1.376455,1.331467,-0.593595,-1.153680
34,58,-1.642468,-1.577811,0.986163,2.099771,-1.153680
34,59,2.174395,-0.558112,0.645161,-1.041247,-1.153680
34,60,-2.058578,0.314801,1.183939,-1.356237,-1.153680
34,61,-2.111574,-0.009431,-1.793693,-1.783144,-1.153680
34,62,-2.848685,-2.319093,-1.286329,-0.658667,-1.153680
34,63,-0.469638,-2.437492,-2.035928,-0.547018,-1.153680
34,64,0.007039,-1.076859,1.501923,0.952282,-1.153680
34,65,0.215540,-0.339384,1.020678,-1.391703,-1.153680
34,66,-0.680141,1.145182,0.404696,-1.177549,-1.153680
34,67,-0.281358,-1.078604,-2.868298,-0.188598,-1.153680
34,68,-0.072531,-0.573474,-1.610567,-0.368680,-1.153680
34,69,-0.757593,0.196248,-0.005505,-0.514239,-1.153680
34,70,-1.118199,-1.076143,-0.761411,1.108962,-1.153680
34,71,0.960295,0.559160,0.242586,-0.270160,-1.153680
34,72,-2.592078,0.604391,-0.561960,0.059675,-1.153680
34,73,-1.576323,0.202656,-1.270417,-0.407164,-1.153680
34,74,0.749317,1.045659,-0.732196,0.011382,-1.153680
34,75,-0.433155,0.803599,-1.361964,-1.334316,-1.153680
34,76,-2.056254,-0.104482,-2.752369,0.927866,-1.153680
34,77,0.885611,0.742302,-1.760408,-0.259752,-1.153680
34,78,-1.460022,1.200110,-1.038943,-0.021734,-1.153680
34,79,-0.371303,1.216122,-2.922791,-1.560625,-1.153680
34,80,-1.295858,1.198443,-3.101375,-2.440078,-1.153680
34,81,-2.347723,0.076855,-4.361460,0.181691,-1.153680
34,82,-0.527591,-0.595520,-2.552847,-1.290138,-1.153680
34,83,-1.212132,-0.159708,-1.882548,-0.452740,-1.153680
34,84,-0.878380,-1.037434,0.932030,0.667909,-1.153680
34,85,-1.053632,-1.707263,0.897769,0.818869,-1.153680
34,86,-0.186222,-0.078477,0.201874,0.574328,-1.153680
34,87,-0.078134,-1.684902,0.451858,2.284037,-1.153680
34,88,1.634985,-1.198036,1.489650,-0.696949,-1.153680
34,89,-1.294012,0.909592,-0.286098,0.026799,-1.153680
34,90,-0.180122,-1.605221,0.075789,-1.153732,-1.153680
34,91,0.621377,0.457178,-0.920204,0.443082,-1.153680
34,92,3.384139,0.879601,-0.034165,0.547716,-1.153680
34,93,1.357986,3.173614,-1.017771,1.199799,-1.153680
34,94,1.758913,-0.484116,-1.304347,1.982064,-1.153680
34,95,0.479206,1.699805,-1.999165,1.071101,-1.153680
34,96,-2.352739,-0.170809,-2.028838,0.173541,-1.153680
34,97,2.061883,0.093433,-2.168596,0.869514,-1.153680
34,98,-0.824349,-0.185194,-1.620673,1.292221,-1.153680
34,99,0.403754,-0.019188,-1.356735,-1.122948,-1.153680
34,100,-1.107880,0.027628,-0.833102,-0.934962,-1.153680
35,1,-0.321019,-0.787040,-0.648166,0.333476,0.901662
35,2,0.121865,-0.937674,-1.559187,0.584014,0.901662
35,3,1.337984,-1.083080,0.739336,-1.388291,0.901662
35,4,1.533562,0.632833,1.313524,0.810000,0.901662
35,5,2.430229,0.318505,2.102202,0.151594,0.901662
35,6,3.615539,0.070278,2.360400,1.022595,0.901662
35,7,3.286933,0.753911,3.893624,-0.117351,0.901662
35,8,0.682112,-0.329825,2.528962,-0.490622,0.901662
35,9,-0.725175,-2.831919,0.955259,-1.258330,0.901662
35,10,-2.844032,-3.485991,0.401602,2.127403,0.901662
35,11,1.145214,-0.735491,3.421448,-1.508148,0.901662
35,12,-2.491535,-0.783251,2.017776,0.027584,0.901662
35,13,0.320523,0.530164,0.690687,2.576277,0.901662
35,14,0.159177,-1.475175,3.528434,1.661878,0.901662
35,15,-0.350338,-0.456574,3.022095,0.861817,0.901662
35,16,1.426398,0.251092,3.811175,-0.249913,0.901662
35,17,-0.534256,0.296110,2.426133,-0.865165,0.901662
35,18,-3.219453,0.651396,-1.558681,-0.656006,0.901662
35,19,-2.214917,0.684072,0.176903,-0.818622,0.901662
35,20,-1.447608,0.778748,-0.290464,-0.776433,0.901662
35,21,-2.372444,2.325920,0.363333,-1.476558,0.901662
35,22,-4.089499,-0.824915,-1.518366,0.119911,0.901662
35,23,-0.506706,0.432788,0.350530,1.290288,0.901662
35,24,0.943246,-1.623634,-0.269176,-1.499601,0.901662
35,25,0.134821,-1.381370,0.871991,1.387766,0.901662
35,26,3.828298,-1.204738,3.738900,-0.870553,0.901662
35,27,0.424819,0.703359,0.780044,1.183559,0.901662
35,28,1.582842,0.331594,2.609778,-0.963356,0.901662
35,29,1.374136,1.502172,-0.242873,-2.362001,0.901662
35,30,-0.884279,0.731147,-1.914093,-0.083053,0.901662
35,31,0.682435,-0.001203,-1.161301,-0.797793,0.901662
35,32,-0.743035,0.774628,-0.728251,-0.133292,0.901662
35,33,-1.220527,1.572645,-0.063210,-1.452881,0.901662
35,34,-4.181335,1.046401,-1.413835,-0.741061,0.901662
35,35,-2.452714,0.559250,-2.296475,-0.085386,0.901662
35,36,-2.681910,-2.592358,-0.678907,-0.971242,0.901662
35,37,-1.463056,-1.285275,0.220951,-1.679783,0.901662
35,38,-2.426677,-1.082252,1.983499,-0.251268,0.901662
35,39,-0.680205,0.511444,1.182440,-0.938624,0.901662
35,40,0.638618,0.800920,0.162991,-0.426238,0.901662
35,41,-0.317924,-0.459339,-0.610763,-1.653327,0.901662
35,42,-2.023206,-0.854794,-0.859470,-1.131426,0.901662
35,43,0.734573,-0.268826,-2.797916,0.267305,0.901662
35,44,1.677071,-0.007954,0.557081,-0.393017,0.901662
35,45,1.141385,-0.600554,-0.793214,-0.969103,0.901662
35,46,-0.259418,-0.330046,-1.644288,0.293502,0.901662
35,47,-1.318314,-0.354061,-0.374839,-0.811243,0.901662
35,48,-2.434902,1.379942,-0.156017,0.202921,0.901662
35,49,2.137434,0.036532,1.394848,0.258902,0.901662
35,50,0.370820,1.224998,1.086240,-1.472471,0.901662
35,51,0.555146,-0.009991,1.679776,1.790436,0.901662
35,52,0.877399,-1.189801,0.141138,0.964774,0.901662
35,53,1.335299,0.267879,0.609692,-0.688679,0.901662
35,54,-1.142026,-0.827052,1.201200,-1.781330,0.901662
35,55,-1.489989,-2.866768,-0.702184,1.064047,0.901662
35,56,1.469774,-1.592188,0.834187,0.011075,0.901662
35,57,2.070865,-0.100810,2.746172,-0.593595,0.901662
35,58,-0.063348,1.681088,1.030693,2.099771,0.901662
35,59,2.750376,0.776065,1.735429,-1.041247,0.901662
35,60,-1.065939,-0.301503,0.940853,-1.356237,0.901662
35,61,-4.570941,-0.449619,0.169999,-1.783144,0.901662
35,62,-2.657350,-1.515422,0.818941,-0.658667,0.901662
35,63,-1.387834,0.022987,-0.503208,-0.547018,0.901662
35,64,-0.609550,0.273906,0.387108,0.952282,0.901662
35,65,1.386567,2.541653,-0.045725,-1.391703,0.901662
35,66,0.266693,1.712601,-0.657706,-1.177549,0.901662
35,67,-1.546925,0.732815,-0.900182,-0.188598,0.901662
35,68,-0.149715,-0.610983,-0.808458,-0.368680,0.901662
35,69,0.528447,0.033985,0.024762,-0.514239,0.901662
35,70,-0.493040,-1.048543,0.691826,1.108962,0.901662
35,71,2.411411,0.057820,3.051507,-0.270160,0.901662
35,72,-0.183322,-1.085044,2.642651,0.059675,0.901662
35,73,0.424416,0.406168,-0.311243,-0.407164,0.901662
35,74,0.937425,0.949770,-0.129596,0.011382,0.901662
35,75,-0.387572,1.247465,-0.120740,-1.334316,0.901662
35,76,-0.822852,2.195456,-0.734930,0.927866,0.901662
35,77,0.459039,0.327411,0.067159,-0.259752,0.901662
35,78,0.893254,0.459706,-1.829847,-0.021734,0.901662
35,79,0.669213,-1.432918,-1.388518,-1.560625,0.901662
35,80,-2.026258,-0.265877,0.538397,-2.440078,0.901662
35,81,-3.455934,1.206099,1.460391,0.181691,0.901662
35,82,-1.211138,-1.653862,2.317656,-1.290138,0.901662
35,83,-1.148857,0.211273,-0.026020,-0.452740,0.901662
35,84,-0.814706,-2.220753,0.597639,0.667909,0.901662
35,85,-1.466971,-2.567385,-0.121664,0.818869,0.901662
35,86,-0.877394,-1.679203,0.162247,0.574328,0.901662
35,87,-0.298759,-0.561140,2.125148,2.284037,0.901662
35,88,1.787653,-0.178150,2.405061,-0.696949,0.901662
35,89,1.160715,-1.496881,0.990495,0.026799,0.901662
35,90,-0.430405,-1.078684,0.384230,-1.153732,0.901662
35,91,0.076515,-2.272822,2.727759,0.443082,0.901662
35,92,1.190178,-0.330273,-0.997699,0.547716,0.901662
35,93,2.930913,-1.166250,2.624163,1.199799,0.901662
35,94,3.586828,-1.130515,2.365787,1.982064,0.901662
35,95,3.503162,2.280265,4.112168,1.071101,0.901662
35,96,2.321687,-0.453968,4.812912,0.173541,0.901662
35,97,0.816948,0.744415,0.298716,0.869514,0.901662
35,98,-0.768779,1.096231,1.054731,1.292221,0.901662
35,99,2.373481,0.037181,0.183290,-1.122948,0.901662
35,100,0.076619,0.244264,-2.527541,-0.934962,0.901662
36,1,0.492769,2.144323,-0.431978,0.333476,-0.421124
36,2,-0.773445,-1.048672,-0.343353,0.584014,-0.421124
36,3,0.883017,1.009059,1.488177,-1.388291,-0.421124
36,4,-0.813956,0.704420,-0.107381,0.810000,-0.421124
36,5,-1.683972,0.759716,-0.333554,0.151594,-0.421124
36,6,-0.174662,0.153647,-0.769461,1.022595,-0.421124
36,7,-0.688129,0.547549,-0.224956,-0.117351,-0.421124
36,8,0.313998,0.138716,-1.434520,-0.490622,-0.421124
36,9,-0.889708,-0.795413,-1.269391,-1.258330,-0.421124
36,10,-2.782004,0.132634,-0.606846,2.127403,-0.421124
36,11,1.708117,1.588256,1.177789,-1.508148,-0.421124
36,12,-2.236678,1.055319,-0.170807,0.027584,-0.421124
36,13,0.655257,0.846451,-0.876835,2.576277,-0.421124
36,14,2.423731,-1.579370,-1.914271,1.661878,-0.421124
36,15,1.063998,-1.212571,-0.853542,0.861817,-0.421124
36,16,1.992899,-0.264263,-0.045522,-0.249913,-0.421124
36,17,1.581057,1.250998,1.974571,-0.865165,-0.421124
36,18,0.184722,2.135504,1.301528,-0.656006,-0.421124
36,19,-0.900171,1.569894,-2.919996,-0.818622,-0.421124
36,20,-0.094278,1.081655,-3.762765,-0.776433,-0.421124
36,21,-2.796312,-0.856903,-0.941331,-1.476558,-0.421124
36,22,-2.496626,0.565184,-2.495878,0.119911,-0.421124
36,23,-0.711073,1.869590,0.582553,1.290288,-0.421124
36,24,0.446788,-0.441162,0.431164,-1.499601,-0.421124
36,25,-1.892708,-0.860093,-1.829506,1.387766,-0.421124
36,26,0.217519,-0.759486,0.348852,-0.870553,-0.421124
36,27,-1.003551,0.209571,0.771598,1.183559,-0.421124
36,28,0.348290,-3.113916,1.134490,-0.963356,-0.421124
36,29,1.160692,-2.088513,-0.151977,-2.362001,-0.421124
36,30,0.113429,-0.752191,0.312319,-0.083053,-0.421124
36,31,-1.878670,0.614560,0.181964,-0.797793,-0.421124
36,32,-0.911581,-0.099866,1.474445,-0.133292,-0.421124
36,33,-0.930541,-0.458423,-0.822837,-1.452881,-0.421124
36,34,-1.874921,0.404255,0.284557,-0.741061,-0.421124
36,35,-0.723268,0.365811,-1.117368,-0.085386,-0.421124
36,36,-2.088636,-0.205270,-0.779936,-0.971242,-0.421124
36,37,-0.629280,-0.872931,-2.476086,-1.679783,-0.421124
36,38,-2.297510,-0.545822,-1.373197,-0.251268,-0.421124
36,39,-0.860612,0.636064,-1.144878,-0.938624,-0.421124
36,40,-2.891171,-1.221434,-1.742211,-0.426238,-0.421124
36,41,-1.808565,0.977109,-1.734146,-1.653327,-0.421124
36,42,0.564492,-0.639882,0.008981,-1.131426,-0.421124
36,43,0.244048,0.194669,-0.987097,0.267305,-0.421124
36,44,-1.080236,-1.508871,-0.542776,-0.393017,-0.421124
36,45,0.088119,1.852891,-0.366240,-0.969103,-0.421124
36,46,-2.415885,-0.011510,-0.213621,0.293502,-0.421124
36,47,-0.371526,-0.069555,-1.983874,-0.811243,-0.421124
36,48,-1.801585,-0.847765,-2.336826,0.202921,-0.421124
36,49,-0.107455,-1.035998,-0.506467,0.258902,-0.421124
36,50,1.320060,-1.861867,0.144278,-1.472471,-0.421124
36,51,-0.252565,0.141084,-0.868020,1.790436,-0.421124
36,52,1.330284,-0.880648,1.625001,0.964774,-0.421124
36,53,1.644810,-1.146715,0.060975,-0.688679,-0.421124
36,54,1.364551,-0.664607,0.590274,-1.781330,-0.421124
36,55,-2.191341,0.581156,-1.490985,1.064047,-0.421124
36,56,0.012696,-0.524247,0.151963,0.011075,-0.421124
36,57,-0.099029,-0.049075,-0.514937,-0.593595,-0.421124
36,58,-0.387396,-1.028794,0.961234,2.099771,-0.421124
36,59,2.629219,1.111287,-0.086187,-1.041247,-0.421124
36,60,-0.027958,0.529396,-2.070751,-1.356237,-0.421124
36,61,-2.355814,-1.014533,-1.498431,-1.783144,-0.421124
36,62,-3.129284,-1.710073,-2.490646,-0.658667,-0.421124
36,63,-1.583364,-1.567605,0.226119,-0.547018,-0.421124
36,64,0.084318,-0.809378,-0.559044,0.952282,-0.421124
36,65,1.673105,1.779677,0.996686,-1.391703,-0.421124
36,66,-1.641957,0.934956,-0.118361,-1.177549,-0.421124
36,67,-1.456512,1.246153,-2.236214,-0.188598,-0.421124
36,68,-2.509198,-0.087847,-1.610693,-0.368680,-0.421124
36,69,0.358010,0.518613,-2.289097,-0.514239,-0.421124
36,70,-2.617089,-0.784128,0.314949,1.108962,-0.421124
36,71,0.714904,-0.125708,1.373414,-0.270160,-0.421124
36,72,-0.546616,0.555155,-0.414122,0.059675,-0.421124
36,73,-1.797328,0.656583,-0.192613,-0.407164,-0.421124
36,74,0.289056,-0.149922,-0.919198,0.011382,-0.421124
36,75,-1.646652,0.644758,-2.498292,-1.334316,-0.421124
36,76,-1.261552,1.479437,-1.928815,0.927866,-0.421124
36,77,-0.524404,-0.131710,-1.207392,-0.259752,-0.421124
36,78,-1.059294,-0.873616,-0.927600,-0.021734,-0.421124
36,79,-0.462979,-0.084405,-1.674648,-1.560625,-0.421124
36,80,-0.904832,0.399381,-0.856902,-2.440078,-0.421124
36,81,-3.018288,0.363289,-2.596385,0.181691,-0.421124
36,82,-1.495804,-0.428456,-0.555323,-1.290138,-0.421124
36,83,-2.597618,-0.167974,-0.231452,-0.452740,-0.421124
36,84,-1.762623,0.117671,-0.865217,0.667909,-0.421124
36,85,-0.162400,0.192235,0.217416,0.818869,-0.421124
36,86,1.046914,-0.839054,-0.465705,0.574328,-0.421124
36,87,-0.340566,1.203221,-1.422372,2.284037,-0.421124
36,88,2.320432,-0.564346,0.221342,-0.696949,-0.421124
36,89,2.671766,0.902074,-0.948183,0.026799,-0.421124
36,90,1.668355,0.619465,0.616498,-1.153732,-0.421124
36,91,0.370873,1.149401,-0.595945,0.443082,-0.421124
36,92,1.504764,2.014553,0.424371,0.547716,-0.421124
36,93,1.477611,1.764215,0.580090,1.199799,-0.421124
36,94,0.866393,1.160625,-1.520142,1.982064,-0.421124
36,95,4.050089,0.393600,-0.023762,1.071101,-0.421124
36,96,0.236147,-1.137899,-1.379269,0.173541,-0.421124
36,97,2.643108,1.584753,-1.615102,0.869514,-0.421124
36,98,2.161654,0.822858,1.232798,1.292221,-0.421124
36,99,2.444919,0.573472,-0.249400,-1.122948,-0.421124
36,100,0.063843,0.041202,-0.144219,-0.934962,-0.421124
37,1,-1.042027,0.231040,0.342249,0.333476,-0.574605
37,2,-1.076919,0.659998,-0.515644,0.584014,-0.574605
37,3,1.051950,0.320533,-1.324748,-1.388291,-0.574605
37,4,-0.862916,0.870732,-1.552688,0.810000,-0.574605
37,5,-0.076015,-0.221311,-1.311315,0.151594,-0.574605
37,6,0.717845,-0.918853,0.033071,1.022595,-0.574605
37,7,2.018843,-0.295642,0.149011,-0.117351,-0.574605
37,8,0.435319,0.481121,-0.565116,-0.490622,-0.574605
37,9,0.078606,0.355306,-0.309618,-1.258330,-0.574605
37,10,-1.431412,2.218762,0.208933,2.127403,-0.574605
37,11,2.185526,1.262438,-1.367098,-1.508148,-0.574605
37,12,-0.086539,1.713862,-2.452606,0.027584,-0.574605
37,13,-0.218261,1.920534,-1.470944,2.576277,-0.574605
37,14,0.719209,-1.187212,-1.672600,1.661878,-0.574605
37,15,1.445776,0.979233,-1.484856,0.861817,-0.574605
37,16,3.423269,1.600227,0.048761,-0.249913,-0.574605
37,17,-0.482206,1.191375,0.149160,-0.865165,-0.574605
37,18,-0.026501,-1.524492,-0.678144,-0.656006,-0.574605
37,19,-1.402758,-0.221232,-2.099507,-0.818622,-0.574605
37,20,-2.753801,-2.100250,-0.623859,-0.776433,-0.574605
37,21,-1.813695,-1.107298,-2.367335,-1.476558,-0.574605
37,22,-2.469661,-0.130652,-0.825480,0.119911,-0.574605
37,23,0.751595,2.241811,0.151600,1.290288,-0.574605
37,24,1.500261,1.464548,-1.522801,-1.499601,-0.574605
37,25,-2.771626,0.725708,-3.462131,1.387766,-0.574605
37,26,2.114152,0.991018,-0.533057,-0.870553,-0.574605
37,27,0.093230,0.433580,0.317315,1.183559,-0.574605
37,28,2.040642,-0.529978,-1.999604,-0.963356,-0.574605
37,29,0.380131,-0.049647,-1.290991,-2.362001,-0.574605
37,30,-1.541059,2.104107,-1.793701,-0.083053,-0.574605
37,31,0.098949,-0.845890,-0.236692,-0.797793,-0.574605
37,32,-1.300079,1.085116,-2.726432,-0.133292,-0.574605
37,33,-1.731531,1.316343,-2.316011,-1.452881,-0.574605
37,34,-1.722629,0.297994,-2.000275,-0.741061,-0.574605
37,35,-1.833261,-0.299614,-2.787119,-0.085386,-0.574605
37,36,-0.438291,-1.949673,-0.829251,-0.971242,-0.574605
37,37,-2.569964,-1.522054,-2.847676,-1.679783,-0.574605
37,38,-4.186172,-2.310467,-1.701670,-0.251268,-0.574605
37,39,-0.344648,-0.624118,-0.072028,-0.938624,-0.574605
37,40,-0.342908,-1.563352,-0.145173,-0.426238,-0.574605
37,41,-0.820798,-0.085510,-1.169681,-1.653327,-0.574605
37,42,-1.227134,0.470505,-1.179462,-1.131426,-0.574605
37,43,-1.895435,-0.838005,-2.166752,0.267305,-0.574605
37,44,-1.007905,-1.739858,-0.851844,-0.393017,-0.574605
37,45,-0.384156,-0.928642,-0.216403,-0.969103,-0.574605
37,46,-2.782224,-1.237068,-1.612868,0.293502,-0.574605
37,47,0.859631,-0.210023,-1.724766,-0.811243,-0.574605
37,48,-2.529363,-2.444979,-0.575807,0.202921,-0.574605
37,49,-0.438564,-1.275921,-0.723992,0.258902,-0.574605
37,50,-0.319845,0.447934,-0.143961,-1.472471,-0.574605
37,51,-0.761467,0.760107,0.190730,1.790436,-0.574605
37,52,0.637095,0.953305,-0.247239,0.964774,-0.574605
37,53,-0.718922,1.512349,1.248412,-0.688679,-0.574605
37,54,-0.514724,1.231778,0.136852,-1.781330,-0.574605
37,55,-2.590630,0.664225,-2.982955,1.064047,-0.574605
37,56,0.050203,-0.488587,-1.277358,0.011075,-0.574605
37,57,0.435017,-2.667307,0.486705,-0.593595,-0.574605
37,58,-2.247246,-1.912065,1.293536,2.099771,-0.574605
37,59,0.232595,-0.493537,2.625514,-1.041247,-0.574605
37,60,-1.635054,-1.329399,1.719090,-1.356237,-0.574605
37,61,-3.039704,-2.255656,1.628914,-1.783144,-0.574605
37,62,-4.448514,-1.427459,0.614059,-0.658667,-0.574605
37,63,-1.212748,-1.737383,1.539842,-0.547018,-0.574605
37,64,-0.659958,-1.184197,-1.181065,0.952282,-0.574605
37,65,0.862418,1.274264,1.374262,-1.391703,-0.574605
37,66,-0.318605,0.559970,-0.011261,-1.177549,-0.574605
37,67,-0.849149,1.331551,-1.475191,-0.188598,-0.574605
37,68,-2.026559,0.401787,-0.328649,-0.368680,-0.574605
37,69,0.082443,-0.252250,-1.385319,-0.514239,-0.574605
37,70,-0.574441,-1.042740,-2.094388,1.108962,-0.574605
37,71,0.566140,0.306980,0.039003,-0.270160,-0.574605
37,72,-0.762167,-0.916650,0.120119,0.059675,-0.574605
37,73,0.736741,-0.983696,1.132195,-0.407164,-0.574605
37,74,1.788217,-0.418557,2.113393,0.011382,-0.574605
37,75,1.155218,1.418530,0.798209,-1.334316,-0.574605
37,76,-0.658857,0.167991,0.565803,0.927866,-0.574605
37,77,0.323993,0.657419,0.955961,-0.259752,-0.574605
37,78,0.024069,-0.424013,0.220891,-0.021734,-0.574605
37,79,0.352461,-0.154181,-1.353024,-1.560625,-0.574605
37,80,0.595923,-0.811295,-1.204731,-2.440078,-0.574605
37,81,-3.315231,-2.349600,-3.200311,0.181691,-0.574605
37,82,-1.397292,-2.727680,-0.366361,-1.290138,-0.574605
37,83,-1.619200,-1.418501,-0.421658,-0.452740,-0.574605
37,84,-0.443373,0.071941,0.313282,0.667909,-0.574605
37,85,-0.847323,0.801809,-0.618653,0.818869,-0.574605
37,86,0.789177,0.345706,0.068827,0.574328,-0.574605
37,87,1.298951,-0.404178,-1.393827,2.284037,-0.574605
37,88,2.231779,-2.302402,1.459026,-0.696949,-0.574605
37,89,1.479449,-0.261799,0.487294,0.026799,-0.574605
37,90,0.089429,-1.768762,-0.376798,-1.153732,-0.574605
37,91,-0.293860,-0.524951,0.856275,0.443082,-0.574605
37,92,2.986232,0.232846,2.199140,0.547716,-0.574605
37,93,0.592407,0.479808,-0.018450,1.199799,-0.574605
37,94,1.296947,-1.136184,0.301991,1.982064,-0.574605
37,95,2.394515,1.375159,0.001880,1.071101,-0.574605
37,96,0.407432,-0.208445,3.104318,0.173541,-0.574605
37,97,2.804557,0.383585,1.221679,0.869514,-0.574605
37,98,1.106119,0.836812,0.508702,1.292221,-0.574605
37,99,3.237240,0.695462,0.378235,-1.122948,-0.574605
37,100,0.543053,-0.309120,-1.049340,-0.934962,-0.574605
38,1,0.220261,-1.894617,-0.291366,0.333476,-1.367317
38,2,-1.372611,-1.724611,-0.164202,0.584014,-1.367317
38,3,-0.022822,1.380377,-1.410370,-1.388291,-1.367317
38,4,0.651096,-0.976343,-0.040988,0.810000,-1.367317
38,5,-0.018863,0.501394,-1.448109,0.151594,-1.367317
38,6,2.608232,1.608745,-1.209074,1.022595,-1.367317
38,7,0.955065,2.321414,0.057068,-0.117351,-1.367317
38,8,0.554494,1.483739,-1.253817,-0.490622,-1.367317
38,9,-0.661015,2.884087,-3.505778,-1.258330,-1.367317
38,10,-2.034328,1.696118,-1.903819,2.127403,-1.367317
38,11,0.213281,1.414182,-2.152940,-1.508148,-1.367317
38,12,-2.775579,-0.177853,-2.795819,0.027584,-1.367317
38,13,0.698950,2.728445,-0.879414,2.576277,-1.367317
38,14,1.947399,0.751610,-0.356579,1.661878,-1.367317
38,15,0.579807,0.935147,0.256701,0.861817,-1.367317
38,16,1.898071,-0.032032,0.010373,-0.249913,-1.367317
38,17,-0.020742,-0.247294,-1.343070,-0.865165,-1.367317
38,18,-3.346016,-0.150478,-1.743017,-0.656006,-1.367317
38,19,-3.003883,0.314349,-1.272393,-0.818622,-1.367317
38,20,-1.356086,-0.093204,-2.707561,-0.776433,-1.367317
38,21,-1.481646,-1.552446,-1.970317,-1.476558,-1.367317
38,22,-1.047549,-0.181910,-3.007224,0.119911,-1.367317
38,23,0.951178,0.672695,-0.855915,1.290288,-1.367317
38,24,0.398304,1.352575,-1.311607,-1.499601,-1.367317
38,25,-0.957090,1.131733,-0.849860,1.387766,-1.367317
38,26,-0.161229,1.071616,-1.572211,-0.870553,-1.367317
38,27,0.694328,-0.572752,-3.955836,1.183559,-1.367317
38,28,2.354978,-0.331971,-2.494316,-0.963356,-1.367317
38,29,-0.274076,2.794021,-2.339500,-2.362001,-1.367317
38,30,-2.573557,2.817050,-1.548689,-0.083053,-1.367317
38,31,-0.178266,1.709861,-2.949070,-0.797793,-1.367317
38,32,0.915702,-0.073168,-3.863791,-0.133292,-1.367317
38,33,0.537611,-0.251285,-3.679628,-1.452881,-1.367317
38,34,-1.036628,-0.492290,-2.540767,-0.741061,-1.367317
38,35,0.827725,0.888185,-2.647162,-0.085386,-1.367317
38,36,-1.186310,0.423849,-0.890754,-0.971242,-1.367317
38,37,1.926996,1.512281,-2.109006,-1.679783,-1.367317
38,38,-1.981375,0.106114,-3.574377,-0.251268,-1.367317
38,39,-0.141969,-1.108047,-2.542727,-0.938624,-1.367317
38,40,-0.172925,0.575450,-3.540306,-0.426238,-1.367317
38,41,-0.042914,0.665333,1.005130,-1.653327,-1.367317
38,42,-0.871976,-1.412486,-1.184551,-1.131426,-1.367317
38,43,-2.802413,-0.233189,-0.562088,0.267305,-1.367317
38,44,-2.288711,2.046382,0.492010,-0.393017,-1.367317
38,45,-2.770829,3.263238,-0.112336,-0.969103,-1.367317
38,46,-3.392363,1.663721,-3.995482,0.293502,-1.367317
38,47,-2.486211,0.593806,-4.326914,-0.811243,-1.367317
38,48,-1.812862,-0.701455,-3.350796,0.202921,-1.367317
38,49,-0.409330,0.310305,-2.068166,0.258902,-1.367317
38,50,-0.697449,-0.115399,-0.637460,-1.472471,-1.367317
38,51,-1.696021,2.091033,-1.647760,1.790436,-1.367317
38,52,-0.975630,-0.491614,0.563171,0.964774,-1.367317
38,53,0.618223,1.511092,1.054802,-0.688679,-1.367317
38,54,0.425209,1.930136,0.499033,-1.781330,-1.367317
38,55,-3.347067,-0.435557,-2.702049,1.064047,-1.367317
38,56,-0.719501,-0.966503,-3.631155,0.011075,-1.367317
38,57,-1.144095,-0.077587,-3.693563,-0.593595,-1.367317
38,58,-1.578469,0.578829,0.273174,2.099771,-1.367317
38,59,1.546954,-0.361601,-1.060757,-1.041247,-1.367317
38,60,-1.986174,-0.945122,-1.145373,-1.356237,-1.367317
38,61,-3.346726,-1.739670,-3.940581,-1.783144,-1.367317
38,62,-2.085305,-1.517134,-0.006754,-0.658667,-1.367317
38,63,0.556199,-0.592399,-1.964929,-0.547018,-1.367317
38,64,1.294648,1.584096,-0.648963,0.952282,-1.367317
38,65,1.300411,1.657253,-0.441126,-1.391703,-1.367317
38,66,-2.510020,1.843877,-1.449839,-1.177549,-1.367317
38,67,-2.927675,1.934497,-1.951626,-0.188598,-1.367317
38,68,0.259505,-0.380153,-1.888873,-0.368680,-1.367317
38,69,-0.377920,-1.007136,-1.273157,-0.514239,-1.367317
38,70,-1.372021,0.423808,-2.078488,1.108962,-1.367317
38,71,1.093671,-1.060459,-1.227480,-0.270160,-1.367317
38,72,-1.408867,1.084164,-2.293662,0.059675,-1.367317
38,73,-1.002620,0.803801,-0.001032,-0.407164,-1.367317
38,74,-0.441520,-0.548410,-0.833502,0.011382,-1.367317
38,75,0.418055,1.063424,-3.197244,-1.334316,-1.367317
38,76,-1.742000,1.485567,-2.344454,0.927866,-1.367317
38,77,2.296098,0.458162,-1.926094,-0.259752,-1.367317
38,78,1.774414,-0.940337,-2.963970,-0.021734,-1.367317
38,79,0.152265,-1.695091,-1.585226,-1.560625,-1.367317
38,80,1.105999,-0.058560,-2.217440,-2.440078,-1.367317
38,81,-1.534299,1.528054,-2.280958,0.181691,-1.367317
38,82,-0.860116,-0.545455,-1.675100,-1.290138,-1.367317
38,83,-1.389410,0.927470,-3.109559,-0.452740,-1.367317
38,84,0.170214,-0.318091,-2.372863,0.667909,-1.367317
38,85,0.048430,-1.046937,-0.940834,0.818869,-1.367317
38,86,1.626015,-1.339795,-1.163183,0.574328,-1.367317
38,87,-0.158540,-0.636960,-0.655309,2.284037,-1.367317
38,88,-0.609073,-1.029165,1.209807,-0.696949,-1.367317
38,89,-3.108511,-0.604696,-0.134364,0.026799,-1.367317
38,90,0.790138,-0.948174,0.272253,-1.153732,-1.367317
38,91,0.336010,2.640408,-0.363020,0.443082,-1.367317
38,92,0.397773,3.288531,-1.046764,0.547716,-1.367317
38,93,0.132426,1.557385,-1.936675,1.199799,-1.367317
38,94,1.716292,0.798827,-2.433532,1.982064,-1.367317
38,95,2.641546,0.239467,-2.036443,1.071101,-1.367317
38,96,2.143727,1.385072,-1.199206,0.173541,-1.367317
38,97,2.830564,1.513584,-1.031307,0.869514,-1.367317
38,98,0.412665,-1.722156,-0.824173,1.292221,-1.367317
38,99,2.612010,-1.512955,-1.920305,-1.122948,-1.367317
38,100,-0.488026,-0.284060,-0.299239,-0.934962,-1.367317
39,1,0.621152,2.084229,-0.676574,0.333476,-1.657763
39,2,-0.104822,0.220578,-1.981622,0.584014,-1.657763
39,3,0.745091,0.879867,-1.543063,-1.388291,-1.657763
39,4,-1.220014,0.845305,-2.192913,0.810000,-1.657763
39,5,0.500189,-0.224059,-0.341767,0.151594,-1.657763
39,6,0.020701,-0.147835,0.024105,1.022595,-1.657763
39,7,-0.422957,0.938540,0.416444,-0.117351,-1.657763
39,8,-1.006679,0.348863,-1.399226,-0.490622,-1.657763
39,9,-0.129922,0.868833,-1.811209,-1.258330,-1.657763
39,10,-1.068312,0.871266,-0.912530,2.127403,-1.657763
39,11,1.782809,0.876580,-1.642592,-1.508148,-1.657763
39,12,-1.757319,0.133024,-1.514904,0.027584,-1.657763
39,13,2.094719,-1.079566,-1.680398,2.576277,-1.657763
39,14,2.746747,-1.536586,0.648662,1.661878,-1.657763
39,15,1.518525,-1.502391,-1.057546,0.861817,-1.657763
39,16,2.146845,-0.110267,1.284714,-0.249913,-1.657763
39,17,0.009427,-1.961098,1.730604,-0.865165,-1.657763
39,18,-0.341230,-2.051394,-1.348540,-0.656006,-1.657763
39,19,0.957233,-1.606092,0.633267,-0.818622,-1.657763
39,20,1.542449,0.325848,-1.216280,-0.776433,-1.657763
39,21,0.495192,-1.094034,-0.791929,-1.476558,-1.657763
39,22,-1.009491,-0.548769,-3.575875,0.119911,-1.657763
39,23,1.622697,0.532532,-2.221193,1.290288,-1.657763
39,24,1.565634,-1.137812,-0.602833,-1.499601,-1.657763
39,25,-1.458222,-1.676331,-1.564304,1.387766,-1.657763
39,26,0.553310,-1.184745,-0.258470,-0.870553,-1.657763
39,27,-0.901778,0.474844,-3.315794,1.183559,-1.657763
39,28,-0.293444,0.670029,0.862804,-0.963356,-1.657763
39,29,-0.410588,1.493005,-2.984548,-2.362001,-1.657763
39,30,-2.384219,0.142643,-2.719485,-0.083053,-1.657763
39,31,-1.948097,1.357136,-2.506644,-0.797793,-1.657763
39,32,-0.694794,2.646632,-2.868915,-0.133292,-1.657763
39,33,-1.656322,3.332956,-2.706902,-1.452881,-1.657763
39,34,-2.260671,-1.298918,-2.717825,-0.741061,-1.657763
39,35,-1.554290,0.524516,-2.745735,-0.085386,-1.657763
39,36,-0.351616,0.641453,-2.267515,-0.971242,-1.657763
39,37,0.506081,-0.460460,-4.597061,-1.679783,-1.657763
39,38,-3.181773,0.134611,-3.305436,-0.251268,-1.657763
39,39,-0.737136,0.479709,-3.724677,-0.938624,-1.657763
39,40,-0.107452,-0.073030,-0.667564,-0.426238,-1.657763
39,41,0.490485,0.867187,-0.478591,-1.653327,-1.657763
39,42,-0.046708,1.261525,-2.541052,-1.131426,-1.657763
39,43,-1.612380,0.041426,-2.958320,0.267305,-1.657763
39,44,0.257016,1.734586,-2.692322,-0.393017,-1.657763
39,45,0.933383,1.186655,-0.956251,-0.969103,-1.657763
39,46,0.292837,0.034650,-1.272118,0.293502,-1.657763
39,47,-0.207932,-0.842620,-0.644867,-0.811243,-1.657763
39,48,-2.350469,-1.056430,-1.634118,0.202921,-1.657763
39,49,-0.815034,-0.113471,-0.697477,0.258902,-1.657763
39,50,0.097141,-0.713572,2.244828,-1.472471,-1.657763
39,51,-2.268335,1.948144,0.612477,1.790436,-1.657763
39,52,0.789578,0.946291,0.142586,0.964774,-1.657763
39,53,1.331858,-0.924948,-2.956961,-0.688679,-1.657763
39,54,-0.579356,-0.012555,-2.776763,-1.781330,-1.657763
39,55,-1.847019,-1.529058,-0.621256,1.064047,-1.657763
39,56,0.671700,-2.051374,1.815598,0.011075,-1.657763
39,57,-0.957385,-0.911047,0.312922,-0.593595,-1.657763
39,58,-0.814291,-1.557594,0.670283,2.099771,-1.657763
39,59,2.429440,-0.105028,0.927054,-1.041247,-1.657763
39,60,0.288754,0.087314,-1.811382,-1.356237,-1.657763
39,61,-3.204588,-1.193297,-1.973008,-1.783144,-1.657763
39,62,-3.299968,-0.213993,-1.635191,-0.658667,-1.657763
39,63,-2.683712,-1.279073,-2.185195,-0.547018,-1.657763
39,64,-1.571789,1.515035,-2.080715,0.952282,-1.657763
39,65,1.281005,1.427603,-0.119172,-1.391703,-1.657763
39,66,0.397349,0.537696,-1.438546,-1.177549,-1.657763
39,67,-1.002773,0.797530,-3.106276,-0.188598,-1.657763
39,68,-1.016888,-0.173770,-1.742439,-0.368680,-1.657763
39,69,0.872951,0.868136,-0.019055,-0.514239,-1.657763
39,70,-2.558027,-0.673814,-0.516338,1.108962,-1.657763
39,71,-0.063889,0.242669,-0.915172,-0.270160,-1.657763
39,72,-2.450192,-0.724365,-0.843202,0.059675,-1.657763
39,73,-0.639507,0.937361,-1.277714,-0.407164,-1.657763
39,74,-0.285039,0.246433,-1.355762,0.011382,-1.657763
39,75,0.403699,-0.015693,-2.153728,-1.334316,-1.657763
39,76,-2.270485,-0.101306,-1.319418,0.927866,-1.657763
39,77,-0.318604,-0.460633,-1.012468,-0.259752,-1.657763
39,78,-0.884426,0.622472,0.384870,-0.021734,-1.657763
39,79,-1.289895,-0.884058,0.084481,-1.560625,-1.657763
39,80,-1.668052,0.069256,-2.783197,-2.440078,-1.657763
39,81,-3.733908,0.502378,-3.044617,0.181691,-1.657763
39,82,-2.171564,-1.171888,-4.094709,-1.290138,-1.657763
39,83,-2.222523,-2.119262,-2.074141,-0.452740,-1.657763
39,84,-0.029306,-0.916708,-1.419496,0.667909,-1.657763
39,85,0.060782,-1.147346,0.472130,0.818869,-1.657763
39,86,-0.742893,-0.247047,-0.868653,0.574328,-1.657763
39,87,-1.109606,-2.533512,0.540568,2.284037,-1.657763
39,88,2.016234,-1.833963,1.455231,-0.696949,-1.657763
39,89,1.389905,-0.863494,0.479029,0.026799,-1.657763
39,90,-0.912842,0.900176,1.356723,-1.153732,-1.657763
39,91,-1.796743,0.089212,-1.556846,0.443082,-1.657763
39,92,2.381640,0.100125,-0.522741,0.547716,-1.657763
39,93,1.295855,-0.606974,0.445411,1.199799,-1.657763
39,94,1.114966,-0.951632,-0.323323,1.982064,-1.657763
39,95,2.120413,-0.910020,0.505753,1.071101,-1.657763
39,96,0.273083,-0.915080,1.565422,0.173541,-1.657763
39,97,1.264409,0.937998,-0.180861,0.869514,-1.657763
39,98,0.184498,-0.503763,-0.046463,1.292221,-1.657763
39,99,2.280154,-0.562650,-0.106753,-1.122948,-1.657763
39,100,-0.913640,-0.475479,-0.829111,-0.934962,-1.657763
40,1,3.036411,-0.915995,1.593815,0.333476,-0.622459
40,2,0.283044,-0.311029,-1.606547,0.584014,-0.622459
40,3,-0.569148,0.596159,-1.097723,-1.388291,-0.622459
40,4,-0.620286,1.011317,-1.345112,0.810000,-0.622459
40,5,-0.083292,-0.085151,-0.512904,0.151594,-0.622459
40,6,-0.403461,2.527485,-1.213679,1.022595,-0.622459
40,7,1.292462,0.020044,-1.928054,-0.117351,-0.622459
40,8,0.412354,-0.132511,-2.296799,-0.490622,-0.622459
40,9,-1.074844,0.300624,-1.255203,-1.258330,-0.622459
40,10,-0.707427,0.103603,-1.320201,2.127403,-0.622459
40,11,2.179032,-0.686243,1.356209,-1.508148,-0.622459
40,12,-2.205853,0.087118,0.081685,0.027584,-0.622459
40,13,0.672787,0.305456,0.158197,2.576277,-0.622459
40,14,2.045178,-1.140436,1.806044,1.661878,-0.622459
40,15,1.019957,-1.888986,2.134054,0.861817,-0.622459
40,16,1.730928,0.354792,0.733061,-0.249913,-0.622459
40,17,0.077655,0.565463,0.767174,-0.865165,-0.622459
40,18,-0.745492,0.350774,-1.100152,-0.656006,-0.622459
40,19,-1.584043,-0.353853,-0.924074,-0.818622,-0.622459
40,20,-1.138533,-0.064029,-0.390893,-0.776433,-0.622459
40,21,-3.160941,-2.060083,-0.055299,-1.476558,-0.622459
40,22,-1.573454,-2.148068,-2.043778,0.119911,-0.622459
40,23,1.744132,-0.610328,-0.717859,1.290288,-0.622459
40,24,-0.634843,-0.616343,0.722225,-1.499601,-0.622459
40,25,-3.045117,1.084809,0.850483,1.387766,-0.622459
40,26,0.166369,-0.266586,1.515568,-0.870553,-0.622459
40,27,0.209686,1.021710,-1.895379,1.183559,-0.622459
40,28,2.928817,-0.881214,-0.090061,-0.963356,-0.622459
40,29,0.858631,-1.230551,-1.788531,-2.362001,-0.622459
40,30,-2.444687,1.730335,-0.905863,-0.083053,-0.622459
40,31,-2.238363,1.130762,0.844111,-0.797793,-0.622459
40,32,-0.724274,2.405105,-1.944896,-0.133292,-0.622459
40,33,0.979277,3.378874,-3.700956,-1.452881,-0.622459
40,34,-2.577433,2.946307,-4.379073,-0.741061,-0.622459
40,35,1.009885,1.314036,-2.612845,-0.085386,-0.622459
40,36,-0.590793,-0.675246,-1.725697,-0.971242,-0.622459
40,37,-0.452153,2.545520,-2.024620,-1.679783,-0.622459
40,38,-1.602023,1.125396,-2.964746,-0.251268,-0.622459
40,39,0.165531,-0.259551,-2.163964,-0.938624,-0.622459
40,40,-2.127535,-3.439926,-2.965472,-0.426238,-0.622459
40,41,-1.661262,-1.172406,-1.557252,-1.653327,-0.622459
40,42,-2.418391,-1.119223,0.393667,-1.131426,-0.622459
40,43,-0.702186,-1.508579,-0.407867,0.267305,-0.622459
40,44,-0.021426,-0.776031,0.847367,-0.393017,-0.622459
40,45,0.947483,-0.128656,2.816535,-0.969103,-0.622459
40,46,-0.360324,1.823388,-1.605973,0.293502,-0.622459
40,47,-2.466130,-0.500949,-3.033508,-0.811243,-0.622459
40,48,-0.233199,-1.723633,-3.506099,0.202921,-0.622459
40,49,0.756118,0.969468,0.455921,0.258902,-0.622459
40,50,0.854238,-1.562252,1.246272,-1.472471,-0.622459
40,51,1.061195,-0.386570,-2.049826,1.790436,-0.622459
40,52,0.663988,-1.353445,-0.509023,0.964774,-0.622459
40,53,2.007123,-1.077232,0.389029,-0.688679,-0.622459
40,54,0.487682,-0.636894,0.142712,-1.781330,-0.622459
40,55,-2.750231,0.017668,-1.158432,1.064047,-0.622459
40,56,-0.185029,-1.107678,-0.821994,0.011075,-0.622459
40,57,-0.561099,-0.544037,0.866950,-0.593595,-0.622459
40,58,-0.969478,0.964162,0.633090,2.099771,-0.622459
40,59,1.839262,0.597979,1.567911,-1.041247,-0.622459
40,60,0.188655,1.207217,-1.458958,-1.356237,-0.622459
40,61,-1.949911,-1.879845,-3.447296,-1.783144,-0.622459
40,62,-2.856856,-1.174654,-3.683323,-0.658667,-0.622459
40,63,-0.945697,-0.974328,-2.082149,-0.547018,-0.622459
40,64,-1.199143,-0.643875,0.397673,0.952282,-0.622459
40,65,1.651747,1.800188,0.524347,-1.391703,-0.622459
40,66,-0.572049,0.794220,-2.364976,-1.177549,-0.622459
40,67,-0.561354,-0.011725,-2.753209,-0.188598,-0.622459
40,68,-0.948584,0.488628,-1.476671,-0.368680,-0.622459
40,69,1.208118,0.462207,-0.781886,-0.514239,-0.622459
40,70,-0.629843,-1.469025,0.204375,1.108962,-0.622459
40,71,-0.119892,-3.714106,-2.374916,-0.270160,-0.622459
40,72,-2.071905,-2.522173,-0.384460,0.059675,-0.622459
40,73,0.010411,0.350536,0.889512,-0.407164,-0.622459
40,74,-2.304908,0.237238,1.121486,0.011382,-0.622459
40,75,-0.593531,-0.217602,-0.835326,-1.334316,-0.622459
40,76,-1.230706,-1.373800,-2.112630,0.927866,-0.622459
40,77,2.081128,-0.844664,0.426490,-0.259752,-0.622459
40,78,2.608613,-1.632786,-0.184403,-0.021734,-0.622459
40,79,2.421106,-0.963755,0.924690,-1.560625,-0.622459
40,80,-0.817228,0.988687,-1.388128,-2.440078,-0.622459
40,81,-2.494674,0.472606,-2.202903,0.181691,-0.622459
40,82,-0.703496,-1.526801,-0.841273,-1.290138,-0.622459
40,83,-1.793486,-2.660113,-1.053578,-0.452740,-0.622459
40,84,-1.120321,-1.318381,1.004968,0.667909,-0.622459
40,85,-0.584748,-1.830320,0.755610,0.818869,-0.622459
40,86,1.226233,-2.047102,0.620288,0.574328,-0.622459
40,87,0.474257,0.511134,0.261235,2.284037,-0.622459
40,88,2.180386,-1.167727,2.693178,-0.696949,-0.622459
40,89,-0.572534,0.677431,0.420932,0.026799,-0.622459
40,90,-1.660421,-2.098060,-0.191624,-1.153732,-0.622459
40,91,-2.779346,-0.444102,-4.233502,0.443082,-0.622459
40,92,-0.021838,-0.497689,0.032710,0.547716,-0.622459
40,93,0.332033,0.687281,0.780641,1.199799,-0.622459
40,94,2.944768,0.560814,0.921961,1.982064,-0.622459
40,95,4.063094,0.168018,0.009387,1.071101,-0.622459
40,96,2.174578,-1.107888,-1.157824,0.173541,-0.622459
40,97,2.961068,3.546354,-1.196747,0.869514,-0.622459
40,98,2.198060,1.766852,-0.132694,1.292221,-0.622459
40,99,1.461369,-0.774379,-3.071292,-1.122948,-0.622459
40,100,-1.267760,0.184685,-2.718493,-0.934962,-0.622459
41,1,1.652946,0.328445,0.585890,0.333476,1.490742
41,2,1.657274,1.583836,0.233614,0.584014,1.490742
41,3,-0.464088,1.365639,0.103002,-1.388291,1.490742
41,4,-0.241814,-0.640126,0.101864,0.810000,1.490742
41,5,0.832134,-0.591369,1.786681,0.151594,1.490742
41,6,-0.859709,-0.951665,3.376825,1.022595,1.490742
41,7,1.416346,-0.624459,3.221560,-0.117351,1.490742
41,8,-0.009916,1.023468,2.920468,-0.490622,1.490742
41,9,-2.497466,1.147322,1.363408,-1.258330,1.490742
41,10,-2.998891,2.330629,-0.145923,2.127403,1.490742
41,11,1.147867,1.360116,2.662851,-1.508148,1.490742
41,12,-0.234978,0.447052,0.471123,0.027584,1.490742
41,13,0.886724,1.243140,0.312762,2.576277,1.490742
41,14,2.910501,-0.902364,2.202441,1.661878,1.490742
41,15,2.214369,-0.835325,2.154919,0.861817,1.490742
41,16,0.495547,-0.434780,3.435512,-0.249913,1.490742
41,17,-0.027489,-0.635997,2.215794,-0.865165,1.490742
41,18,-0.612841,-0.040125,3.148725,-0.656006,1.490742
41,19,-1.415416,-1.720652,1.504291,-0.818622,1.490742
41,20,-0.620167,-2.229158,0.029007,-0.776433,1.490742
41,21,-0.288347,-1.910590,2.971772,-1.476558,1.490742
41,22,-2.475563,-1.298175,1.130280,0.119911,1.490742
41,23,0.036787,-1.203817,4.668930,1.290288,1.490742
41,24,-0.052793,-0.500858,4.346912,-1.499601,1.490742
41,25,-3.028224,1.415804,1.498910,1.387766,1.490742
41,26,-2.508892,-0.611028,2.797953,-0.870553,1.490742
41,27,-1.149065,0.317623,0.030567,1.183559,1.490742
41,28,2.868411,1.135177,1.849581,-0.963356,1.490742
41,29,0.529814,1.499121,-0.500252,-2.362001,1.490742
41,30,-2.941028,0.244339,-1.194899,-0.083053,1.490742
41,31,-1.990378,-0.270618,-1.194638,-0.797793,1.490742
41,32,0.054978,0.687223,-0.167112,-0.133292,1.490742
41,33,0.991507,-0.535840,1.636203,-1.452881,1.490742
41,34,-1.172610,0.402156,1.853538,-0.741061,1.490742
41,35,-1.630085,-0.482828,-0.005928,-0.085386,1.490742
41,36,-1.199000,-1.206172,0.503988,-0.971242,1.490742
41,37,0.693609,0.442495,1.992343,-1.679783,1.490742
41,38,-1.784414,-3.011354,1.338653,-0.251268,1.490742
41,39,1.406831,-1.721780,0.677703,-0.938624,1.490742
41,40,-1.067630,0.583912,3.506498,-0.426238,1.490742
41,41,-1.168030,0.893663,3.366194,-1.653327,1.490742
41,42,-4.143844,0.507102,1.287445,-1.131426,1.490742
41,43,-1.143209,-0.445429,0.046908,0.267305,1.490742
41,44,-0.724324,-0.115405,1.871421,-0.393017,1.490742
41,45,-0.269341,2.501556,2.388554,-0.969103,1.490742
41,46,-2.215462,-0.181515,1.367172,0.293502,1.490742
41,47,-1.245834,-1.666174,0.442263,-0.811243,1.490742
41,48,-1.141850,-1.478790,0.722236,0.202921,1.490742
41,49,0.328123,0.782756,2.505453,0.258902,1.490742
41,50,0.114392,0.107066,3.422002,-1.472471,1.490742
41,51,-0.662623,2.141614,0.915218,1.790436,1.490742
41,52,1.506342,2.214589,1.536497,0.964774,1.490742
41,53,2.304367,1.537432,-0.314466,-0.688679,1.490742
41,54,0.569036,-0.370324,-0.605327,-1.781330,1.490742
41,55,-1.800369,-0.356673,0.271531,1.064047,1.490742
41,56,0.541781,-1.134794,0.881608,0.011075,1.490742
41,57,-1.730115,-2.329814,2.260221,-0.593595,1.490742
41,58,-0.801495,-1.389837,0.254023,2.099771,1.490742
41,59,1.901386,0.199008,4.866837,-1.041247,1.490742
41,60,-0.948183,-0.810820,2.548592,-1.356237,1.490742
41,61,-2.221938,-1.163536,2.292680,-1.783144,1.490742
41,62,-3.441567,-2.110763,0.775160,-0.658667,1.490742
41,63,-2.456705,-0.883374,1.428357,-0.547018,1.490742
41,64,-1.035563,-0.596584,5.032131,0.952282,1.490742
41,65,0.559380,-0.024206,3.710570,-1.391703,1.490742
41,66,-2.517843,-0.299975,2.625388,-1.177549,1.490742
41,67,-1.794754,0.332406,2.900802,-0.188598,1.490742
41,68,-1.112998,-0.335437,0.216315,-0.368680,1.490742
41,69,-1.836967,-0.806091,1.342708,-0.514239,1.490742
41,70,-2.598428,-2.549176,1.034783,1.108962,1.490742
41,71,-0.632234,1.476213,4.216268,-0.270160,1.490742
41,72,-1.285546,0.349481,3.721850,0.059675,1.490742
41,73,-0.603410,0.216942,0.155208,-0.407164,1.490742
41,74,-1.107780,1.266553,2.625499,0.011382,1.490742
41,75,-0.007381,-0.731331,2.486393,-1.334316,1.490742
41,76,-0.544004,-1.734603,-0.231335,0.927866,1.490742
41,77,0.972179,-0.993783,1.941144,-0.259752,1.490742
41,78,-0.568756,-1.204577,3.995280,-0.021734,1.490742
41,79,-0.619910,-1.856995,3.752634,-1.560625,1.490742
41,80,-0.306930,-0.659945,2.562047,-2.440078,1.490742
41,81,-3.540903,-1.092502,0.265473,0.181691,1.490742
41,82,-2.748675,-0.466118,2.223179,-1.290138,1.490742
41,83,-2.626812,-0.010729,0.805434,-0.452740,1.490742
41,84,-1.549093,-1.665844,1.489640,0.667909,1.490742
41,85,-2.170565,-0.175129,3.419298,0.818869,1.490742
41,86,0.015815,-0.426665,2.216931,0.574328,1.490742
41,87,-2.757621,-0.448936,0.918625,2.284037,1.490742
41,88,-0.276419,-1.347698,2.993135,-0.696949,1.490742
41,89,1.408308,0.200020,0.411689,0.026799,1.490742
41,90,0.327643,0.588855,0.515217,-1.153732,1.490742
41,91,-1.599146,0.275840,2.691898,0.443082,1.490742
41,92,-0.541275,1.635430,0.320726,0.547716,1.490742
41,93,0.258263,-0.921272,1.484671,1.199799,1.490742
41,94,-0.143870,1.033087,0.935331,1.982064,1.490742
41,95,2.887316,-0.936108,3.091480,1.071101,1.490742
41,96,1.252195,0.117748,2.250471,0.173541,1.490742
41,97,1.138000,0.826601,1.631695,0.869514,1.490742
41,98,0.517419,0.603937,0.835295,1.292221,1.490742
41,99,2.057760,-0.438860,1.449757,-1.122948,1.490742
41,100,0.144540,2.920152,0.536352,-0.934962,1.490742
42,1,-0.187947,1.980585,-0.907274,0.333476,0.401105
42,2,-0.983904,1.018402,-2.102566,0.584014,0.401105
42,3,1.989630,-0.912239,0.459567,-1.388291,0.401105
42,4,0.030716,-0.563072,-0.610074,0.810000,0.401105
42,5,0.295870,-2.005357,0.979796,0.151594,0.401105
42,6,-0.624162,-0.393242,1.086757,1.022595,0.401105
42,7,0.238434,1.094329,3.179894,-0.117351,0.401105
42,8,-0.297344,-1.178494,3.888736,-0.490622,0.401105
42,9,-2.352750,-0.448152,0.202156,-1.258330,0.401105
42,10,-1.302841,0.109472,-0.678788,2.127403,0.401105
42,11,1.248014,-0.172121,1.863545,-1.508148,0.401105
42,12,-0.996807,-1.295222,-1.213424,0.027584,0.401105
42,13,2.848076,0.043483,1.136671,2.576277,0.401105
42,14,0.289058,0.126843,0.436562,1.661878,0.401105
42,15,2.024104,0.256750,-0.086374,0.861817,0.401105
42,16,0.176446,-0.175896,0.939115,-0.249913,0.401105
42,17,0.665883,-2.376354,1.241282,-0.865165,0.401105
42,18,-1.395882,-3.740181,0.228721,-0.656006,0.401105
42,19,-0.235916,-2.146148,0.966445,-0.818622,0.401105
42,20,-1.171980,-1.100839,1.006866,-0.776433,0.401105
42,21,-2.107584,-3.229825,0.867080,-1.476558,0.401105
42,22,-1.260669,-1.543989,-0.473864,0.119911,0.401105
42,23,-0.024398,-0.074216,2.637221,1.290288,0.401105
42,24,-1.245133,0.195232,2.958418,-1.499601,0.401105
42,25,-0.989554,-0.560479,-0.053745,1.387766,0.401105
42,26,-1.603677,0.913954,0.258255,-0.870553,0.401105
42,27,0.213009,0.004465,0.671701,1.183559,0.401105
42,28,1.247635,1.537002,0.347634,-0.963356,0.401105
42,29,1.229344,1.874265,-0.269882,-2.362001,0.401105
42,30,-3.157849,0.241938,-1.614748,-0.083053,0.401105
42,31,0.873367,-0.624285,0.513442,-0.797793,0.401105
42,32,0.595815,-0.049099,0.356403,-0.133292,0.401105
42,33,-0.659901,0.207295,0.203721,-1.452881,0.401105
42,34,-4.308856,0.581345,-0.473670,-0.741061,0.401105
42,35,-2.549057,0.476062,0.589033,-0.085386,0.401105
42,36,-1.616995,0.194120,0.673378,-0.971242,0.401105
42,37,-0.958771,0.770444,0.092396,-1.679783,0.401105
42,38,-3.581730,1.264893,-0.105738,-0.251268,0.401105
42,39,-1.544519,0.103207,2.329215,-0.938624,0.401105
42,40,-0.677413,-0.142973,-2.063673,-0.426238,0.401105
42,41,-1.515060,-1.610227,-1.002063,-1.653327,0.401105
42,42,-1.106776,0.333888,0.029505,-1.131426,0.401105
42,43,-2.994977,0.884313,-0.079783,0.267305,0.401105
42,44,-1.210053,-0.529925,-0.593571,-0.393017,0.401105
42,45,-1.028508,-1.381090,0.117080,-0.969103,0.401105
42,46,-2.648050,0.496098,-0.086411,0.293502,0.401105
42,47,-0.016458,-1.440175,1.128328,-0.811243,0.401105
42,48,-2.671575,-0.787199,0.017322,0.202921,0.401105
42,49,0.756253,-0.685092,2.118572,0.258902,0.401105
42,50,-0.158943,-0.934076,1.397072,-1.472471,0.401105
42,51,1.416431,-1.369083,1.962481,1.790436,0.401105
42,52,2.560680,-3.175606,2.650752,0.964774,0.401105
42,53,0.433314,-0.574697,1.560898,-0.688679,0.401105
42,54,-1.377295,1.163126,2.145061,-1.781330,0.401105
42,55,-2.492458,0.778243,0.653594,1.064047,0.401105
42,56,1.144201,-0.044843,0.583102,0.011075,0.401105
42,57,1.316285,-1.982070,-0.708170,-0.593595,0.401105
42,58,-0.509725,0.268551,-0.967184,2.099771,0.401105
42,59,2.789693,-0.475768,0.561130,-1.041247,0.401105
42,60,-1.446735,-0.756842,0.012592,-1.356237,0.401105
42,61,-0.808138,-2.502693,-0.287351,-1.783144,0.401105
42,62,-3.696395,-2.158902,0.395537,-0.658667,0.401105
42,63,-1.656963,-0.178217,0.928111,-0.547018,0.401105
42,64,-0.774737,-1.409222,0.368990,0.952282,0.401105
42,65,0.875499,-0.813102,2.428566,-1.391703,0.401105
42,66,-2.264223,-0.047623,-0.035853,-1.177549,0.401105
42,67,-2.609108,0.175841,0.062021,-0.188598,0.401105
42,68,-1.191181,0.883828,-1.760831,-0.368680,0.401105
42,69,2.420286,-0.030022,-2.064415,-0.514239,0.401105
42,70,-1.750758,0.645285,0.293354,1.108962,0.401105
42,71,-0.131255,1.650050,1.493252,-0.270160,0.401105
42,72,0.178205,0.476097,0.250258,0.059675,0.401105
42,73,-0.234359,0.443322,-0.470668,-0.407164,0.401105
42,74,-0.254642,0.994778,-1.220388,0.011382,0.401105
42,75,-0.976367,-0.044660,-0.905879,-1.334316,0.401105
42,76,-1.831942,-0.029008,-1.939837,0.927866,0.401105
42,77,0.389548,-0.508327,0.100472,-0.259752,0.401105
42,78,-1.357511,-1.101731,0.637130,-0.021734,0.401105
42,79,0.100035,-0.194995,1.229300,-1.560625,0.401105
42,80,-2.773669,0.698357,0.227283,-2.440078,0.401105
42,81,-4.369349,0.724769,-0.595819,0.181691,0.401105
42,82,-4.037432,-2.010232,-0.255074,-1.290138,0.401105
42,83,-4.102651,-1.106190,-1.585633,-0.452740,0.401105
42,84,-0.292054,-1.547189,0.326549,0.667909,0.401105
42,85,0.868636,-1.102842,0.261063,0.818869,0.401105
42,86,0.664713,0.856335,1.900188,0.574328,0.401105
42,87,1.309362,0.781152,1.551503,2.284037,0.401105
42,88,-0.080773,-1.710344,1.584085,-0.696949,0.401105
42,89,-0.033756,-1.642082,-0.789893,0.026799,0.401105
42,90,0.705913,-1.325229,-1.771739,-1.153732,0.401105
42,91,-1.782097,0.672654,1.921877,0.443082,0.401105
42,92,-0.275599,0.066713,-0.420458,0.547716,0.401105
42,93,-0.457484,0.688519,0.372868,1.199799,0.401105
42,94,1.015509,0.837218,-0.108276,1.982064,0.401105
42,95,3.847335,-1.270538,-0.127914,1.071101,0.401105
42,96,-0.268592,-3.230164,-1.735185,0.173541,0.401105
42,97,-0.104773,-2.208232,1.893385,0.869514,0.401105
42,98,0.091123,-2.034270,3.157123,1.292221,0.401105
42,99,0.878364,-2.241919,2.779520,-1.122948,0.401105
42,100,-1.469769,-3.544456,-0.047397,-0.934962,0.401105
43,1,4.403104,-0.020938,1.028107,0.333476,-0.012792
43,2,1.143674,1.057013,1.575479,0.584014,-0.012792
43,3,1.903074,0.068027,0.307115,-1.388291,-0.012792
43,4,-1.378145,-0.537059,-2.025663,0.810000,-0.012792
43,5,-1.119982,0.980106,-0.495234,0.151594,-0.012792
43,6,-0.655542,-0.927383,-0.927347,1.022595,-0.012792
43,7,1.571388,0.925665,2.718670,-0.117351,-0.012792
43,8,-0.367864,0.788294,0.499022,-0.490622,-0.012792
43,9,-0.441412,0.572568,0.972980,-1.258330,-0.012792
43,10,-1.383302,0.680177,-1.773750,2.127403,-0.012792
43,11,1.085060,0.346034,0.455552,-1.508148,-0.012792
43,12,-1.765259,-1.705319,0.017292,0.027584,-0.012792
43,13,-1.037344,-0.348291,0.298088,2.576277,-0.012792
43,14,1.891231,-1.846027,1.030863,1.661878,-0.012792
43,15,2.427829,-4.008732,1.777619,0.861817,-0.012792
43,16,1.153457,-2.157253,2.160143,-0.249913,-0.012792
43,17,0.169088,-0.946891,3.108218,-0.865165,-0.012792
43,18,-1.917772,0.289333,3.152920,-0.656006,-0.012792
43,19,-0.542382,-0.397992,2.046585,-0.818622,-0.012792
43,20,-2.160432,-2.180758,0.992535,-0.776433,-0.012792
43,21,-2.869306,-2.694825,0.026405,-1.476558,-0.012792
43,22,-1.334713,-1.723101,-0.052629,0.119911,-0.012792
43,23,0.838974,-0.314022,-0.219128,1.290288,-0.012792
43,24,-0.249183,-1.612542,0.964229,-1.499601,-0.012792
43,25,-2.910381,-1.322840,0.132699,1.387766,-0.012792
43,26,-0.257147,-1.414925,1.516739,-0.870553,-0.012792
43,27,-0.441418,2.121598,1.889450,1.183559,-0.012792
43,28,1.931627,1.449235,1.921158,-0.963356,-0.012792
43,29,1.354387,1.060344,-1.297500,-2.362001,-0.012792
43,30,-1.634815,1.505109,-1.093136,-0.083053,-0.012792
43,31,-0.559069,0.636712,-0.717184,-0.797793,-0.012792
43,32,0.547177,2.155756,-1.747029,-0.133292,-0.012792
43,33,0.487647,2.067596,-0.345078,-1.452881,-0.012792
43,34,-1.604317,0.675152,-2.274827,-0.741061,-0.012792
43,35,-0.835264,0.661152,-2.623359,-0.085386,-0.012792
43,36,-0.365343,-0.223135,-1.971911,-0.971242,-0.012792
43,37,-0.862721,-1.008324,-3.711927,-1.679783,-0.012792
43,38,-3.285514,-1.243968,-3.057415,-0.251268,-0.012792
43,39,-0.283621,-0.201794,-0.680468,-0.938624,-0.012792
43,40,-0.162780,0.584622,0.622488,-0.426238,-0.012792
43,41,-0.640089,0.401019,2.100751,-1.653327,-0.012792
43,42,0.222106,0.575810,-1.373993,-1.131426,-0.012792
43,43,-0.681319,-1.443505,0.012559,0.267305,-0.012792
43,44,0.422476,-0.163967,-0.353896,-0.393017,-0.012792
43,45,0.417353,-0.216612,0.737253,-0.969103,-0.012792
43,46,-3.497058,-2.114676,-1.298532,0.293502,-0.012792
43,47,-0.258677,-0.774125,0.179037,-0.811243,-0.012792
43,48,-0.546464,-0.463189,0.878909,0.202921,-0.012792
43,49,0.922994,-0.946395,1.538525,0.258902,-0.012792
43,50,-1.017466,-0.185727,-0.283344,-1.472471,-0.012792
43,51,1.570907,-0.944665,-1.333453,1.790436,-0.012792
43,52,1.292454,-1.936153,-1.439066,0.964774,-0.012792
43,53,2.856837,1.366447,-0.781516,-0.688679,-0.012792
43,54,0.835734,-1.055654,0.886609,-1.781330,-0.012792
43,55,-3.702131,-1.142568,-1.418186,1.064047,-0.012792
43,56,0.216073,-2.076787,1.953711,0.011075,-0.012792
43,57,-1.018214,-1.083142,1.225480,-0.593595,-0.012792
43,58,-1.735592,-0.205926,0.844576,2.099771,-0.012792
43,59,2.589579,-0.231945,1.804934,-1.041247,-0.012792
43,60,-1.199127,0.179802,0.302492,-1.356237,-0.012792
43,61,-1.119218,-1.928632,-1.639108,-1.783144,-0.012792
43,62,-3.870303,-1.763494,-0.603750,-0.658667,-0.012792
43,63,-4.626019,-0.419134,1.384673,-0.547018,-0.012792
43,64,-2.432559,1.225738,1.359608,0.952282,-0.012792
43,65,-0.924368,0.206667,1.634027,-1.391703,-0.012792
43,66,-1.095704,0.133756,0.122222,-1.177549,-0.012792
43,67,0.016700,2.239519,-1.453923,-0.188598,-0.012792
43,68,-0.887041,0.525801,1.129074,-0.368680,-0.012792
43,69,0.620458,-0.068578,-0.646619,-0.514239,-0.012792
43,70,-0.478313,-1.385026,-0.139985,1.108962,-0.012792
43,71,2.539819,-0.953997,0.448941,-0.270160,-0.012792
43,72,-0.578988,-1.613270,3.108560,0.059675,-0.012792
43,73,-0.436043,-0.814490,1.618814,-0.407164,-0.012792
43,74,-0.555438,-1.250192,1.730134,0.011382,-0.012792
43,75,1.659962,-0.034652,-1.509833,-1.334316,-0.012792
43,76,0.095550,-0.042016,-1.838901,0.927866,-0.012792
43,77,2.242053,0.656664,0.330283,-0.259752,-0.012792
43,78,0.289162,-0.769133,0.178045,-0.021734,-0.012792
43,79,-0.637731,-2.174495,-1.814128,-1.560625,-0.012792
43,80,-1.942497,0.631386,-0.813672,-2.440078,-0.012792
43,81,-2.704736,-0.480505,0.155990,0.181691,-0.012792
43,82,-2.012657,0.982936,-0.489767,-1.290138,-0.012792
43,83,-2.215755,-0.070243,-0.865160,-0.452740,-0.012792
43,84,-0.996766,0.037760,-1.816853,0.667909,-0.012792
43,85,1.140795,-1.098866,-0.344374,0.818869,-0.012792
43,86,1.220858,-1.845443,0.780054,0.574328,-0.012792
43,87,-0.278806,-1.737837,1.194449,2.284037,-0.012792
43,88,0.452654,-0.834215,2.480848,-0.696949,-0.012792
43,89,-0.919992,-1.344673,2.415357,0.026799,-0.012792
43,90,0.152825,-1.376868,0.860203,-1.153732,-0.012792
43,91,0.004721,-0.010280,-0.776607,0.443082,-0.012792
43,92,1.525337,1.537190,1.573149,0.547716,-0.012792
43,93,2.459290,1.248094,-0.296910,1.199799,-0.012792
43,94,1.322317,0.680786,0.507865,1.982064,-0.012792
43,95,3.643215,-0.096620,0.399898,1.071101,-0.012792
43,96,0.898764,-0.175307,0.372729,0.173541,-0.012792
43,97,2.606677,1.455382,1.001569,0.869514,-0.012792
43,98,1.908827,0.796860,1.296139,1.292221,-0.012792
43,99,1.807823,-0.461848,-0.846220,-1.122948,-0.012792
43,100,1.351047,0.754610,-1.654468,-0.934962,-0.012792
44,1,-0.111685,0.916028,-1.663827,0.333476,0.518401
44,2,0.218800,0.216680,-0.933364,0.584014,0.518401
44,3,0.940666,-0.796429,0.312172,-1.388291,0.518401
44,4,-1.106895,1.141955,-0.734197,0.810000,0.518401
44,5,-0.265993,-0.119942,1.204002,0.151594,0.518401
44,6,0.836508,0.851865,1.948343,1.022595,0.518401
44,7,1.227718,-0.189114,1.024498,-0.117351,0.518401
44,8,-1.158719,-0.499435,-0.049927,-0.490622,0.518401
44,9,-1.698781,-0.900606,0.786374,-1.258330,0.518401
44,10,-4.017258,0.570974,1.003491,2.127403,0.518401
44,11,0.313655,-0.420198,1.037035,-1.508148,0.518401
44,12,-1.585925,-2.062291,0.928581,0.027584,0.518401
44,13,0.328205,-0.039985,2.502235,2.576277,0.518401
44,14,0.235439,-1.525127,2.953426,1.661878,0.518401
44,15,1.251728,0.369962,3.555916,0.861817,0.518401
44,16,0.819580,-0.288933,1.949422,-0.249913,0.518401
44,17,-0.276586,-1.172292,0.665367,-0.865165,0.518401
44,18,-1.528211,-1.531179,-0.543126,-0.656006,0.518401
44,19,-2.025703,-0.620178,-1.072478,-0.818622,0.518401
44,20,-1.653451,1.248089,2.327204,-0.776433,0.518401
44,21,-4.520530,-0.418459,0.547708,-1.476558,0.518401
44,22,-2.491171,-0.061096,0.327590,0.119911,0.518401
44,23,-0.439389,0.661348,2.060798,1.290288,0.518401
44,24,0.100704,-0.518306,0.720739,-1.499601,0.518401
44,25,-2.427248,-1.346948,-0.184250,1.387766,0.518401
44,26,0.621969,-0.580225,0.119041,-0.870553,0.518401
44,27,1.491303,0.025361,0.397439,1.183559,0.518401
44,28,0.486199,-0.553652,2.320008,-0.963356,0.518401
44,29,1.780895,-0.704299,1.496063,-2.362001,0.518401
44,30,-0.735160,0.697000,2.419424,-0.083053,0.518401
44,31,-0.889754,-0.490637,2.174769,-0.797793,0.518401
44,32,0.220117,-0.131642,0.390858,-0.133292,0.518401
44,33,0.053859,-1.366724,-0.121501,-1.452881,0.518401
44,34,-1.610352,-1.024732,0.217969,-0.741061,0.518401
44,35,-3.096336,-0.428507,1.274143,-0.085386,0.518401
44,36,-1.385555,0.702366,-0.173921,-0.971242,0.518401
44,37,-1.120675,0.560719,1.518906,-1.679783,0.518401
44,38,-2.395644,1.682147,-1.101461,-0.251268,0.518401
44,39,1.029052,1.398732,0.104725,-0.938624,0.518401
44,40,0.710309,2.273194,-0.120226,-0.426238,0.518401
44,41,-1.338693,1.876552,-2.413969,-1.653327,0.518401
44,42,0.283735,-2.054389,-2.322656,-1.131426,0.518401
44,43,-0.948222,0.149832,-2.234099,0.267305,0.518401
44,44,0.371747,0.698924,0.230921,-0.393017,0.518401
44,45,-0.139971,-0.359464,1.943548,-0.969103,0.518401
44,46,-2.007619,-0.488335,-1.389420,0.293502,0.518401
44,47,-1.173700,-1.150736,2.822582,-0.811243,0.518401
44,48,-1.373393,-0.325582,0.981052,0.202921,0.518401
44,49,0.167539,0.153173,0.519981,0.258902,0.518401
44,50,-1.645289,-0.677931,0.172839,-1.472471,0.518401
44,51,-0.018664,0.641466,-0.672654,1.790436,0.518401
44,52,2.182658,1.513417,0.857378,0.964774,0.518401
44,53,2.566759,2.178227,1.228158,-0.688679,0.518401
44,54,1.807905,2.542863,0.036779,-1.781330,0.518401
44,55,-2.416612,-0.026585,-3.292330,1.064047,0.518401
44,56,1.608970,0.584892,-1.813087,0.011075,0.518401
44,57,-0.649693,-1.757390,-0.377183,-0.593595,0.518401
44,58,-0.417620,-0.326934,-1.661025,2.099771,0.518401
44,59,3.298282,1.914598,0.423459,-1.041247,0.518401
44,60,-2.437356,0.476269,1.006235,-1.356237,0.518401
44,61,-2.546259,-0.198492,-0.299384,-1.783144,0.518401
44,62,-1.380266,1.136043,-1.295460,-0.658667,0.518401
44,63,-1.883878,0.330437,0.399060,-0.547018,0.518401
44,64,-1.684799,-0.438912,-0.758077,0.952282,0.518401
44,65,-0.204710,0.468988,0.139001,-1.391703,0.518401
44,66,-1.495438,0.517255,0.185602,-1.177549,0.518401
44,67,-2.702378,-1.372161,-1.173165,-0.188598,0.518401
44,68,-0.533500,0.295696,-0.398931,-0.368680,0.518401
44,69,-0.769849,0.969667,0.146777,-0.514239,0.518401
44,70,-2.433594,0.804526,-0.158172,1.108962,0.518401
44,71,0.190722,0.986447,0.388514,-0.270160,0.518401
44,72,-1.703031,-0.931396,-0.523233,0.059675,0.518401
44,73,-0.678846,-0.111691,1.073606,-0.407164,0.518401
44,74,-0.374553,0.050891,-0.481836,0.011382,0.518401
44,75,-2.276673,-0.203683,1.849502,-1.334316,0.518401
44,76,-0.748975,0.430814,1.348868,0.927866,0.518401
44,77,0.154319,-0.948942,2.079489,-0.259752,0.518401
44,78,-0.565444,0.784617,1.261680,-0.021734,0.518401
44,79,-0.586658,-1.458323,0.806537,-1.560625,0.518401
44,80,0.888728,0.272722,-0.660915,-2.440078,0.518401
44,81,-2.015802,-1.638507,-0.207968,0.181691,0.518401
44,82,-0.202408,-2.508706,1.826990,-1.290138,0.518401
44,83,-2.345075,-3.091310,1.668542,-0.452740,0.518401
44,84,-1.777714,0.708958,0.999466,0.667909,0.518401
44,85,0.771516,0.218137,1.695112,0.818869,0.518401
44,86,0.497593,-1.434790,2.728957,0.574328,0.518401
44,87,1.561804,-2.313925,1.642390,2.284037,0.518401
44,88,2.394833,-2.990118,3.216913,-0.696949,0.518401
44,89,-0.346528,-1.118310,1.878490,0.026799,0.518401
44,90,0.939892,0.686401,-0.103752,-1.153732,0.518401
44,91,0.018616,0.714825,-2.105151,0.443082,0.518401
44,92,-0.165054,-0.615954,-1.840272,0.547716,0.518401
44,93,1.848850,2.130091,-1.122643,1.199799,0.518401
44,94,0.838494,0.661017,1.079632,1.982064,0.518401
44,95,2.152464,-0.240322,0.751236,1.071101,0.518401
44,96,0.938295,-0.082880,0.547425,0.173541,0.518401
44,97,1.528275,1.414335,1.075176,0.869514,0.518401
44,98,0.186707,-0.195061,1.216965,1.292221,0.518401
44,99,0.402790,1.048458,1.669388,-1.122948,0.518401
44,100,0.201895,1.344911,0.715786,-0.934962,0.518401
45,1,-2.077146,1.382546,1.031326,0.333476,0.097378
45,2,-0.016910,-0.280703,0.420664,0.584014,0.097378
45,3,0.690685,0.506793,-2.101294,-1.388291,0.097378
45,4,-1.459032,1.354038,-2.026727,0.810000,0.097378
45,5,0.837818,-0.196083,1.775120,0.151594,0.097378
45,6,-0.464670,0.227209,-0.154410,1.022595,0.097378
45,7,0.152182,1.190073,1.458022,-0.117351,0.097378
45,8,0.311314,-0.706748,1.000373,-0.490622,0.097378
45,9,-2.916928,-2.763821,0.550458,-1.258330,0.097378
45,10,-2.363449,-0.630052,-0.253412,2.127403,0.097378
45,11,1.733996,-1.498473,2.102564,-1.508148,0.097378
45,12,-0.490701,0.371960,0.838371,0.027584,0.097378
45,13,0.785179,-0.440304,0.352693,2.576277,0.097378
45,14,3.137755,-0.369501,2.349711,1.661878,0.097378
45,15,3.003701,0.871016,1.953868,0.861817,0.097378
45,16,2.119678,2.521558,0.321132,-0.249913,0.097378
45,17,1.338088,-0.281199,-1.385236,-0.865165,0.097378
45,18,-2.960335,0.001942,-1.820534,-0.656006,0.097378
45,19,-3.185470,0.331101,-0.771213,-0.818622,0.097378
45,20,-1.605303,0.622142,-1.748958,-0.776433,0.097378
45,21,-0.273096,-0.559630,0.713253,-1.476558,0.097378
45,22,0.063249,-1.852978,0.682199,0.119911,0.097378
45,23,1.057410,-1.173761,-0.600120,1.290288,0.097378
45,24,1.055578,0.518437,2.342469,-1.499601,0.097378
45,25,-2.584107,-0.044419,0.073909,1.387766,0.097378
45,26,-0.567122,-1.017023,0.346938,-0.870553,0.097378
45,27,1.650341,-1.140300,-2.169962,1.183559,0.097378
45,28,1.926153,0.893823,0.152987,-0.963356,0.097378
45,29,0.994279,0.285955,1.285905,-2.362001,0.097378
45,30,-2.790120,2.500481,-1.296976,-0.083053,0.097378
45,31,-0.829469,-0.886664,-0.487238,-0.797793,0.097378
45,32,-0.940083,-0.004876,-2.227582,-0.133292,0.097378
45,33,1.502717,-0.361495,-1.693559,-1.452881,0.097378
45,34,-0.012936,-1.737107,-1.082191,-0.741061,0.097378
45,35,-0.485066,1.167289,0.023021,-0.085386,0.097378
45,36,-0.356770,3.279976,1.357245,-0.971242,0.097378
45,37,-0.345288,2.374956,-0.257162,-1.679783,0.097378
45,38,-2.655278,2.128226,-2.500903,-0.251268,0.097378
45,39,-0.401013,-0.056090,-2.711916,-0.938624,0.097378
45,40,-0.194464,0.789846,-3.391029,-0.426238,0.097378
45,41,0.851498,1.303019,-2.306219,-1.653327,0.097378
45,42,-2.325957,1.106947,-2.896931,-1.131426,0.097378
45,43,-1.040793,-0.257113,-3.353575,0.267305,0.097378
45,44,1.874383,-1.505223,-2.055341,-0.393017,0.097378
45,45,0.017538,0.545336,-0.941622,-0.969103,0.097378
45,46,-2.178568,-0.566100,0.251195,0.293502,0.097378
45,47,-2.872133,-0.599328,-0.897982,-0.811243,0.097378
45,48,-2.209192,0.114201,0.258680,0.202921,0.097378
45,49,-0.429241,-0.503481,1.388743,0.258902,0.097378
45,50,-0.392908,-1.553385,1.782825,-1.472471,0.097378
45,51,-0.485021,-0.080414,-0.838480,1.790436,0.097378
45,52,1.233083,-1.411937,1.774738,0.964774,0.097378
45,53,0.832197,-0.553719,1.389848,-0.688679,0.097378
45,54,-1.138282,-1.326972,-0.098476,-1.781330,0.097378
45,55,-4.714154,-1.045666,-0.464586,1.064047,0.097378
45,56,-0.388388,-1.966442,0.768419,0.011075,0.097378
45,57,-1.058879,-0.772130,-0.451308,-0.593595,0.097378
45,58,-1.216386,1.066938,0.412688,2.099771,0.097378
45,59,0.954431,1.211466,2.299258,-1.041247,0.097378
45,60,-3.607332,0.103713,-0.799370,-1.356237,0.097378
45,61,-1.705608,-1.820153,-4.189368,-1.783144,0.097378
45,62,-2.893693,-0.733874,-3.156600,-0.658667,0.097378
45,63,-2.659220,-1.613788,-0.514600,-0.547018,0.097378
45,64,-0.560004,0.211205,0.941006,0.952282,0.097378
45,65,0.492522,0.257499,3.180578,-1.391703,0.097378
45,66,-0.919761,1.335512,1.165090,-1.177549,0.097378
45,67,-2.348767,1.436002,-0.915977,-0.188598,0.097378
45,68,-0.044245,-0.880251,-0.635872,-0.368680,0.097378
45,69,-0.932138,0.726112,0.814616,-0.514239,0.097378
45,70,-0.962370,0.673233,-0.483438,1.108962,0.097378
45,71,-0.103203,-0.326266,-1.155096,-0.270160,0.097378
45,72,-0.012528,-0.397668,-0.853741,0.059675,0.097378
45,73,-0.921206,-0.074504,1.221156,-0.407164,0.097378
45,74,0.787022,0.372552,0.640293,0.011382,0.097378
45,75,-1.509289,1.271813,-0.586173,-1.334316,0.097378
45,76,1.191565,-0.859802,-1.119398,0.927866,0.097378
45,77,-0.113957,1.524524,-0.817146,-0.259752,0.097378
45,78,-1.068028,0.009492,1.082851,-0.021734,0.097378
45,79,-2.122252,0.091734,-0.847560,-1.560625,0.097378
45,80,-0.163328,-0.710545,0.083144,-2.440078,0.097378
45,81,-4.639729,0.071417,0.034121,0.181691,0.097378
45,82,-1.891646,-1.691959,1.384872,-1.290138,0.097378
45,83,-1.794255,-2.460235,-1.980634,-0.452740,0.097378
45,84,-0.676601,-1.568009,-0.600387,0.667909,0.097378
45,85,-1.258283,-0.560999,1.571033,0.818869,0.097378
45,86,-1.101023,-2.488596,1.819803,0.574328,0.097378
45,87,-0.766287,-0.388729,0.433272,2.284037,0.097378
45,88,0.915985,-1.049340,0.759963,-0.696949,0.097378
45,89,-0.106600,0.501559,1.048036,0.026799,0.097378
45,90,-1.067780,-0.288823,1.725736,-1.153732,0.097378
45,91,0.050444,1.188892,-0.011951,0.443082,0.097378
45,92,-0.108046,0.891263,-1.129821,0.547716,0.097378
45,93,0.056222,1.844400,-1.143506,1.199799,0.097378
45,94,-0.150095,0.254696,-0.076747,1.982064,0.097378
45,95,1.379374,0.042892,-0.442320,1.071101,0.097378
45,96,-0.772277,1.123089,0.607791,0.173541,0.097378
45,97,0.338543,0.859242,-1.344196,0.869514,0.097378
45,98,0.101267,-0.042843,-1.183341,1.292221,0.097378
45,99,2.189314,1.869706,-0.292354,-1.122948,0.097378
45,100,0.060646,1.536547,-0.807184,-0.934962,0.097378
46,1,-2.768611,-0.035798,-0.658491,0.333476,-1.268889
46,2,-0.856441,0.236695,-0.773903,0.584014,-1.268889
46,3,1.050059,1.266302,0.107842,-1.388291,-1.268889
46,4,-0.937653,0.832120,-2.457064,0.810000,-1.268889
46,5,0.014556,1.050242,-2.534952,0.151594,-1.268889
46,6,1.014056,1.681753,-2.694971,1.022595,-1.268889
46,7,1.564517,0.713424,-0.566375,-0.117351,-1.268889
46,8,0.515669,0.240853,-1.821859,-0.490622,-1.268889
46,9,-0.200673,-1.574452,-0.750317,-1.258330,-1.268889
46,10,-0.789356,1.071355,-0.684106,2.127403,-1.268889
46,11,0.825089,0.629145,0.020304,-1.508148,-1.268889
46,12,-2.144272,-0.096954,-1.011944,0.027584,-1.268889
46,13,0.974165,2.334900,-1.604612,2.576277,-1.268889
46,14,2.531851,0.083248,1.897076,1.661878,-1.268889
46,15,1.877562,-0.063110,-0.591695,0.861817,-1.268889
46,16,3.475204,-1.250103,0.348296,-0.249913,-1.268889
46,17,1.124032,-1.032902,-0.845956,-0.865165,-1.268889
46,18,-1.536293,-0.393821,0.774498,-0.656006,-1.268889
46,19,-1.274135,-1.879199,0.671024,-0.818622,-1.268889
46,20,-1.600140,-0.871144,-0.297215,-0.776433,-1.268889
46,21,-2.377910,-1.064501,0.332261,-1.476558,-1.268889
46,22,-1.796310,-1.815787,-2.886560,0.119911,-1.268889
46,23,-0.368651,-0.565575,-1.131452,1.290288,-1.268889
46,24,0.854551,-1.637239,-1.994758,-1.499601,-1.268889
46,25,-2.348473,-1.067757,-3.122174,1.387766,-1.268889
46,26,-0.157682,-2.167439,-2.058697,-0.870553,-1.268889
46,27,-2.106954,1.793860,-2.363220,1.183559,-1.268889
46,28,2.158144,-0.126536,0.121238,-0.963356,-1.268889
46,29,0.653947,0.342709,-2.650476,-2.362001,-1.268889
46,30,-2.425716,-0.600592,-3.972891,-0.083053,-1.268889
46,31,-1.414733,-1.535148,-2.313225,-0.797793,-1.268889
46,32,1.114523,-0.469345,-1.932525,-0.133292,-1.268889
46,33,0.649637,-0.387180,-1.865494,-1.452881,-1.268889
46,34,-1.186121,1.417887,-2.050013,-0.741061,-1.268889
46,35,0.909863,2.092749,-3.618865,-0.085386,-1.268889
46,36,-0.598619,-0.409737,-2.472194,-0.971242,-1.268889
46,37,0.450792,-0.124904,-3.440394,-1.679783,-1.268889
46,38,-2.497119,0.829631,-1.812446,-0.251268,-1.268889
46,39,0.792957,0.396076,-0.279574,-0.938624,-1.268889
46,40,-0.092644,0.999415,-2.418147,-0.426238,-1.268889
46,41,-1.273675,1.748157,-5.096195,-1.653327,-1.268889
46,42,-1.847147,2.618237,-4.860200,-1.131426,-1.268889
46,43,0.812424,1.379832,-2.076527,0.267305,-1.268889
46,44,1.509113,-0.611309,-3.173558,-0.393017,-1.268889
46,45,0.505422,0.330844,-1.581636,-0.969103,-1.268889
46,46,-1.858870,0.502804,-2.974979,0.293502,-1.268889
46,47,-1.635505,-0.825715,-2.648236,-0.811243,-1.268889
46,48,-2.911857,0.740415,-1.896572,0.202921,-1.268889
46,49,-0.010835,0.345775,-0.272911,0.258902,-1.268889
46,50,1.597642,-0.055884,-1.816415,-1.472471,-1.268889
46,51,-0.508129,-0.000926,-3.033855,1.790436,-1.268889
46,52,-1.261170,0.509334,-1.688416,0.964774,-1.268889
46,53,-0.310188,-0.323450,0.430668,-0.688679,-1.268889
46,54,-0.130995,-0.583731,-1.112932,-1.781330,-1.268889
46,55,-3.434348,-0.776839,-1.444215,1.064047,-1.268889
46,56,-1.742361,-0.462990,-1.263494,0.011075,-1.268889
46,57,-2.202913,-0.893716,-0.616007,-0.593595,-1.268889
46,58,-1.862112,1.022760,-0.235860,2.099771,-1.268889
46,59,0.841525,1.201346,-0.184819,-1.041247,-1.268889
46,60,-0.755111,-1.032701,-3.090451,-1.356237,-1.268889
46,61,-3.916440,-1.123531,-4.565653,-1.783144,-1.268889
46,62,-2.470803,0.198738,-2.491000,-0.658667,-1.268889
46,63,-2.734507,1.469194,-2.344889,-0.547018,-1.268889
46,64,0.006657,0.405656,-2.360142,0.952282,-1.268889
46,65,2.162926,1.319808,-0.909006,-1.391703,-1.268889
46,66,0.986255,0.759206,-1.043045,-1.177549,-1.268889
46,67,-1.095036,2.381439,-2.594227,-0.188598,-1.268889
46,68,-1.470258,1.044925,-2.419269,-0.368680,-1.268889
46,69,-3.100394,1.251194,-2.575168,-0.514239,-1.268889
46,70,-1.453821,1.089947,-4.167354,1.108962,-1.268889
46,71,0.475964,-0.189048,-2.049110,-0.270160,-1.268889
46,72,0.444973,-0.806368,-1.817322,0.059675,-1.268889
46,73,1.677081,0.044261,-0.451965,-0.407164,-1.268889
46,74,0.897867,0.360303,-2.159551,0.011382,-1.268889
46,75,1.404663,-0.700043,-1.650269,-1.334316,-1.268889
46,76,0.817562,-0.368505,-2.362645,0.927866,-1.268889
46,77,0.738874,-1.506976,0.236386,-0.259752,-1.268889
46,78,-0.276781,0.980654,-0.274002,-0.021734,-1.268889
46,79,-0.646237,1.451577,-1.175576,-1.560625,-1.268889
46,80,0.700010,0.084758,-0.859596,-2.440078,-1.268889
46,81,-2.229035,-1.332552,-1.704336,0.181691,-1.268889
46,82,-3.866293,-1.014195,-2.354367,-1.290138,-1.268889
46,83,-2.067121,-1.069817,-0.185736,-0.452740,-1.268889
46,84,-2.495971,-2.701032,-0.283139,0.667909,-1.268889
46,85,-2.280280,-0.927572,-0.405077,0.818869,-1.268889
46,86,-0.609553,-2.180101,0.767746,0.574328,-1.268889
46,87,-0.206035,-2.060063,0.896432,2.284037,-1.268889
46,88,-0.056143,-1.560414,2.428238,-0.696949,-1.268889
46,89,0.032991,-0.256074,-1.444908,0.026799,-1.268889
46,90,-0.308850,0.344760,-0.157606,-1.153732,-1.268889
46,91,-1.577479,0.746041,-1.940449,0.443082,-1.268889
46,92,0.608557,1.482444,1.199656,0.547716,-1.268889
46,93,-0.323566,1.307805,-1.310472,1.199799,-1.268889
46,94,0.626742,-0.344814,0.216757,1.982064,-1.268889
46,95,4.356610,1.484791,0.217371,1.071101,-1.268889
46,96,2.308939,-1.802059,2.495381,0.173541,-1.268889
46,97,0.603214,-0.563047,-1.384149,0.869514,-1.268889
46,98,-0.205461,0.545549,-0.230031,1.292221,-1.268889
46,99,1.871838,-0.225325,0.692186,-1.122948,-1.268889
46,100,0.436370,0.844419,-1.763799,-0.934962,-1.268889
47,1,1.078880,-0.506054,-1.203356,0.333476,-1.653212
47,2,-0.265844,-0.581514,-2.761942,0.584014,-1.653212
47,3,-0.762949,-0.500749,-0.834377,-1.388291,-1.653212
47,4,-1.700319,-0.361264,-0.743578,0.810000,-1.653212
47,5,0.467604,-0.767693,0.057394,0.151594,-1.653212
47,6,0.440579,-0.077605,0.849400,1.022595,-1.653212
47,7,1.830017,0.169317,0.381326,-0.117351,-1.653212
47,8,1.562132,-0.413186,-1.674076,-0.490622,-1.653212
47,9,0.850868,-1.034677,-2.067750,-1.258330,-1.653212
47,10,-1.770824,-0.249334,-2.035509,2.127403,-1.653212
47,11,2.651984,0.436025,-0.538368,-1.508148,-1.653212
47,12,0.531081,-0.656846,-1.126760,0.027584,-1.653212
47,13,-0.342380,0.617990,-0.895034,2.576277,-1.653212
47,14,1.443269,-0.928423,2.018986,1.661878,-1.653212
47,15,-0.623656,-1.495216,-0.666239,0.861817,-1.653212
47,16,2.207199,-0.891149,1.594889,-0.249913,-1.653212
47,17,0.486543,-1.094686,1.131720,-0.865165,-1.653212
47,18,-2.481761,-0.853526,-2.052704,-0.656006,-1.653212
47,19,-1.759549,-0.101808,-2.213299,-0.818622,-1.653212
47,20,-1.393450,1.874730,-1.889401,-0.776433,-1.653212
47,21,-2.716182,-2.005119,-1.996056,-1.476558,-1.653212
47,22,-1.768910,0.746838,-1.610610,0.119911,-1.653212
47,23,-1.404049,-1.232102,-1.151279,1.290288,-1.653212
47,24,1.784260,-0.346248,-2.846786,-1.499601,-1.653212
47,25,-0.695161,-0.299737,-2.239738,1.387766,-1.653212
47,26,1.665747,-0.728184,-1.995291,-0.870553,-1.653212
47,27,0.951594,-1.620044,0.268806,1.183559,-1.653212
47,28,0.893112,-0.592074,-0.019147,-0.963356,-1.653212
47,29,0.319182,0.854140,0.001750,-2.362001,-1.653212
47,30,-2.360849,0.315487,-2.240851,-0.083053,-1.653212
47,31,-0.408982,-0.653908,-1.189126,-0.797793,-1.653212
47,32,-1.377619,-0.104858,-3.526905,-0.133292,-1.653212
47,33,-0.529934,1.533681,-1.565210,-1.452881,-1.653212
47,34,-2.388618,1.053297,-3.650402,-0.741061,-1.653212
47,35,-2.155014,1.704011,-4.325094,-0.085386,-1.653212
47,36,-1.235318,0.446402,-2.086749,-0.971242,-1.653212
47,37,-1.354890,-1.319690,-3.191447,-1.679783,-1.653212
47,38,-2.801518,-0.587566,-3.202930,-0.251268,-1.653212
47,39,-0.260113,-0.468627,-0.419395,-0.938624,-1.653212
47,40,-0.456593,-0.583450,-0.971027,-0.426238,-1.653212
47,41,0.159178,0.287944,-1.681514,-1.653327,-1.653212
47,42,0.359397,-0.727136,-2.876322,-1.131426,-1.653212
47,43,-1.711595,-0.350524,-0.771288,0.267305,-1.653212
47,44,-0.504075,0.649104,-0.597042,-0.393017,-1.653212
47,45,-0.357075,1.950631,-1.846254,-0.969103,-1.653212
47,46,-1.714567,-0.809343,-3.140867,0.293502,-1.653212
47,47,-0.545181,-0.852569,-2.580964,-0.811243,-1.653212
47,48,-0.855552,-1.548864,-1.509453,0.202921,-1.653212
47,49,0.120679,0.605698,-1.680959,0.258902,-1.653212
47,50,-0.982488,-0.456286,-0.230254,-1.472471,-1.653212
47,51,-0.060633,-0.214351,-2.189273,1.790436,-1.653212
47,52,0.644938,-0.322811,-1.176971,0.964774,-1.653212
47,53,1.007625,-1.432404,-1.117876,-0.688679,-1.653212
47,54,1.445307,-0.998985,-1.682029,-1.781330,-1.653212
47,55,-0.813642,-0.393677,-0.775433,1.064047,-1.653212
47,56,-0.162726,-1.252136,1.441967,0.011075,-1.653212
47,57,-2.540808,-1.119236,0.599819,-0.593595,-1.653212
47,58,-3.637286,-0.150778,-0.712741,2.099771,-1.653212
47,59,0.163089,-1.273242,0.809729,-1.041247,-1.653212
47,60,-0.914733,1.117267,-1.861493,-1.356237,-1.653212
47,61,-1.938415,1.243353,-2.722449,-1.783144,-1.653212
47,62,-5.516972,2.387947,-3.069866,-0.658667,-1.653212
47,63,-2.367357,-0.054001,-2.685587,-0.547018,-1.653212
47,64,-1.619872,-2.169348,-2.233750,0.952282,-1.653212
47,65,0.708337,-1.023407,-0.906142,-1.391703,-1.653212
47,66,-1.326609,0.017986,-1.069604,-1.177549,-1.653212
47,67,-1.073945,1.265750,-1.886044,-0.188598,-1.653212
47,68,-0.679044,-0.980894,-1.468287,-0.368680,-1.653212
47,69,-0.688229,-0.078772,-2.121387,-0.514239,-1.653212
47,70,-2.764546,-0.644260,-2.425994,1.108962,-1.653212
47,71,0.745127,0.079305,-0.487588,-0.270160,-1.653212
47,72,-0.643681,-1.669289,-0.179822,0.059675,-1.653212
47,73,1.784426,-1.552966,0.225406,-0.407164,-1.653212
47,74,-0.575131,-1.551383,-0.979544,0.011382,-1.653212
47,75,1.181429,-0.803015,1.442436,-1.334316,-1.653212
47,76,0.226880,0.477891,-0.906559,0.927866,-1.653212
47,77,-0.279392,0.754070,0.415678,-0.259752,-1.653212
47,78,-1.445895,0.852632,0.370055,-0.021734,-1.653212
47,79,-1.910484,-1.557348,0.622302,-1.560625,-1.653212
47,80,-2.345062,-0.467033,-0.239090,-2.440078,-1.653212
47,81,-4.080863,-1.209545,-2.548037,0.181691,-1.653212
47,82,-2.308636,-0.460249,-2.778243,-1.290138,-1.653212
47,83,-2.026784,1.427459,-2.528991,-0.452740,-1.653212
47,84,-3.425377,1.169118,-2.465228,0.667909,-1.653212
47,85,-1.447571,-0.268761,-2.130987,0.818869,-1.653212
47,86,-1.664814,0.224093,-2.312118,0.574328,-1.653212
47,87,-0.893344,0.785034,-1.464935,2.284037,-1.653212
47,88,-0.343553,-0.594618,-0.451172,-0.696949,-1.653212
47,89,-1.723927,0.085456,0.027234,0.026799,-1.653212
47,90,-2.193985,-0.157493,-0.912699,-1.153732,-1.653212
47,91,-0.536363,-0.759693,-3.585138,0.443082,-1.653212
47,92,-0.065694,1.294297,-1.476550,0.547716,-1.653212
47,93,0.678745,0.190746,-2.396771,1.199799,-1.653212
47,94,2.380533,0.824242,0.709325,1.982064,-1.653212
47,95,3.199177,-4.367231,0.651508,1.071101,-1.653212
47,96,0.893794,-2.384965,-2.323323,0.173541,-1.653212
47,97,3.329238,0.058513,-0.570184,0.869514,-1.653212
47,98,1.326248,-0.553197,0.617553,1.292221,-1.653212
47,99,2.521623,-0.036010,-0.413089,-1.122948,-1.653212
47,100,-0.367444,0.150743,-0.608754,-0.934962,-1.653212
48,1,-0.254590,2.063261,0.705968,0.333476,0.191024
48,2,-0.499411,0.570442,0.539390,0.584014,0.191024
48,3,0.985790,0.537809,-0.748838,-1.388291,0.191024
48,4,0.221385,0.998502,-2.930233,0.810000,0.191024
48,5,0.044948,-1.044096,-0.856050,0.151594,0.191024
48,6,-1.440649,2.454454,-1.991284,1.022595,0.191024
48,7,-0.363103,2.034266,0.050264,-0.117351,0.191024
48,8,0.116619,-0.601379,-1.532551,-0.490622,0.191024
48,9,-0.579370,0.105191,-0.553261,-1.258330,0.191024
48,10,-1.015763,0.565775,-2.386888,2.127403,0.191024
48,11,1.648318,1.063861,0.373944,-1.508148,0.191024
48,12,-1.369154,-0.650220,-1.990177,0.027584,0.191024
48,13,1.093348,0.168063,1.781882,2.576277,0.191024
48,14,1.152711,-0.968225,2.755903,1.661878,0.191024
48,15,0.184092,-0.724799,3.180008,0.861817,0.191024
48,16,1.422495,-1.148340,2.654220,-0.249913,0.191024
48,17,-1.730667,-1.098087,1.619079,-0.865165,0.191024
48,18,-2.556235,-1.451616,0.837276,-0.656006,0.191024
48,19,-2.542578,-1.197363,-0.204210,-0.818622,0.191024
48,20,-1.022895,-0.043618,-0.337678,-0.776433,0.191024
48,21,-2.958118,-0.963172,0.873258,-1.476558,0.191024
48,22,-3.401125,-0.075765,-0.137380,0.119911,0.191024
48,23,0.059155,-0.170979,1.642221,1.290288,0.191024
48,24,-0.775548,1.175779,1.767121,-1.499601,0.191024
48,25,-2.720959,-0.732606,-0.264991,1.387766,0.191024
48,26,0.129204,-0.884256,1.067212,-0.870553,0.191024
48,27,0.518253,0.215780,0.737355,1.183559,0.191024
48,28,0.998968,1.560955,-0.120404,-0.963356,0.191024
48,29,-1.713523,4.345141,-1.304040,-2.362001,0.191024
48,30,-4.541922,3.800180,0.011851,-0.083053,0.191024
48,31,-2.263128,0.453599,-0.872831,-0.797793,0.191024
48,32,0.366392,-0.424657,-2.399743,-0.133292,0.191024
48,33,0.376734,-0.415177,-0.623402,-1.452881,0.191024
48,34,-0.654136,0.329274,1.349437,-0.741061,0.191024
48,35,0.774153,1.228683,0.691497,-0.085386,0.191024
48,36,0.142257,0.537425,-1.106410,-0.971242,0.191024
48,37,1.411423,1.355616,0.157092,-1.679783,0.191024
48,38,-1.727241,1.307581,-2.217141,-0.251268,0.191024
48,39,-0.949390,1.249832,-0.909146,-0.938624,0.191024
48,40,-0.043600,-0.369079,-0.453029,-0.426238,0.191024
48,41,-0.265112,0.446340,0.392607,-1.653327,0.191024
48,42,-2.677666,-1.254150,-0.147855,-1.131426,0.191024
48,43,-0.279877,1.208468,-0.350426,0.267305,0.191024
48,44,1.323619,-0.295642,-1.721588,-0.393017,0.191024
48,45,0.144865,-0.404890,-1.934282,-0.969103,0.191024
48,46,-3.950394,-0.773582,0.983348,0.293502,0.191024
48,47,-1.417020,0.709674,0.682052,-0.811243,0.191024
48,48,-2.356472,0.071075,-0.407025,0.202921,0.191024
48,49,0.081190,1.231541,0.695325,0.258902,0.191024
48,50,0.453889,1.650996,0.946081,-1.472471,0.191024
48,51,0.094599,2.692124,-0.760464,1.790436,0.191024
48,52,0.559047,1.149913,0.776440,0.964774,0.191024
48,53,2.348807,-0.730920,-1.460440,-0.688679,0.191024
48,54,0.760398,-1.297058,-1.128427,-1.781330,0.191024
48,55,-2.450209,-1.951970,0.074728,1.064047,0.191024
48,56,-0.878287,-0.896348,1.704146,0.011075,0.191024
48,57,0.152214,-0.660116,1.538934,-0.593595,0.191024
48,58,-1.841824,-1.779415,0.222008,2.099771,0.191024
48,59,1.624814,-2.495153,1.933074,-1.041247,0.191024
48,60,-1.982161,-0.391991,0.838285,-1.356237,0.191024
48,61,-3.466502,-0.454364,1.013565,-1.783144,0.191024
48,62,-3.936986,0.665406,0.928508,-0.658667,0.191024
48,63,-1.164797,-2.250940,0.140049,-0.547018,0.191024
48,64,-0.582240,-1.921529,0.008180,0.952282,0.191024
48,65,1.031951,0.374828,1.293468,-1.391703,0.191024
48,66,-1.909034,1.309130,1.393050,-1.177549,0.191024
48,67,-1.486082,0.017199,0.267242,-0.188598,0.191024
48,68,-1.663587,-0.808765,0.430342,-0.368680,0.191024
48,69,-0.258246,0.583096,-0.282507,-0.514239,0.191024
48,70,-2.199292,-0.467940,0.869026,1.108962,0.191024
48,71,1.561553,-0.498900,-0.173414,-0.270160,0.191024
48,72,-1.998527,-0.691274,-0.328958,0.059675,0.191024
48,73,0.382504,-0.312106,0.038463,-0.407164,0.191024
48,74,-0.130240,-0.713102,0.900462,0.011382,0.191024
48,75,0.256061,1.805292,1.181756,-1.334316,0.191024
48,76,-0.802743,1.846464,0.756043,0.927866,0.191024
48,77,0.520898,1.160150,-1.136271,-0.259752,0.191024
48,78,-1.013115,0.798152,0.135283,-0.021734,0.191024
48,79,-0.858657,2.618900,-0.295975,-1.560625,0.191024
48,80,-3.511086,0.589768,-1.779047,-2.440078,0.191024
48,81,-2.628620,-1.967691,-3.065229,0.181691,0.191024
48,82,-0.393196,-1.318949,-1.435711,-1.290138,0.191024
48,83,0.117233,-1.160768,-0.030250,-0.452740,0.191024
48,84,1.199615,-1.743197,-0.838816,0.667909,0.191024
48,85,0.424441,-0.874176,0.044210,0.818869,0.191024
48,86,1.864264,-0.045618,-0.530267,0.574328,0.191024
48,87,-0.598665,1.600207,-0.235845,2.284037,0.191024
48,88,1.593338,0.080816,2.621084,-0.696949,0.191024
48,89,-0.700062,-0.801641,-0.704100,0.026799,0.191024
48,90,-1.097205,-2.165188,-0.523763,-1.153732,0.191024
48,91,0.096124,-0.741534,0.310925,0.443082,0.191024
48,92,1.033337,-1.136495,2.688599,0.547716,0.191024
48,93,0.941405,-0.845830,2.760332,1.199799,0.191024
48,94,3.855208,-1.274071,2.436733,1.982064,0.191024
48,95,2.270148,0.600001,2.234589,1.071101,0.191024
48,96,-0.625820,0.869477,1.937459,0.173541,0.191024
48,97,1.416955,1.542297,-0.746337,0.869514,0.191024
48,98,0.055396,0.583046,0.555414,1.292221,0.191024
48,99,1.064540,2.343724,0.481056,-1.122948,0.191024
48,100,0.227225,3.481675,-2.126796,-0.934962,0.191024
49,1,1.044037,1.308584,-2.299885,0.333476,-0.452743
49,2,-0.138313,0.311040,-0.341470,0.584014,-0.452743
49,3,0.754012,0.320480,-0.322220,-1.388291,-0.452743
49,4,-1.643631,0.651291,-0.615130,0.810000,-0.452743
49,5,0.600080,1.310603,-0.363722,0.151594,-0.452743
49,6,0.724311,0.862024,-2.270624,1.022595,-0.452743
49,7,2.308022,1.981578,-1.134874,-0.117351,-0.452743
49,8,0.589209,0.893990,-0.529775,-0.490622,-0.452743
49,9,-0.693816,-0.028583,-2.346568,-1.258330,-0.452743
49,10,-1.190310,1.025966,-1.675748,2.127403,-0.452743
49,11,0.129846,0.152417,1.985383,-1.508148,-0.452743
49,12,-1.716974,-0.811928,-1.434366,0.027584,-0.452743
49,13,-0.626380,-1.093794,-1.501612,2.576277,-0.452743
49,14,-0.000808,-0.273338,2.432261,1.661878,-0.452743
49,15,0.626538,-0.676313,2.886732,0.861817,-0.452743
49,16,2.054497,-2.268210,0.745541,-0.249913,-0.452743
49,17,2.349825,-1.286363,1.606890,-0.865165,-0.452743
49,18,0.722759,-0.726794,-0.109353,-0.656006,-0.452743
49,19,-0.357605,-1.157886,-0.388177,-0.818622,-0.452743
49,20,-0.490694,-0.982236,-1.321191,-0.776433,-0.452743
49,21,-2.139206,-2.669146,-0.623906,-1.476558,-0.452743
49,22,-1.842801,1.036773,-2.394065,0.119911,-0.452743
49,23,-0.014600,0.727531,-0.959732,1.290288,-0.452743
49,24,-0.147418,0.124351,-0.144212,-1.499601,-0.452743
49,25,-0.948006,0.682765,-1.257129,1.387766,-0.452743
49,26,-0.442532,-0.080077,-0.047624,-0.870553,-0.452743
49,27,-0.668234,1.527108,-3.016778,1.183559,-0.452743
49,28,0.644873,2.141695,-1.915291,-0.963356,-0.452743
49,29,-0.334446,2.613823,-1.141830,-2.362001,-0.452743
49,30,-2.632408,3.324991,-2.604703,-0.083053,-0.452743
49,31,-1.981021,2.243986,-2.648440,-0.797793,-0.452743
49,32,0.493200,2.497591,-3.024658,-0.133292,-0.452743
49,33,0.575200,-1.561378,-0.894090,-1.452881,-0.452743
49,34,-0.210740,2.286403,-1.577944,-0.741061,-0.452743
49,35,-1.551753,-1.422545,-0.281196,-0.085386,-0.452743
49,36,-1.657242,-0.646130,-0.426548,-0.971242,-0.452743
49,37,-2.384592,-0.125088,-0.863636,-1.679783,-0.452743
49,38,-1.563430,0.808980,-0.924692,-0.251268,-0.452743
49,39,-1.520936,1.442035,-1.782425,-0.938624,-0.452743
49,40,-1.721992,0.875654,-2.352885,-0.426238,-0.452743
49,41,0.289561,0.296923,-2.816839,-1.653327,-0.452743
49,42,0.301707,-0.986699,-2.395507,-1.131426,-0.452743
49,43,-1.310181,-0.445271,-1.409814,0.267305,-0.452743
49,44,0.918403,0.160260,0.711893,-0.393017,-0.452743
49,45,1.960606,-0.185809,0.339179,-0.969103,-0.452743
49,46,0.445150,-1.727754,-0.220717,0.293502,-0.452743
49,47,0.581788,-0.035219,-1.482121,-0.811243,-0.452743
49,48,-0.973574,-0.817178,-0.928206,0.202921,-0.452743
49,49,0.133993,-0.957297,-2.332466,0.258902,-0.452743
49,50,2.286577,-1.044593,-1.712016,-1.472471,-0.452743
49,51,0.288851,1.424361,-1.557950,1.790436,-0.452743
49,52,0.185422,0.536048,1.543185,0.964774,-0.452743
49,53,0.842923,-0.178518,1.495637,-0.688679,-0.452743
49,54,0.176805,0.663107,1.059436,-1.781330,-0.452743
49,55,-2.862412,-0.201085,-0.360486,1.064047,-0.452743
49,56,-0.186235,-1.840848,-0.305420,0.011075,-0.452743
49,57,0.543470,-0.237903,-0.961967,-0.593595,-0.452743
49,58,-0.777960,-0.896413,0.601077,2.099771,-0.452743
49,59,1.928937,-0.904495,0.158408,-1.041247,-0.452743
49,60,-2.289523,0.147909,-1.545685,-1.356237,-0.452743
49,61,-3.851262,-0.448546,-0.186319,-1.783144,-0.452743
49,62,-2.632791,-2.672954,-0.968309,-0.658667,-0.452743
49,63,-1.064670,-1.104802,-1.149563,-0.547018,-0.452743
49,64,-0.321029,0.329497,0.825034,0.952282,-0.452743
49,65,1.747967,-0.376067,1.520505,-1.391703,-0.452743
49,66,-0.059615,0.468612,-1.176320,-1.177549,-0.452743
49,67,-2.492969,-0.778040,-0.016668,-0.188598,-0.452743
49,68,-0.885053,0.562573,-1.178586,-0.368680,-0.452743
49,69,-0.327857,0.870018,-0.063307,-0.514239,-0.452743
49,70,0.471367,0.092454,-0.920769,1.108962,-0.452743
49,71,0.297725,0.922127,-1.200575,-0.270160,-0.452743
49,72,0.287726,1.311393,0.144444,0.059675,-0.452743
49,73,0.384605,0.843124,0.823966,-0.407164,-0.452743
49,74,1.635864,0.198079,-1.148617,0.011382,-0.452743
49,75,0.778359,-0.384558,0.091338,-1.334316,-0.452743
49,76,-0.476222,-0.202480,-0.787466,0.927866,-0.452743
49,77,1.082215,2.143077,-1.559251,-0.259752,-0.452743
49,78,0.251626,0.085501,-1.322714,-0.021734,-0.452743
49,79,-2.257485,0.302332,-2.138146,-1.560625,-0.452743
49,80,-2.332047,2.533561,-1.578667,-2.440078,-0.452743
49,81,-4.132864,2.252558,-3.921286,0.181691,-0.452743
49,82,-1.079377,-0.625809,-2.053401,-1.290138,-0.452743
49,83,-2.237580,-0.625057,-2.644651,-0.452740,-0.452743
49,84,-1.729632,0.466294,-0.282924,0.667909,-0.452743
49,85,0.797422,-0.678344,0.855370,0.818869,-0.452743
49,86,1.515156,-0.888472,1.585845,0.574328,-0.452743
49,87,1.904279,-0.389369,3.951809,2.284037,-0.452743
49,88,0.334746,-0.120344,1.651345,-0.696949,-0.452743
49,89,-1.009676,0.687152,0.291803,0.026799,-0.452743
49,90,-1.354741,-0.393006,-1.566530,-1.153732,-0.452743
49,91,0.149468,1.423147,-0.733112,0.443082,-0.452743
49,92,2.144344,2.692809,0.335481,0.547716,-0.452743
49,93,0.810403,0.546565,0.327331,1.199799,-0.452743
49,94,0.367908,1.685041,-1.522881,1.982064,-0.452743
49,95,2.230238,1.468314,-0.741023,1.071101,-0.452743
49,96,1.217821,1.034239,-0.405189,0.173541,-0.452743
49,97,0.791910,1.164197,-2.434315,0.869514,-0.452743
49,98,-0.070915,-0.674065,-2.441137,1.292221,-0.452743
49,99,2.429627,-0.101781,-0.644601,-1.122948,-0.452743
49,100,0.011542,-0.986581,0.647912,-0.934962,-0.452743
